expenditure_date,payee_name,payee_clean,address,payee_type,amount,committee_name,expense_category,expense_purpose,expense_toward,expense_method,vendor,fundtype,comments,x14
2021-05-27,Facebook,FaceBook,1 Hacker Way  Menlo Park  California 94025,Business/Group/Organization,50,Howard  Seth Citizens To Elect,Media,Online Advertising,NA,Debit Card,NA,Electoral,NA,NA
2021-05-28,Facebook,FaceBook,1 Hacker Way  Menlo Park  California 94025,Business/Group/Organization,50,Howard  Seth Citizens To Elect,Media,Online Advertising,NA,Debit Card,NA,Electoral,NA,NA
2021-05-28,Facebook,FaceBook,1 Hacker Way  Menlo Park  California 94025,Business/Group/Organization,50,Howard  Seth Citizens To Elect,Media,Online Advertising,NA,Debit Card,NA,Electoral,NA,NA
2021-06-21,Facebook,FaceBook,1 Hacker Way  Menlo Park  California 94025,Business/Group/Organization,50,Howard  Seth Citizens To Elect,Media,Online Advertising,NA,Debit Card,NA,Electoral,NA,NA
2021-08-31,Facebook,FaceBook,1 Hacker Way  Menlo Park  California 94025,Business/Group/Organization,100,Howard  Seth Citizens To Elect,Media,Online Advertising,NA,Debit Card,NA,Electoral,NA,NA
2021-04-05,FACEBOOK,FaceBook,1 HACKER WAY  MELNO PARK  California 94205,Business/Group/Organization,50,Jain  Ashwani Friends of,Media,Online Advertising,NA,Debit Card,NA,Electoral,NA,NA
2021-04-05,FACEBOOK,FaceBook,1 HACKER WAY  MELNO PARK  California 94205,Business/Group/Organization,60,Jain  Ashwani Friends of,Media,Online Advertising,NA,Debit Card,NA,Electoral,NA,NA
2021-04-07,FACEBOOK,FaceBook,1 HACKER WAY  MELNO PARK  California 94205,Business/Group/Organization,80,Jain  Ashwani Friends of,Media,Online Advertising,NA,Debit Card,NA,Electoral,NA,NA
2021-04-08,FACEBOOK,FaceBook,1 HACKER WAY  MELNO PARK  California 94205,Business/Group/Organization,60,Jain  Ashwani Friends of,Media,Online Advertising,NA,Debit Card,NA,Electoral,NA,NA
2021-03-15,FACEBOOK,FaceBook,1 HACKER WAY  MELNO PARK  California 94205,Business/Group/Organization,50,Jain  Ashwani Friends of,Media,Online Advertising,NA,Debit Card,NA,Electoral,NA,NA
2021-03-28,FACEBOOK,FaceBook,1 HACKER WAY  MELNO PARK  California 94205,Business/Group/Organization,50,Jain  Ashwani Friends of,Media,Online Advertising,NA,Debit Card,NA,Electoral,NA,NA
2021-03-29,FACEBOOK,FaceBook,1 HACKER WAY  MELNO PARK  California 94205,Business/Group/Organization,50,Jain  Ashwani Friends of,Media,Online Advertising,NA,Debit Card,NA,Electoral,NA,NA
2021-03-30,FACEBOOK,FaceBook,1 HACKER WAY  MELNO PARK  California 94205,Business/Group/Organization,50,Jain  Ashwani Friends of,Media,Online Advertising,NA,Debit Card,NA,Electoral,NA,NA
2021-03-31,FACEBOOK,FaceBook,1 HACKER WAY  MELNO PARK  California 94205,Business/Group/Organization,50,Jain  Ashwani Friends of,Media,Online Advertising,NA,Debit Card,NA,Electoral,NA,NA
2021-04-01,FACEBOOK,FaceBook,1 HACKER WAY  MELNO PARK  California 94205,Business/Group/Organization,20,Jain  Ashwani Friends of,Media,Online Advertising,NA,Debit Card,NA,Electoral,NA,NA
2021-04-03,FACEBOOK,FaceBook,1 HACKER WAY  MELNO PARK  California 94205,Business/Group/Organization,50,Jain  Ashwani Friends of,Media,Online Advertising,NA,Debit Card,NA,Electoral,NA,NA
2021-04-05,FACEBOOK,FaceBook,1 HACKER WAY  MELNO PARK  California 94205,Business/Group/Organization,60,Jain  Ashwani Friends of,Media,Online Advertising,NA,Debit Card,NA,Electoral,NA,NA
2021-04-05,FACEBOOK,FaceBook,1 HACKER WAY  MELNO PARK  California 94205,Business/Group/Organization,60,Jain  Ashwani Friends of,Media,Online Advertising,NA,Debit Card,NA,Electoral,NA,NA
2021-04-09,FACEBOOK,FaceBook,1 HACKER WAY  MELNO PARK  California 94205,Business/Group/Organization,60,Jain  Ashwani Friends of,Media,Online Advertising,NA,Debit Card,NA,Electoral,NA,NA
2021-04-11,FACEBOOK,FaceBook,1 HACKER WAY  MELNO PARK  California 94205,Business/Group/Organization,60,Jain  Ashwani Friends of,Media,Online Advertising,NA,Debit Card,NA,Electoral,NA,NA
2021-04-12,FACEBOOK,FaceBook,1 HACKER WAY  MELNO PARK  California 94205,Business/Group/Organization,60,Jain  Ashwani Friends of,Media,Online Advertising,NA,Debit Card,NA,Electoral,NA,NA
2021-04-12,FACEBOOK,FaceBook,1 HACKER WAY  MELNO PARK  California 94205,Business/Group/Organization,60,Jain  Ashwani Friends of,Media,Online Advertising,NA,Debit Card,NA,Electoral,NA,NA
2021-04-13,FACEBOOK,FaceBook,1 HACKER WAY  MELNO PARK  California 94205,Business/Group/Organization,60,Jain  Ashwani Friends of,Media,Online Advertising,NA,Debit Card,NA,Electoral,NA,NA
2021-04-14,FACEBOOK,FaceBook,1 HACKER WAY  MELNO PARK  California 94205,Business/Group/Organization,50,Jain  Ashwani Friends of,Media,Online Advertising,NA,Debit Card,NA,Electoral,NA,NA
2021-04-15,FACEBOOK,FaceBook,1 HACKER WAY  MELNO PARK  California 94205,Business/Group/Organization,50,Jain  Ashwani Friends of,Media,Online Advertising,NA,Debit Card,NA,Electoral,NA,NA
2021-04-15,FACEBOOK,FaceBook,1 HACKER WAY  MELNO PARK  California 94205,Business/Group/Organization,60,Jain  Ashwani Friends of,Media,Online Advertising,NA,Debit Card,NA,Electoral,NA,NA
2021-04-15,FACEBOOK,FaceBook,1 HACKER WAY  MELNO PARK  California 94205,Business/Group/Organization,60,Jain  Ashwani Friends of,Media,Online Advertising,NA,Debit Card,NA,Electoral,NA,NA
2021-04-18,FACEBOOK,FaceBook,1 HACKER WAY  MELNO PARK  California 94205,Business/Group/Organization,60,Jain  Ashwani Friends of,Media,Online Advertising,NA,Debit Card,NA,Electoral,NA,NA
2021-04-18,FACEBOOK,FaceBook,1 HACKER WAY  MELNO PARK  California 94205,Business/Group/Organization,60,Jain  Ashwani Friends of,Media,Online Advertising,NA,Debit Card,NA,Electoral,NA,NA
2021-04-20,FACEBOOK,FaceBook,1 HACKER WAY  MELNO PARK  California 94205,Business/Group/Organization,60,Jain  Ashwani Friends of,Media,Online Advertising,NA,Debit Card,NA,Electoral,NA,NA
2021-04-25,FACEBOOK,FaceBook,1 HACKER WAY  MELNO PARK  California 94205,Business/Group/Organization,60,Jain  Ashwani Friends of,Media,Online Advertising,NA,Debit Card,NA,Electoral,NA,NA
2021-04-25,FACEBOOK,FaceBook,1 HACKER WAY  MELNO PARK  California 94205,Business/Group/Organization,50,Jain  Ashwani Friends of,Media,Online Advertising,NA,Debit Card,NA,Electoral,NA,NA
2021-04-25,FACEBOOK,FaceBook,1 HACKER WAY  MELNO PARK  California 94205,Business/Group/Organization,200,Jain  Ashwani Friends of,Media,Online Advertising,NA,Debit Card,NA,Electoral,NA,NA
2021-05-05,FACEBOOK,FaceBook,1 HACKER WAY  MELNO PARK  California 94205,Business/Group/Organization,200,Jain  Ashwani Friends of,Media,Online Advertising,NA,Debit Card,NA,Electoral,NA,NA
2021-05-05,FACEBOOK,FaceBook,1 HACKER WAY  MELNO PARK  California 94205,Business/Group/Organization,200,Jain  Ashwani Friends of,Media,Online Advertising,NA,Debit Card,NA,Electoral,NA,NA
2021-05-05,FACEBOOK,FaceBook,1 HACKER WAY  MELNO PARK  California 94205,Business/Group/Organization,200,Jain  Ashwani Friends of,Media,Online Advertising,NA,Debit Card,NA,Electoral,NA,NA
2021-05-10,FACEBOOK,FaceBook,1 HACKER WAY  MELNO PARK  California 94205,Business/Group/Organization,150,Jain  Ashwani Friends of,Media,Online Advertising,NA,Debit Card,NA,Electoral,NA,NA
2021-05-11,FACEBOOK,FaceBook,1 HACKER WAY  MELNO PARK  California 94205,Business/Group/Organization,150,Jain  Ashwani Friends of,Media,Online Advertising,NA,Debit Card,NA,Electoral,NA,NA
2021-05-14,FACEBOOK,FaceBook,1 HACKER WAY  MELNO PARK  California 94205,Business/Group/Organization,750,Jain  Ashwani Friends of,Media,Online Advertising,NA,Debit Card,NA,Electoral,NA,NA
2021-05-25,FACEBOOK,FaceBook,1 HACKER WAY  MELNO PARK  California 94205,Business/Group/Organization,200,Jain  Ashwani Friends of,Media,Online Advertising,NA,Debit Card,NA,Electoral,NA,NA
2021-05-28,FACEBOOK,FaceBook,1 HACKER WAY  MELNO PARK  California 94205,Business/Group/Organization,200,Jain  Ashwani Friends of,Media,Online Advertising,NA,Debit Card,NA,Electoral,NA,NA
2021-05-28,FACEBOOK,FaceBook,1 HACKER WAY  MELNO PARK  California 94205,Business/Group/Organization,150,Jain  Ashwani Friends of,Media,Online Advertising,NA,Debit Card,NA,Electoral,NA,NA
2021-06-14,FACEBOOK,FaceBook,1 HACKER WAY  MELNO PARK  California 94205,Business/Group/Organization,200,Jain  Ashwani Friends of,Media,Online Advertising,NA,Debit Card,NA,Electoral,NA,NA
2021-06-17,FACEBOOK,FaceBook,1 HACKER WAY  MELNO PARK  California 94205,Business/Group/Organization,300,Jain  Ashwani Friends of,Media,Online Advertising,NA,Debit Card,NA,Electoral,NA,NA
2021-06-24,FACEBOOK,FaceBook,1 HACKER WAY  MELNO PARK  California 94205,Business/Group/Organization,200,Jain  Ashwani Friends of,Media,Online Advertising,NA,Debit Card,NA,Electoral,NA,NA
2021-06-28,FACEBOOK,FaceBook,1 HACKER WAY  MELNO PARK  California 94205,Business/Group/Organization,250,Jain  Ashwani Friends of,Media,Online Advertising,NA,Debit Card,NA,Electoral,NA,NA
2021-07-03,FACEBOOK,FaceBook,1 HACKER WAY  MELNO PARK  California 94205,Business/Group/Organization,250,Jain  Ashwani Friends of,Media,Online Advertising,NA,Debit Card,NA,Electoral,NA,NA
2021-07-12,FACEBOOK,FaceBook,1 HACKER WAY  MELNO PARK  California 94205,Business/Group/Organization,150,Jain  Ashwani Friends of,Media,Online Advertising,NA,Debit Card,NA,Electoral,NA,NA
2021-07-12,FACEBOOK,FaceBook,1 HACKER WAY  MELNO PARK  California 94205,Business/Group/Organization,100,Jain  Ashwani Friends of,Media,Online Advertising,NA,Debit Card,NA,Electoral,NA,NA
2021-07-18,FACEBOOK,FaceBook,1 HACKER WAY  MELNO PARK  California 94205,Business/Group/Organization,150,Jain  Ashwani Friends of,Media,Online Advertising,NA,Debit Card,NA,Electoral,NA,NA
2021-07-22,FACEBOOK,FaceBook,1 HACKER WAY  MELNO PARK  California 94205,Business/Group/Organization,150,Jain  Ashwani Friends of,Media,Online Advertising,NA,Debit Card,NA,Electoral,NA,NA
2021-07-29,FACEBOOK,FaceBook,1 HACKER WAY  MELNO PARK  California 94205,Business/Group/Organization,250,Jain  Ashwani Friends of,Media,Online Advertising,NA,Debit Card,NA,Electoral,NA,NA
2021-08-02,FACEBOOK,FaceBook,1 HACKER WAY  MELNO PARK  California 94205,Business/Group/Organization,300,Jain  Ashwani Friends of,Media,Online Advertising,NA,Debit Card,NA,Electoral,NA,NA
2021-08-06,FACEBOOK,FaceBook,1 HACKER WAY  MELNO PARK  California 94205,Business/Group/Organization,300,Jain  Ashwani Friends of,Media,Online Advertising,NA,Debit Card,NA,Electoral,NA,NA
2021-08-09,FACEBOOK,FaceBook,1 HACKER WAY  MELNO PARK  California 94205,Business/Group/Organization,400,Jain  Ashwani Friends of,Media,Online Advertising,NA,Debit Card,NA,Electoral,NA,NA
2021-08-12,FACEBOOK,FaceBook,1 HACKER WAY  MELNO PARK  California 94205,Business/Group/Organization,150,Jain  Ashwani Friends of,Media,Online Advertising,NA,Debit Card,NA,Electoral,NA,NA
2021-08-18,FACEBOOK,FaceBook,1 HACKER WAY  MELNO PARK  California 94205,Business/Group/Organization,350,Jain  Ashwani Friends of,Media,Online Advertising,NA,Debit Card,NA,Electoral,NA,NA
2021-08-24,FACEBOOK,FaceBook,1 HACKER WAY  MELNO PARK  California 94205,Business/Group/Organization,350,Jain  Ashwani Friends of,Media,Online Advertising,NA,Debit Card,NA,Electoral,NA,NA
2021-08-31,FACEBOOK,FaceBook,1 HACKER WAY  MELNO PARK  California 94205,Business/Group/Organization,400,Jain  Ashwani Friends of,Media,Online Advertising,NA,Debit Card,NA,Electoral,NA,NA
2021-09-02,FACEBOOK,FaceBook,1 HACKER WAY  MELNO PARK  California 94205,Business/Group/Organization,300,Jain  Ashwani Friends of,Media,Online Advertising,NA,Debit Card,NA,Electoral,NA,NA
2021-09-05,FACEBOOK,FaceBook,1 HACKER WAY  MELNO PARK  California 94205,Business/Group/Organization,250,Jain  Ashwani Friends of,Media,Online Advertising,NA,Debit Card,NA,Electoral,NA,NA
2021-09-06,FACEBOOK,FaceBook,1 HACKER WAY  MELNO PARK  California 94205,Business/Group/Organization,60,Jain  Ashwani Friends of,Media,Online Advertising,NA,Debit Card,NA,Electoral,NA,NA
2021-09-07,FACEBOOK,FaceBook,1 HACKER WAY  MELNO PARK  California 94205,Business/Group/Organization,200,Jain  Ashwani Friends of,Media,Online Advertising,NA,Debit Card,NA,Electoral,NA,NA
2021-09-08,FACEBOOK,FaceBook,1 HACKER WAY  MELNO PARK  California 94205,Business/Group/Organization,200,Jain  Ashwani Friends of,Media,Online Advertising,NA,Debit Card,NA,Electoral,NA,NA
2021-09-10,FACEBOOK,FaceBook,1 HACKER WAY  MELNO PARK  California 94205,Business/Group/Organization,200,Jain  Ashwani Friends of,Media,Online Advertising,NA,Debit Card,NA,Electoral,NA,NA
2021-09-11,FACEBOOK,FaceBook,1 HACKER WAY  MELNO PARK  California 94205,Business/Group/Organization,200,Jain  Ashwani Friends of,Media,Online Advertising,NA,Debit Card,NA,Electoral,NA,NA
2021-09-12,FACEBOOK,FaceBook,1 HACKER WAY  MELNO PARK  California 94205,Business/Group/Organization,300,Jain  Ashwani Friends of,Media,Online Advertising,NA,Debit Card,NA,Electoral,NA,NA
2021-09-16,FACEBOOK,FaceBook,1 HACKER WAY  MELNO PARK  California 94205,Business/Group/Organization,250,Jain  Ashwani Friends of,Media,Online Advertising,NA,Debit Card,NA,Electoral,NA,NA
2021-09-17,FACEBOOK,FaceBook,1 HACKER WAY  MELNO PARK  California 94205,Business/Group/Organization,250,Jain  Ashwani Friends of,Media,Online Advertising,NA,Debit Card,NA,Electoral,NA,NA
2021-09-20,FACEBOOK,FaceBook,1 HACKER WAY  MELNO PARK  California 94205,Business/Group/Organization,250,Jain  Ashwani Friends of,Media,Online Advertising,NA,Debit Card,NA,Electoral,NA,NA
2021-09-22,FACEBOOK,FaceBook,1 HACKER WAY  MELNO PARK  California 94205,Business/Group/Organization,300,Jain  Ashwani Friends of,Media,Online Advertising,NA,Debit Card,NA,Electoral,NA,NA
2021-09-27,FACEBOOK,FaceBook,1 HACKER WAY  MELNO PARK  California 94205,Business/Group/Organization,300,Jain  Ashwani Friends of,Media,Online Advertising,NA,Debit Card,NA,Electoral,NA,NA
2021-09-29,FACEBOOK,FaceBook,1 HACKER WAY  MELNO PARK  California 94205,Business/Group/Organization,300,Jain  Ashwani Friends of,Media,Online Advertising,NA,Debit Card,NA,Electoral,NA,NA
2021-09-30,FACEBOOK,FaceBook,1 HACKER WAY  MELNO PARK  California 94205,Business/Group/Organization,300,Jain  Ashwani Friends of,Media,Online Advertising,NA,Debit Card,NA,Electoral,NA,NA
2021-10-01,FACEBOOK,FaceBook,1 HACKER WAY  MELNO PARK  California 94205,Business/Group/Organization,500,Jain  Ashwani Friends of,Media,Online Advertising,NA,Debit Card,NA,Electoral,NA,NA
2021-10-05,FACEBOOK,FaceBook,1 HACKER WAY  MELNO PARK  California 94205,Business/Group/Organization,300,Jain  Ashwani Friends of,Media,Online Advertising,NA,Debit Card,NA,Electoral,NA,NA
2021-10-08,FACEBOOK,FaceBook,1 HACKER WAY  MELNO PARK  California 94205,Business/Group/Organization,300,Jain  Ashwani Friends of,Media,Online Advertising,NA,Debit Card,NA,Electoral,NA,NA
2021-10-11,FACEBOOK,FaceBook,1 HACKER WAY  MELNO PARK  California 94205,Business/Group/Organization,300,Jain  Ashwani Friends of,Media,Online Advertising,NA,Debit Card,NA,Electoral,NA,NA
2021-10-13,FACEBOOK,FaceBook,1 HACKER WAY  MELNO PARK  California 94205,Business/Group/Organization,300,Jain  Ashwani Friends of,Media,Online Advertising,NA,Debit Card,NA,Electoral,NA,NA
2021-10-15,FACEBOOK,FaceBook,1 HACKER WAY  MELNO PARK  California 94205,Business/Group/Organization,300,Jain  Ashwani Friends of,Media,Online Advertising,NA,Debit Card,NA,Electoral,NA,NA
2021-10-16,FACEBOOK,FaceBook,1 HACKER WAY  MELNO PARK  California 94205,Business/Group/Organization,300,Jain  Ashwani Friends of,Media,Online Advertising,NA,Debit Card,NA,Electoral,NA,NA
2021-10-18,FACEBOOK,FaceBook,1 HACKER WAY  MELNO PARK  California 94205,Business/Group/Organization,300,Jain  Ashwani Friends of,Media,Online Advertising,NA,Debit Card,NA,Electoral,NA,NA
2021-10-22,FACEBOOK,FaceBook,1 HACKER WAY  MELNO PARK  California 94205,Business/Group/Organization,150,Jain  Ashwani Friends of,Media,Online Advertising,NA,Debit Card,NA,Electoral,NA,NA
2021-10-24,FACEBOOK,FaceBook,1 HACKER WAY  MELNO PARK  California 94205,Business/Group/Organization,300,Jain  Ashwani Friends of,Media,Online Advertising,NA,Debit Card,NA,Electoral,NA,NA
2021-10-25,FACEBOOK,FaceBook,1 HACKER WAY  MELNO PARK  California 94205,Business/Group/Organization,350,Jain  Ashwani Friends of,Media,Online Advertising,NA,Debit Card,NA,Electoral,NA,NA
2021-10-27,FACEBOOK,FaceBook,1 HACKER WAY  MELNO PARK  California 94205,Business/Group/Organization,300,Jain  Ashwani Friends of,Media,Online Advertising,NA,Debit Card,NA,Electoral,NA,NA
2021-10-28,FACEBOOK,FaceBook,1 HACKER WAY  MELNO PARK  California 94205,Business/Group/Organization,300,Jain  Ashwani Friends of,Media,Online Advertising,NA,Debit Card,NA,Electoral,NA,NA
2021-10-30,FACEBOOK,FaceBook,1 HACKER WAY  MELNO PARK  California 94205,Business/Group/Organization,300,Jain  Ashwani Friends of,Media,Online Advertising,NA,Debit Card,NA,Electoral,NA,NA
2021-10-30,FACEBOOK,FaceBook,1 HACKER WAY  MELNO PARK  California 94205,Business/Group/Organization,25,Jain  Ashwani Friends of,Media,Online Advertising,NA,Debit Card,NA,Electoral,NA,NA
2021-11-02,FACEBOOK,FaceBook,1 HACKER WAY  MELNO PARK  California 94205,Business/Group/Organization,200,Jain  Ashwani Friends of,Media,Online Advertising,NA,Debit Card,NA,Electoral,NA,NA
2021-11-06,FACEBOOK,FaceBook,1 HACKER WAY  MELNO PARK  California 94205,Business/Group/Organization,300,Jain  Ashwani Friends of,Media,Online Advertising,NA,Debit Card,NA,Electoral,NA,NA
2021-11-07,FACEBOOK,FaceBook,1 HACKER WAY  MELNO PARK  California 94205,Business/Group/Organization,300,Jain  Ashwani Friends of,Media,Online Advertising,NA,Debit Card,NA,Electoral,NA,NA
2021-11-08,FACEBOOK,FaceBook,1 HACKER WAY  MELNO PARK  California 94205,Business/Group/Organization,300,Jain  Ashwani Friends of,Media,Online Advertising,NA,Debit Card,NA,Electoral,NA,NA
2021-11-12,FACEBOOK,FaceBook,1 HACKER WAY  MELNO PARK  California 94205,Business/Group/Organization,300,Jain  Ashwani Friends of,Media,Online Advertising,NA,Debit Card,NA,Electoral,NA,NA
2021-11-13,FACEBOOK,FaceBook,1 HACKER WAY  MELNO PARK  California 94205,Business/Group/Organization,300,Jain  Ashwani Friends of,Media,Online Advertising,NA,Debit Card,NA,Electoral,NA,NA
2021-11-14,FACEBOOK,FaceBook,1 HACKER WAY  MELNO PARK  California 94205,Business/Group/Organization,300,Jain  Ashwani Friends of,Media,Online Advertising,NA,Debit Card,NA,Electoral,NA,NA
2021-11-16,FACEBOOK,FaceBook,1 HACKER WAY  MELNO PARK  California 94205,Business/Group/Organization,300,Jain  Ashwani Friends of,Media,Online Advertising,NA,Debit Card,NA,Electoral,NA,NA
2021-11-17,FACEBOOK,FaceBook,1 HACKER WAY  MELNO PARK  California 94205,Business/Group/Organization,100,Jain  Ashwani Friends of,Media,Online Advertising,NA,Debit Card,NA,Electoral,NA,NA
2021-11-18,FACEBOOK,FaceBook,1 HACKER WAY  MELNO PARK  California 94205,Business/Group/Organization,400,Jain  Ashwani Friends of,Media,Online Advertising,NA,Debit Card,NA,Electoral,NA,NA
2021-11-21,FACEBOOK,FaceBook,1 HACKER WAY  MELNO PARK  California 94205,Business/Group/Organization,300,Jain  Ashwani Friends of,Media,Online Advertising,NA,Debit Card,NA,Electoral,NA,NA
2021-11-23,FACEBOOK,FaceBook,1 HACKER WAY  MELNO PARK  California 94205,Business/Group/Organization,300,Jain  Ashwani Friends of,Media,Online Advertising,NA,Debit Card,NA,Electoral,NA,NA
2021-11-25,FACEBOOK,FaceBook,1 HACKER WAY  MELNO PARK  California 94205,Business/Group/Organization,150,Jain  Ashwani Friends of,Media,Online Advertising,NA,Debit Card,NA,Electoral,NA,NA
2021-11-25,FACEBOOK,FaceBook,1 HACKER WAY  MELNO PARK  California 94205,Business/Group/Organization,200,Jain  Ashwani Friends of,Media,Online Advertising,NA,Debit Card,NA,Electoral,NA,NA
2021-12-01,FACEBOOK,FaceBook,1 HACKER WAY  MELNO PARK  California 94205,Business/Group/Organization,300,Jain  Ashwani Friends of,Media,Online Advertising,NA,Debit Card,NA,Electoral,NA,NA
2021-12-02,FACEBOOK,FaceBook,1 HACKER WAY  MELNO PARK  California 94205,Business/Group/Organization,250,Jain  Ashwani Friends of,Media,Online Advertising,NA,Debit Card,NA,Electoral,NA,NA
2021-12-04,FACEBOOK,FaceBook,1 HACKER WAY  MELNO PARK  California 94205,Business/Group/Organization,350,Jain  Ashwani Friends of,Media,Online Advertising,NA,Debit Card,NA,Electoral,NA,NA
2021-12-06,FACEBOOK,FaceBook,1 HACKER WAY  MELNO PARK  California 94205,Business/Group/Organization,300,Jain  Ashwani Friends of,Media,Online Advertising,NA,Debit Card,NA,Electoral,NA,NA
2021-12-07,FACEBOOK,FaceBook,1 HACKER WAY  MELNO PARK  California 94205,Business/Group/Organization,300,Jain  Ashwani Friends of,Media,Online Advertising,NA,Debit Card,NA,Electoral,NA,NA
2021-12-09,FACEBOOK,FaceBook,1 HACKER WAY  MELNO PARK  California 94205,Business/Group/Organization,300,Jain  Ashwani Friends of,Media,Online Advertising,NA,Debit Card,NA,Electoral,NA,NA
2021-12-07,FACEBOOK,FaceBook,1 HACKER WAY  MELNO PARK  California 94205,Business/Group/Organization,350,Jain  Ashwani Friends of,Media,Online Advertising,NA,Debit Card,NA,Electoral,NA,NA
2021-12-14,FACEBOOK,FaceBook,1 HACKER WAY  MELNO PARK  California 94205,Business/Group/Organization,300,Jain  Ashwani Friends of,Media,Online Advertising,NA,Debit Card,NA,Electoral,NA,NA
2021-12-16,FACEBOOK,FaceBook,1 HACKER WAY  MELNO PARK  California 94205,Business/Group/Organization,300,Jain  Ashwani Friends of,Media,Online Advertising,NA,Debit Card,NA,Electoral,NA,NA
2021-12-17,FACEBOOK,FaceBook,1 HACKER WAY  MELNO PARK  California 94205,Business/Group/Organization,300,Jain  Ashwani Friends of,Media,Online Advertising,NA,Debit Card,NA,Electoral,NA,NA
2021-12-19,FACEBOOK,FaceBook,1 HACKER WAY  MELNO PARK  California 94205,Business/Group/Organization,300,Jain  Ashwani Friends of,Media,Online Advertising,NA,Debit Card,NA,Electoral,NA,NA
2021-12-21,FACEBOOK,FaceBook,1 HACKER WAY  MELNO PARK  California 94205,Business/Group/Organization,150,Jain  Ashwani Friends of,Media,Online Advertising,NA,Debit Card,NA,Electoral,NA,NA
2022-01-04,FACEBOOK,FaceBook,1 HACKER WAY  MELNO PARK  California 94205,Business/Group/Organization,200,Jain  Ashwani Friends of,Media,Online Advertising,NA,Debit Card,NA,Electoral,NA,NA
2022-01-05,FACEBOOK,FaceBook,1 HACKER WAY  MELNO PARK  California 94205,Business/Group/Organization,100,Jain  Ashwani Friends of,Media,Online Advertising,NA,Debit Card,NA,Electoral,NA,NA
2022-01-05,FACEBOOK,FaceBook,1 HACKER WAY  MELNO PARK  California 94205,Business/Group/Organization,300,Jain  Ashwani Friends of,Media,Online Advertising,NA,Debit Card,NA,Electoral,NA,NA
2022-01-09,FACEBOOK,FaceBook,1 HACKER WAY  MELNO PARK  California 94205,Business/Group/Organization,250,Jain  Ashwani Friends of,Media,Online Advertising,NA,Debit Card,NA,Electoral,NA,NA
2022-01-10,FACEBOOK,FaceBook,1 HACKER WAY  MELNO PARK  California 94205,Business/Group/Organization,350,Jain  Ashwani Friends of,Media,Online Advertising,NA,Debit Card,NA,Electoral,NA,NA
2022-01-11,FACEBOOK,FaceBook,1 HACKER WAY  MELNO PARK  California 94205,Business/Group/Organization,200,Jain  Ashwani Friends of,Media,Online Advertising,NA,Debit Card,NA,Electoral,NA,NA
2022-01-11,FACEBOOK,FaceBook,1 HACKER WAY  MELNO PARK  California 94205,Business/Group/Organization,350,Jain  Ashwani Friends of,Media,Online Advertising,NA,Debit Card,NA,Electoral,NA,NA
2022-01-12,FACEBOOK,FaceBook,1 HACKER WAY  MELNO PARK  California 94205,Business/Group/Organization,350,Jain  Ashwani Friends of,Media,Online Advertising,NA,Debit Card,NA,Electoral,NA,NA
2021-01-30,FACEBOOK,FaceBook,1 HACKER WAY  MELNO PARK  California 94205,Business/Group/Organization,300,Jain  Ashwani Friends of,Media,Online Advertising,NA,Debit Card,NA,Electoral,NA,NA
2021-12-27,Facebook,FaceBook,1 Hacker Way  Menlo Park  California 94025,Business/Group/Organization,10,Quintanilla  Yolanda Friends For,Media,Online Advertising,NA,Debit Card,NA,Electoral,NA,NA
2021-04-16,Facebook,FaceBook,1 Hacker Way  Menlo Park  California 94025,Business/Group/Organization,10,Bonner  Jeff For Maryland,Media,Online Advertising,NA,Debit Card,NA,Electoral,NA,NA
2021-04-19,Facebook,FaceBook,1 Hacker Way  Menlo Park  California 94025,Business/Group/Organization,10,Bonner  Jeff For Maryland,Media,Online Advertising,NA,Debit Card,NA,Electoral,NA,NA
2021-04-19,Facebook,FaceBook,1 Hacker Way  Menlo Park  California 94025,Business/Group/Organization,10,Bonner  Jeff For Maryland,Media,Online Advertising,NA,Debit Card,NA,Electoral,NA,NA
2021-05-03,Facebook,FaceBook,1 Hacker Way  Menlo Park  California 94025,Business/Group/Organization,15,Bonner  Jeff For Maryland,Media,Online Advertising,NA,Debit Card,NA,Electoral,NA,NA
2021-05-04,Facebook,FaceBook,1 Hacker Way  Menlo Park  California 94025,Business/Group/Organization,15,Bonner  Jeff For Maryland,Media,Online Advertising,NA,Debit Card,NA,Electoral,NA,NA
2021-05-17,Facebook,FaceBook,1 Hacker Way  Menlo Park  California 94025,Business/Group/Organization,8.85,Bonner  Jeff For Maryland,Media,Online Advertising,NA,Debit Card,NA,Electoral,NA,NA
2021-08-16,Facebook,FaceBook,1 Hacker Way  Menlo Park  California 94025,Business/Group/Organization,2.1,Bonner  Jeff For Maryland,Media,Online Advertising,NA,Debit Card,NA,Electoral,NA,NA
2021-08-17,Facebook,FaceBook,1 Hacker Way  Menlo Park  California 94025,Business/Group/Organization,25,Bonner  Jeff For Maryland,Media,Online Advertising,NA,Debit Card,NA,Electoral,NA,NA
2021-09-15,Facebook,FaceBook,1 Hacker Way  Menlo Park  California 94025,Business/Group/Organization,22.9,Bonner  Jeff For Maryland,Media,Online Advertising,NA,Debit Card,NA,Electoral,NA,NA
2021-07-30,Facebook,FaceBook,1 Hacker Way  Menlo Park  California 94025,Business/Group/Organization,30,Rosenbaum  Mike For Maryland,Media,Online Advertising,NA,Check,NA,Electoral,Online Advertising,NA
2021-07-31,Facebook,FaceBook,1 Hacker Way  Menlo Park  California 94025,Business/Group/Organization,55,Rosenbaum  Mike For Maryland,Media,Online Advertising,NA,Check,NA,Electoral,Online Advertising,NA
2021-08-01,Facebook,FaceBook,1 Hacker Way  Menlo Park  California 94025,Business/Group/Organization,35,Rosenbaum  Mike For Maryland,Media,Online Advertising,NA,Check,NA,Electoral,Online Advertising,NA
2021-08-13,Facebook,FaceBook,1 Hacker Way  Menlo Park  California 94025,Business/Group/Organization,40,Rosenbaum  Mike For Maryland,Media,Online Advertising,NA,Check,NA,Electoral,Online Advertising,NA
2021-08-27,Facebook,FaceBook,1 Hacker Way  Menlo Park  California 94025,Business/Group/Organization,50,Rosenbaum  Mike For Maryland,Media,Online Advertising,NA,Check,NA,Electoral,Online Advertising,NA
2021-08-29,Facebook,FaceBook,1 Hacker Way  Menlo Park  California 94025,Business/Group/Organization,24.68,Rosenbaum  Mike For Maryland,Media,Online Advertising,NA,Check,NA,Electoral,Online Advertising,NA
2021-08-29,Facebook,FaceBook,1 Hacker Way  Menlo Park  California 94025,Business/Group/Organization,75,Rosenbaum  Mike For Maryland,Media,Online Advertising,NA,Check,NA,Electoral,Online Advertising,NA
2021-09-09,Facebook,FaceBook,1 Hacker Way  Menlo Park  California 94025,Business/Group/Organization,125,Rosenbaum  Mike For Maryland,Media,Online Advertising,NA,Check,NA,Electoral,Online Advertising,NA
2021-09-11,Facebook,FaceBook,1 Hacker Way  Menlo Park  California 94025,Business/Group/Organization,175,Rosenbaum  Mike For Maryland,Media,Online Advertising,NA,Check,NA,Electoral,Online Advertising,NA
2021-09-15,Facebook,FaceBook,1 Hacker Way  Menlo Park  California 94025,Business/Group/Organization,250,Rosenbaum  Mike For Maryland,Media,Online Advertising,NA,Check,NA,Electoral,Online Advertising,NA
2021-09-28,Facebook,FaceBook,1 Hacker Way  Menlo Park  California 94025,Business/Group/Organization,400,Rosenbaum  Mike For Maryland,Media,Online Advertising,NA,Check,NA,Electoral,Online Advertising,NA
2021-09-29,Facebook,FaceBook,1 Hacker Way  Menlo Park  California 94025,Business/Group/Organization,9.46,Rosenbaum  Mike For Maryland,Media,Online Advertising,NA,Check,NA,Electoral,Online Advertising,NA
2021-10-29,Facebook,FaceBook,1 Hacker Way  Menlo Park  California 94025,Business/Group/Organization,15.86,Rosenbaum  Mike For Maryland,Media,Online Advertising,NA,Check,NA,Electoral,Online Advertising,NA
2021-07-26,Facebook,FaceBook,1601 Willow Road  Menlo Park  California 94025,Business/Group/Organization,900,Franchot  Peter Friends Of,Media,Online Advertising,NA,Debit Card,NA,Electoral,NA,NA
2021-07-19,Facebook,FaceBook,1601 Willow Road  Menlo Park  California 94025,Business/Group/Organization,900,Franchot  Peter Friends Of,Media,Online Advertising,NA,Debit Card,NA,Electoral,NA,NA
2021-07-19,Facebook,FaceBook,1601 Willow Road  Menlo Park  California 94025,Business/Group/Organization,900,Franchot  Peter Friends Of,Media,Online Advertising,NA,Debit Card,NA,Electoral,2d of two payments on this date,NA
2021-07-06,Facebook,FaceBook,1601 Willow Road  Menlo Park  California 94025,Business/Group/Organization,689.85,Franchot  Peter Friends Of,Media,Online Advertising,NA,Debit Card,NA,Electoral,NA,NA
2022-08-08,Facebook,FaceBook,1 Hacker Way  Meno Park  California 94025,Business/Group/Organization,100,Dappert  Michele Committee to Elect,Media,Online Advertising,NA,Debit Card,NA,Electoral,NA,NA
2022-08-15,Facebook,FaceBook,1 Hacker Way  Meno Park  California 94025,Business/Group/Organization,100,Dappert  Michele Committee to Elect,Media,Online Advertising,NA,Debit Card,NA,Electoral,NA,NA
2021-10-25,Facebook,FaceBook,Hacker Way  Menlo Park  California 94025,Business/Group/Organization,8.71,Novotny  Reid J. Elect,Media,Online Advertising,NA,Debit Card,NA,Electoral,NA,NA
2021-11-24,Facebook,FaceBook,Hacker Way  Menlo Park  California 94025,Business/Group/Organization,21.29,Novotny  Reid J. Elect,Media,Online Advertising,NA,Debit Card,NA,Electoral,NA,NA
2021-11-22,Facebook,FaceBook,1 Hacker Way  Menlo Park  California 94025,Business/Group/Organization,10,Bonner  Jeff For Maryland,Media,Online Advertising,NA,Debit Card,NA,Electoral,NA,NA
2021-11-22,Facebook,FaceBook,1 Hacker Way  Menlo Park  California 94025,Business/Group/Organization,10,Bonner  Jeff For Maryland,Media,Online Advertising,NA,Debit Card,NA,Electoral,NA,NA
2021-11-23,Facebook,FaceBook,1 Hacker Way  Menlo Park  California 94025,Business/Group/Organization,10,Bonner  Jeff For Maryland,Media,Online Advertising,NA,Debit Card,NA,Electoral,NA,NA
2021-12-06,Facebook,FaceBook,1 Hacker Way  Menlo Park  California 94025,Business/Group/Organization,5,Bonner  Jeff For Maryland,Media,Online Advertising,NA,Debit Card,NA,Electoral,NA,NA
2021-06-15,Facebook,FaceBook,1 Hacker Way  Menlo Park  California 94025,Business/Group/Organization,25,Rathell  Doug (Jeffrey) Elect,Media,Online Advertising,NA,Credit Card/Visa,NA,Electoral,NA,NA
2021-06-17,Facebook,FaceBook,1 Hacker Way  Menlo Park  California 94025,Business/Group/Organization,25,Rathell  Doug (Jeffrey) Elect,Media,Online Advertising,NA,Credit Card/Visa,NA,Electoral,NA,NA
2021-07-01,Facebook,FaceBook,1 Hacker Way  Menlo Park  California 94025,Business/Group/Organization,24.98,Rathell  Doug (Jeffrey) Elect,Media,Online Advertising,NA,Credit Card/Visa,NA,Electoral,NA,NA
2022-03-28,Facebook,FaceBook,1 Facebook Way  Menlo Park  California 94025,Business/Group/Organization,10,Balcombe  Marilyn Friends,Media,Online Advertising,NA,Debit Card,NA,Electoral,NA,NA
2022-04-01,Facebook,FaceBook,1 Facebook Way  Menlo Park  California 94025,Business/Group/Organization,83.36,Balcombe  Marilyn Friends,Media,Online Advertising,NA,Debit Card,NA,Electoral,NA,NA
2022-04-05,Facebook,FaceBook,1 Facebook Way  Menlo Park  California 94025,Business/Group/Organization,10,Balcombe  Marilyn Friends,Media,Online Advertising,NA,Debit Card,NA,Electoral,NA,NA
2022-04-13,Facebook,FaceBook,1 Facebook Way  Menlo Park  California 94025,Business/Group/Organization,10,Balcombe  Marilyn Friends,Media,Online Advertising,NA,Debit Card,NA,Electoral,NA,NA
2022-04-18,Facebook,FaceBook,1 Facebook Way  Menlo Park  California 94025,Business/Group/Organization,15,Balcombe  Marilyn Friends,Media,Online Advertising,NA,Debit Card,NA,Electoral,NA,NA
2022-04-27,Facebook,FaceBook,1601 Willow Rd  Menlo Park  California 94025,Business/Group/Organization,3.74,Stewart  Kate Vote,Media,Online Advertising,NA,Debit Card,NA,Electoral,NA,NA
2021-12-30,Facebook,FaceBook,1 Hacker Way  Menlo Park  California 94025,Business/Group/Organization,131.6,Long  Jeffrie Friends of,Media,Online Advertising,NA,Debit Card,NA,Electoral,NA,NA
2021-10-05,Facebook,FaceBook,1 Hacker Way  Menlo Park  California 94025,Business/Group/Organization,250,Olszewski  John Jr. Friends Of,Media,Online Advertising,NA,EFT,Kroner,Brad,Electoral,"Facebook Ads,"
2021-10-11,Facebook,FaceBook,1601 Willow Road  Menlo Park  California 94025,Business/Group/Organization,5.13,The Peoples Voice  LLC PAC,Media,Online Advertising,NA,Check,NA,Electoral,NA,NA
2022-06-10,Facebook,FaceBook,1 Hacker Way  Menlo Park  California 94025,Business/Group/Organization,15,Hamilton  Rebecca Patriots for,Media,Online Advertising,NA,EFT,NA,Electoral,NA,NA
2022-06-08,Facebook  Inc.,FaceBook,1 Facebook Way  Menlo Park  California 94025,Business/Group/Organization,35,Mink  Kristin Friends of,Media,Online Advertising,NA,Debit Card,NA,Electoral,NA,NA
2022-06-09,Facebook  Inc.,FaceBook,1 Facebook Way  Menlo Park  California 94025,Business/Group/Organization,50,Mink  Kristin Friends of,Media,Online Advertising,NA,Debit Card,NA,Electoral,NA,NA
2022-06-10,Facebook  Inc.,FaceBook,1 Facebook Way  Menlo Park  California 94025,Business/Group/Organization,75,Mink  Kristin Friends of,Media,Online Advertising,NA,Debit Card,NA,Electoral,NA,NA
2022-08-29,Facebook,FaceBook,1 Hacker Way  Menlo Park  California 94025,Business/Group/Organization,10,Williams  Marsha L. Friends to Elect,Media,Online Advertising,NA,Debit Card,NA,Electoral,NA,NA
2021-04-09,Facebook,FaceBook,1 Hacker Way  Menlo Park  California 94025,Business/Group/Organization,316.52,Ivey  Julian Friends of,Media,Online Advertising,NA,Debit Card,NA,Electoral,NA,NA
2022-04-11,Facebook,FaceBook,1601 S. California Ave.  Palo Alto  California 94304,Business/Group/Organization,50,Streight (Adam) For Cecil,Media,Online Advertising,NA,Debit Card,NA,Electoral,NA,NA
2022-04-08,Facebook,FaceBook,1601 S. California Ave.  Palo Alto  California 94304,Business/Group/Organization,10.33,Streight (Adam) For Cecil,Media,Online Advertising,NA,Debit Card,NA,Electoral,NA,NA
2022-04-06,Facebook,FaceBook,1601 S. California Ave.  Palo Alto  California 94394,Business/Group/Organization,35,Streight (Adam) For Cecil,Media,Online Advertising,NA,Debit Card,NA,Electoral,NA,NA
2022-04-04,Facebook,FaceBook,1601 S. California Ave.  Palo Alto  California 94303,Business/Group/Organization,25,Streight (Adam) For Cecil,Media,Online Advertising,NA,Debit Card,NA,Electoral,NA,NA
2022-04-04,Facebook,FaceBook,1601 S. California Ave.  Palo Alto  California 94304,Business/Group/Organization,15,Streight (Adam) For Cecil,Media,Online Advertising,NA,Debit Card,NA,Electoral,NA,NA
2022-04-04,Facebook,FaceBook,1601 S. California Ave.  Palo Alto  California 94304,Business/Group/Organization,45,Streight (Adam) For Cecil,Media,Online Advertising,NA,Debit Card,NA,Electoral,NA,NA
2022-03-28,Facebook,FaceBook,1 Hacker Way  Menlo Park  California 94025,Business/Group/Organization,35,Tomlin  Zachary Friends of,Media,Online Advertising,NA,Credit Card/Visa,NA,Electoral,Facebook Ads,NA
2022-04-07,Facebook,FaceBook,1 Hacker Way  Menlo Park  California 94025,Business/Group/Organization,26.51,Tomlin  Zachary Friends of,Media,Online Advertising,NA,Credit Card/Visa,NA,Electoral,Facebook Ads,NA
2022-01-24,Facebook Inc,FaceBook,1601 Willow Road  Menlo Park  California 94025,Business/Group/Organization,126.48,Brooks  Brandy Power Posse,Media,Online Advertising,NA,Credit Card/MasterCard,NA,Electoral,NA,NA
2022-05-09,Facebook,FaceBook,1 Hacker Way  Menlo Park  California 94025,Business/Group/Organization,25,The Old Line Project,Media,Online Advertising,NA,Credit Card/Visa,NA,Electoral,NA,NA
2022-05-09,Facebook,FaceBook,1 Hacker Way  Menlo Park  California 94025,Business/Group/Organization,25,The Old Line Project,Media,Online Advertising,NA,Credit Card/Visa,NA,Electoral,NA,NA
2021-06-21,Facebook  Inc.,FaceBook,1 Hacker Way  Menlo Park  California 94025,Business/Group/Organization,25,Shuman  Eve T. Friends of,Media,Online Advertising,NA,Debit Card,NA,Electoral,NA,NA
2021-06-28,Facebook  Inc.,FaceBook,1 Hacker Way  Menlo Park  California 94025,Business/Group/Organization,17.12,Shuman  Eve T. Friends of,Media,Online Advertising,NA,Debit Card,NA,Electoral,NA,NA
2021-06-30,Facebook  Inc.,FaceBook,1 Hacker Way  Menlo Park  California 94025,Business/Group/Organization,25,Shuman  Eve T. Friends of,Media,Online Advertising,NA,Debit Card,NA,Electoral,NA,NA
2021-07-02,Facebook  Inc.,FaceBook,1 Hacker Way  Menlo Park  California 94025,Business/Group/Organization,25,Shuman  Eve T. Friends of,Media,Online Advertising,NA,Debit Card,NA,Electoral,NA,NA
2021-07-08,Facebook  Inc.,FaceBook,1 Hacker Way  Menlo Park  California 94025,Business/Group/Organization,35,Shuman  Eve T. Friends of,Media,Online Advertising,NA,Debit Card,NA,Electoral,NA,NA
2021-07-13,Facebook  Inc.,FaceBook,1 Hacker Way  Menlo Park  California 94025,Business/Group/Organization,50,Shuman  Eve T. Friends of,Media,Online Advertising,NA,Debit Card,NA,Electoral,NA,NA
2021-07-16,Facebook  Inc.,FaceBook,1 Hacker Way  Menlo Park  California 94025,Business/Group/Organization,75,Shuman  Eve T. Friends of,Media,Online Advertising,NA,Debit Card,NA,Electoral,NA,NA
2021-07-20,Facebook  Inc.,FaceBook,1 Hacker Way  Menlo Park  California 94025,Business/Group/Organization,125,Shuman  Eve T. Friends of,Media,Online Advertising,NA,Debit Card,NA,Electoral,NA,NA
2021-07-28,Facebook  Inc.,FaceBook,1 Hacker Way  Menlo Park  California 94025,Business/Group/Organization,70.93,Shuman  Eve T. Friends of,Media,Online Advertising,NA,Debit Card,NA,Electoral,NA,NA
2021-08-16,Facebook  Inc.,FaceBook,1 Hacker Way  Menlo Park  California 94025,Business/Group/Organization,250,Shuman  Eve T. Friends of,Media,Online Advertising,NA,Debit Card,NA,Electoral,NA,NA
2021-08-30,Facebook  Inc.,FaceBook,1 Hacker Way  Menlo Park  California 94025,Business/Group/Organization,264.69,Shuman  Eve T. Friends of,Media,Online Advertising,NA,Debit Card,NA,Electoral,NA,NA
2021-09-29,Facebook  Inc.,FaceBook,1 Hacker Way  Menlo Park  California 94025,Business/Group/Organization,174.9,Shuman  Eve T. Friends of,Media,Online Advertising,NA,Debit Card,NA,Electoral,NA,NA
2021-10-28,Facebook  Inc.,FaceBook,1 Hacker Way  Menlo Park  California 94025,Business/Group/Organization,155.27,Shuman  Eve T. Friends of,Media,Online Advertising,NA,Debit Card,NA,Electoral,NA,NA
2021-11-29,Facebook  Inc.,FaceBook,1 Hacker Way  Menlo Park  California 94025,Business/Group/Organization,112.95,Shuman  Eve T. Friends of,Media,Online Advertising,NA,Debit Card,NA,Electoral,NA,NA
2021-12-21,Facebook  Inc.,FaceBook,1 Hacker Way  Menlo Park  California 94025,Business/Group/Organization,400,Shuman  Eve T. Friends of,Media,Online Advertising,NA,Debit Card,NA,Electoral,NA,NA
2021-12-29,Facebook  Inc.,FaceBook,1 Hacker Way  Menlo Park  California 94025,Business/Group/Organization,55.7,Shuman  Eve T. Friends of,Media,Online Advertising,NA,Debit Card,NA,Electoral,NA,NA
2021-10-19,Facebook  Inc.,FaceBook,1601 Willow Road  Menlo Park  California 94025-1452,Business/Group/Organization,2,Piereck  Ricardo (Rick) Citizens for,Media,Online Advertising,NA,Credit Card/Visa,NA,Electoral,NA,NA
2021-11-18,Facebook  Inc.,FaceBook,1601 Willow Road  Menlo Park  California 94025-1452,Business/Group/Organization,70,Piereck  Ricardo (Rick) Citizens for,Media,Online Advertising,NA,Credit Card/Visa,NA,Electoral,NA,NA
2021-12-18,Facebook  Inc.,FaceBook,1601 Willow Road  Menlo Park  California 94025-1452,Business/Group/Organization,10.3,Piereck  Ricardo (Rick) Citizens for,Media,Online Advertising,NA,Credit Card/Visa,NA,Electoral,NA,NA
2021-04-21,Facebook,FaceBook,1 Hacker Way  Menlo Park  California 94025,Business/Group/Organization,40,St. Mary's County Democratic Central Committee,Media,Online Advertising,NA,Debit Card,NA,Electoral,NA,NA
2021-04-05,FaceBook,FaceBook,1 Hacker Way  Menlo Park  California 94025,Business/Group/Organization,25,Sweat  Moisette Tonya Friends of,Media,Online Advertising,NA,EFT,NA,Electoral,NA,NA
2021-04-07,FaceBook,FaceBook,1 Hacker Way  Menlo Park  California 94025,Business/Group/Organization,25,Sweat  Moisette Tonya Friends of,Media,Online Advertising,NA,EFT,NA,Electoral,NA,NA
2021-04-09,FaceBook,FaceBook,1 Hacker Way  Menlo Park  California 94025,Business/Group/Organization,25,Sweat  Moisette Tonya Friends of,Media,Online Advertising,NA,EFT,NA,Electoral,NA,NA
2021-04-13,FaceBook,FaceBook,1 Hacker Way  Menlo Park  California 94025,Business/Group/Organization,35,Sweat  Moisette Tonya Friends of,Media,Online Advertising,NA,EFT,NA,Electoral,NA,NA
2021-04-19,FaceBook,FaceBook,1 Hacker Way  Menlo Park  California 94025,Business/Group/Organization,50,Sweat  Moisette Tonya Friends of,Media,Online Advertising,NA,EFT,NA,Electoral,NA,NA
2021-04-23,FaceBook,FaceBook,1 Hacker Way  Menlo Park  California 94025,Business/Group/Organization,75,Sweat  Moisette Tonya Friends of,Media,Online Advertising,NA,EFT,NA,Electoral,NA,NA
2021-04-26,FaceBook,FaceBook,1 Hacker Way  Menlo Park  California 94025,Business/Group/Organization,75,Sweat  Moisette Tonya Friends of,Media,Online Advertising,NA,EFT,NA,Electoral,NA,NA
2021-04-27,FaceBook,FaceBook,1 Hacker Way  Menlo Park  California 94025,Business/Group/Organization,125,Sweat  Moisette Tonya Friends of,Media,Online Advertising,NA,EFT,NA,Electoral,NA,NA
2021-05-03,FaceBook,FaceBook,1 Hacker Way  Menlo Park  California 94025,Business/Group/Organization,60.21,Sweat  Moisette Tonya Friends of,Media,Online Advertising,NA,EFT,NA,Electoral,NA,NA
2021-05-05,Facebook,FaceBook,1 Hacker Way  Menlo Park  California 94025,Business/Group/Organization,2.79,Sweat  Moisette Tonya Friends of,Media,Online Advertising,NA,EFT,NA,Electoral,NA,NA
2021-06-01,FaceBook,FaceBook,1 Hacker Way  Menlo Park  California 94025,Business/Group/Organization,116.55,Sweat  Moisette Tonya Friends of,Media,Online Advertising,NA,EFT,NA,Electoral,NA,NA
2022-01-26,Facebook,FaceBook,1 Hacker Way  Menlo Park  California 94025,Business/Group/Organization,125,Alton  Gregory Committee to Elect,Media,Online Advertising,NA,Debit Card,NA,Electoral,NA,NA
2022-02-02,Facebook,FaceBook,1 Hacker Way  Menlo Park  California 94025,Business/Group/Organization,125,Alton  Gregory Committee to Elect,Media,Online Advertising,NA,Debit Card,NA,Electoral,Facebook Advertisement,NA
2022-05-04,Facebook,FaceBook,1 Hacker Way  Menlo Park  California 94025,Business/Group/Organization,4.3,The Old Line Project,Media,Online Advertising,NA,Credit Card/Visa,NA,Electoral,NA,NA
2022-06-01,Facebook,FaceBook,1 Hacker Way  Menlo Park  California 94025,Business/Group/Organization,10,The Old Line Project,Media,Online Advertising,NA,Credit Card/Visa,NA,Electoral,NA,NA
2021-07-21,Facebook,FaceBook,1 Hacker Way  Menlo Park  California 94025,Business/Group/Organization,10,St. Mary's County Democratic Central Committee,Media,Online Advertising,NA,Debit Card,NA,Electoral,NA,NA
2021-08-23,Facebook,FaceBook,1 Hacker Way  Menlo Park  California 94025,Business/Group/Organization,10,St. Mary's County Democratic Central Committee,Media,Online Advertising,NA,Debit Card,NA,Electoral,NA,NA
2021-12-22,Facebook,FaceBook,1 Hacker Way  Menlo Park  California 94025,Business/Group/Organization,16.36,St. Mary's County Democratic Central Committee,Media,Online Advertising,NA,Debit Card,NA,Electoral,NA,NA
2022-03-07,Facebook,FaceBook,1 Facebook Way  Menlo Park  California 94025,Business/Group/Organization,7.03,Balcombe  Marilyn Friends,Media,Online Advertising,NA,Debit Card,NA,Electoral,NA,NA
2022-10-23,Facebook,FaceBook,Facebook Wy  Menlo Park  California 94025,Business/Group/Organization,149.96,Guy  James (Randy)  Citizens for,Media,Online Advertising,NA,NA,NA,Electoral,NA,NA
2021-08-04,Facebook,FaceBook,156 University Avenue  Palo Alto  California 94301,Business/Group/Organization,3.76,Rigby  Christiana Neighbors for,Media,Online Advertising,NA,Debit Card,NA,Electoral,NA,NA
2021-08-30,Facebook,FaceBook,156 University Avenue  Palo Alto  California 94301,Business/Group/Organization,21.66,Rigby  Christiana Neighbors for,Media,Online Advertising,NA,Debit Card,NA,Electoral,NA,NA
2021-10-12,Facebook  Inc.,FaceBook,1 Facebook Way  Menlo Park  California 94025,Business/Group/Organization,35,Hollingsworth  Shekinah Friends of,Media,Online Advertising,NA,Debit Card,NA,Electoral,NA,NA
2021-10-12,Facebook  Inc.,FaceBook,1 Facebook Way  Menlo Park  California 94025,Business/Group/Organization,50,Hollingsworth  Shekinah Friends of,Media,Online Advertising,NA,Debit Card,NA,Electoral,NA,NA
2021-10-27,Facebook  Inc.,FaceBook,1 Facebook Way  Menlo Park  California 94025,Business/Group/Organization,4.85,Hollingsworth  Shekinah Friends of,Media,Online Advertising,NA,Debit Card,NA,Electoral,NA,NA
2022-01-19,Facebook Inc,FaceBook,1601 Willow Road  Menlo Park  California 94025,Business/Group/Organization,768.96,Brooks  Brandy Power Posse,Media,Online Advertising,NA,Credit Card/MasterCard,NA,Electoral,NA,NA
2021-06-28,Facebook,FaceBook,1 Hacker Way  Menlo Park  California 94025,Business/Group/Organization,30,Grammer  Robin L. Jr. Friends of,Media,Online Advertising,NA,EFT,NA,Electoral,NA,NA
2021-07-26,Facebook,FaceBook,1 Hacker Way  Menlo Park  California 94025,Business/Group/Organization,30,Grammer  Robin L. Jr. Friends of,Media,Online Advertising,NA,EFT,NA,Electoral,NA,NA
2021-10-08,Facebook,FaceBook,1 Hacker Way  Menlo Park  California 94025,Business/Group/Organization,5.94,Grammer  Robin L. Jr. Friends of,Media,Online Advertising,NA,EFT,NA,Electoral,NA,NA
2021-10-25,Facebook,FaceBook,1 Hacker Way  Menlo Park  California 94025,Business/Group/Organization,75,Grammer  Robin L. Jr. Friends of,Media,Online Advertising,NA,EFT,NA,Electoral,NA,NA
2021-10-27,Facebook,FaceBook,1 Hacker Way  Menlo Park  California 94025,Business/Group/Organization,27.7,Grammer  Robin L. Jr. Friends of,Media,Online Advertising,NA,EFT,NA,Electoral,NA,NA
2021-11-03,Facebook,FaceBook,1 Hacker Way  Menlo Park  California 94025,Business/Group/Organization,75,Grammer  Robin L. Jr. Friends of,Media,Online Advertising,NA,EFT,NA,Electoral,NA,NA
2021-11-29,Facebook,FaceBook,1 Hacker Way  Menlo Park  California 94025,Business/Group/Organization,16.51,Grammer  Robin L. Jr. Friends of,Media,Online Advertising,NA,EFT,NA,Electoral,NA,NA
2021-05-17,Facebook,FaceBook,1 Hacker Way  Menlo Park  California 94025,Business/Group/Organization,5.12,Hornberger  Kevin Friends of,Media,Online Advertising,NA,Debit Card,NA,Electoral,NA,NA
2021-06-21,Facebook,FaceBook,1 Hacker Way  Menlo Park  California 94025,Business/Group/Organization,44.88,Hornberger  Kevin Friends of,Media,Online Advertising,NA,Debit Card,NA,Electoral,NA,NA
2022-07-13,Facebook,FaceBook,1 Hacker Way  Menlo Park  California 94025,Business/Group/Organization,900,Fraser  Stanford Friends of,Media,Online Advertising,NA,Debit Card,NA,Electoral,NA,NA
2022-03-01,Facebook,FaceBook,1 Facebook Way  Menlo Park  California 94025,Business/Group/Organization,88.44,Balcombe  Marilyn Friends,Media,Online Advertising,NA,Debit Card,NA,Electoral,NA,NA
2022-05-02,Facebook / Meta,FaceBook,1 One Hacker  Menlo Park  California 94025,Business/Group/Organization,474.51,Wu  Robert Tunghay Friends of,Media,Online Advertising,NA,Debit Card,NA,Electoral,NA,NA
2022-05-08,Facebook,FaceBook,1 HACKER WAY  MELNO PARK  California 94205,Business/Group/Organization,150,Jain  Ashwani Friends of,Media,Online Advertising,NA,Debit Card,NA,Electoral,NA,NA
2022-03-07,Facebook,FaceBook,1 Facebook Way  Menlo Park  California 94025,Business/Group/Organization,900,Franchot Anderson-Walker for Maryland Slate,Media,Online Advertising,NA,Debit Card,NA,Electoral,NA,NA
2022-03-04,Facebook,FaceBook,1 Facebook Way  Menlo Park  California 94025,Business/Group/Organization,146.36,Franchot Anderson-Walker for Maryland Slate,Media,Online Advertising,NA,Debit Card,NA,Electoral,NA,NA
2022-03-03,Facebook,FaceBook,1 Facebook Way  Menlo Park  California 94025,Business/Group/Organization,900,Franchot Anderson-Walker for Maryland Slate,Media,Online Advertising,NA,Debit Card,NA,Electoral,NA,NA
2022-02-04,Facebook,FaceBook,1 Facebook Way  Menlo Park  California 94025,Business/Group/Organization,197.67,Franchot Anderson-Walker for Maryland Slate,Media,Online Advertising,NA,Debit Card,NA,Electoral,NA,NA
2022-05-08,Facebook,FaceBook,1 HACKER WAY  MELNO PARK  California 94205,Business/Group/Organization,400,Jain  Ashwani Friends of,Media,Online Advertising,NA,Debit Card,NA,Electoral,NA,NA
2021-09-01,Facebook,FaceBook,1 Hacker Way  Menlo Park  California 94025,Business/Group/Organization,20.27,Glass  Evan Neighbors of,Media,Online Advertising,NA,Debit Card,NA,Electoral,NA,NA
2022-05-26,Facebook,FaceBook,1 Hacker Way  Baltimore  Maryland 94025,Business/Group/Organization,395,Endow  Logan Friends of,Media,Online Advertising,NA,Debit Card,NA,Electoral,NA,NA
2022-05-15,Facebook,FaceBook,1 Facebook Way  Menlo Park  California 94025,Business/Group/Organization,33.47,Balcombe  Marilyn Friends,Media,Online Advertising,NA,Debit Card,NA,Electoral,NA,NA
2022-03-01,Facebook,FaceBook,1 Hacker Way  Menlo Park  California 94025,Business/Group/Organization,27,Bass  Robert For Sheriff,Media,Online Advertising,NA,Debit Card,NA,Electoral,NA,NA
2022-01-24,Facebook,FaceBook,1 Hacker Way  Menlo Park  California 94025,Business/Group/Organization,6.48,Quintanilla  Yolanda Friends For,Media,Online Advertising,NA,Debit Card,NA,Electoral,NA,NA
2021-07-12,Facebook,FaceBook,1601 Willow Road  Menlo Park  California 94025,Business/Group/Organization,900,Franchot  Peter Friends Of,Media,Online Advertising,NA,Debit Card,NA,Electoral,NA,NA
2022-11-07,Facebook,FaceBook,1 Hacker Way  Meno Park  California 94025,Business/Group/Organization,100,Dappert  Michele Committee to Elect,Media,Online Advertising,NA,Debit Card,NA,Electoral,NA,NA
2022-06-24,Facebook,FaceBook,1601 Willow Road  Menlo Park  California 94025,Business/Group/Organization,188.02,Harvey  Derek Vote,Media,Online Advertising,NA,Debit Card,NA,Electoral,NA,NA
2022-06-21,Facebook,FaceBook,1 Hacker Way  Menlo Park  California 94025,Business/Group/Organization,175,Nkongolo  LaToya Friends of,Media,Online Advertising,NA,Debit Card,NA,Electoral,NA,NA
2022-06-06,Facebook,FaceBook,1 Hacker Way  Menlo Park  California 94025,Business/Group/Organization,75,Tomlin  Zachary Friends of,Media,Online Advertising,NA,Credit Card/Visa,NA,Electoral,NA,NA
2022-04-14,Facebook,FaceBook,1 Hacker Way  Menlo Park  California 94025,Business/Group/Organization,50,Tomlin  Zachary Friends of,Media,Online Advertising,NA,Credit Card/Visa,NA,Electoral,NA,NA
2022-07-19,Facebook  Inc.,FaceBook,1 Facebook Way  Menlo Park  California 94025,Business/Group/Organization,100,Mink  Kristin Friends of,Media,Online Advertising,NA,Debit Card,NA,Electoral,NA,NA
2022-05-09,Facebook,FaceBook,1601 Willow Road  Menlo Park  California 94025,Business/Group/Organization,15,Thrasher  Tarolyn Campaign,Media,Online Advertising,NA,Credit Card/MasterCard,NA,Electoral,NA,NA
2022-06-27,Facebook  Inc.,FaceBook,1 Facebook Way  Menlo Park  California 94025,Business/Group/Organization,100,Mink  Kristin Friends of,Media,Online Advertising,NA,Debit Card,NA,Electoral,NA,NA
2022-06-28,Facebook  Inc.,FaceBook,1 Facebook Way  Menlo Park  California 94025,Business/Group/Organization,100,Mink  Kristin Friends of,Media,Online Advertising,NA,Debit Card,NA,Electoral,NA,NA
2022-06-29,Facebook  Inc.,FaceBook,1 Facebook Way  Menlo Park  California 94025,Business/Group/Organization,100,Mink  Kristin Friends of,Media,Online Advertising,NA,Debit Card,NA,Electoral,NA,NA
2022-06-30,Facebook  Inc.,FaceBook,1 Facebook Way  Menlo Park  California 94025,Business/Group/Organization,100,Mink  Kristin Friends of,Media,Online Advertising,NA,Debit Card,NA,Electoral,NA,NA
2022-07-01,Facebook  Inc.,FaceBook,1 Facebook Way  Menlo Park  California 94025,Business/Group/Organization,100,Mink  Kristin Friends of,Media,Online Advertising,NA,Debit Card,NA,Electoral,NA,NA
2022-07-02,Facebook  Inc.,FaceBook,1 Facebook Way  Menlo Park  California 94025,Business/Group/Organization,100,Mink  Kristin Friends of,Media,Online Advertising,NA,Debit Card,NA,Electoral,NA,NA
2022-05-31,Facebook,FaceBook,1 Hacker Way  Menlo Park  California 94025,Business/Group/Organization,900,Baron  Jon (Jonathan) for Maryland,Media,Online Advertising,NA,Check,NA,Electoral,Digital Advertising,NA
2022-06-03,Facebook,FaceBook,1 Hacker Way  Menlo Park  California 94025,Business/Group/Organization,900,Baron  Jon (Jonathan) for Maryland,Media,Online Advertising,NA,Check,NA,Electoral,Digital Advertising,NA
2022-05-02,Facebook,FaceBook,1 Hacker Way  Menlo Park  California 94025,Business/Group/Organization,600,Baron  Jon (Jonathan) for Maryland,Media,Online Advertising,NA,Check,NA,Electoral,Digital Advertising,NA
2021-09-29,Facebook,FaceBook,1 Hacker Way  Menlo Park  California 94025,Business/Group/Organization,11.19,Bagnall Tudball  Heather Citizens for,Media,Online Advertising,NA,Debit Card,NA,Electoral,NA,NA
2021-03-29,Facebook,FaceBook,1 Hacker Way  Menlo Park  California 94025,Business/Group/Organization,75,Bagnall Tudball  Heather Citizens for,Media,Online Advertising,NA,Debit Card,NA,Electoral,NA,NA
2022-10-04,Facebook,FaceBook,1 Facebook Way  Menlo Park  California 94025,Business/Group/Organization,111.99,Balcombe  Marilyn Friends,Media,Online Advertising,NA,Credit Card/Visa,NA,Electoral,NA,NA
2022-05-17,Facebook,FaceBook,1 Hacker Way  Menlo Park  California 94025,Business/Group/Organization,900,Baron  Jon (Jonathan) for Maryland,Media,Online Advertising,NA,Check,NA,Electoral,Digital Advertising,NA
2022-05-19,Facebook,FaceBook,1 Hacker Way  Menlo Park  California 94025,Business/Group/Organization,213.88,Baron  Jon (Jonathan) for Maryland,Media,Online Advertising,NA,Check,NA,Electoral,Digital Advertising,NA
2022-06-23,Facebook  Inc.,FaceBook,1 Facebook Way  Menlo Park  California 94025,Business/Group/Organization,100,Mink  Kristin Friends of,Media,Online Advertising,NA,Debit Card,NA,Electoral,NA,NA
2022-06-25,Facebook  Inc.,FaceBook,1 Facebook Way  Menlo Park  California 94025,Business/Group/Organization,100,Mink  Kristin Friends of,Media,Online Advertising,NA,Debit Card,NA,Electoral,NA,NA
2022-06-24,Facebook  Inc.,FaceBook,1 Facebook Way  Menlo Park  California 94025,Business/Group/Organization,100,Mink  Kristin Friends of,Media,Online Advertising,NA,Debit Card,NA,Electoral,NA,NA
2022-06-25,Facebook  Inc.,FaceBook,1 Facebook Way  Menlo Park  California 94025,Business/Group/Organization,100,Mink  Kristin Friends of,Media,Online Advertising,NA,Debit Card,NA,Electoral,NA,NA
2022-06-26,Facebook  Inc.,FaceBook,1 Facebook Way  Menlo Park  California 94025,Business/Group/Organization,100,Mink  Kristin Friends of,Media,Online Advertising,NA,Debit Card,NA,Electoral,NA,NA
2022-03-31,Facebook,FaceBook,1601 Willow Road  Menlo Park  California 94025,Business/Group/Organization,16.54,The Peoples Voice  LLC PAC,Media,Online Advertising,NA,Check,NA,Electoral,reimbursed Lisa Markovitz for credit card Facebook,NA
2021-11-17,Facebook  Inc.,FaceBook,1601 Willow Rd  Menlo Park  California 94025,Business/Group/Organization,175,Andrews  Vincent Friends of,Media,Online Advertising,NA,Credit Card/Visa,NA,Electoral,NA,NA
2021-11-29,Facebook  Inc.,FaceBook,1601 Willow Rd  Menlo Park  California 94025,Business/Group/Organization,125,Andrews  Vincent Friends of,Media,Online Advertising,NA,Credit Card/Visa,NA,Electoral,NA,NA
2022-04-27,Facebook,FaceBook,1 Hacker Way  Menlo Park  California 94025,Business/Group/Organization,16.05,Barrett  Stephen for Frederick,Media,Online Advertising,NA,EFT,NA,Electoral,NA,NA
2022-05-27,Facebook,FaceBook,1 Hacker Way  Menlo Park  California 94025,Business/Group/Organization,38.89,Barrett  Stephen for Frederick,Media,Online Advertising,NA,EFT,NA,Electoral,NA,NA
2021-03-22,Facebook,FaceBook,1 Hacker Way  Menlo Park  California 94025,Business/Group/Organization,99.98,Hornberger  Kevin Friends of,Media,Online Advertising,NA,Debit Card,NA,Electoral,NA,NA
2022-03-28,Facebook,FaceBook,1 Hacker Way  Menlo Park  California 94025,Business/Group/Organization,50,Barrett  Stephen for Frederick,Media,Online Advertising,NA,EFT,NA,Electoral,NA,NA
2022-04-21,Facebook,FaceBook,1 Hacker Way  Menlo Park  California 94025,Business/Group/Organization,75,Barrett  Stephen for Frederick,Media,Online Advertising,NA,EFT,NA,Electoral,NA,NA
2021-06-21,Facebook,FaceBook,1601 Willow Road  Menlo Park  California 94025,Business/Group/Organization,900,Franchot  Peter Friends Of,Media,Online Advertising,NA,EFT,NA,Electoral,NA,NA
2021-06-22,Facebook,FaceBook,1601 Willow Road  Menlo Park  California 94025,Business/Group/Organization,900,Franchot  Peter Friends Of,Media,Online Advertising,NA,EFT,NA,Electoral,NA,NA
2022-02-01,Facebook  Inc.,FaceBook,1 Facebook Way  Menlo Park  California 94025,Business/Group/Organization,299.31,Glassman  Barry Friends Of,Media,Online Advertising,NA,EFT,NA,Electoral,NA,NA
2022-07-11,Facebook Inc,FaceBook,1601 Willow Rd  Menlo Park  California 94025,Business/Group/Organization,75,Schleifer  Yitzchok Vote,Media,Online Advertising,NA,Debit Card,NA,Electoral,NA,NA
2022-11-08,Facebook,FaceBook,1 Hacker Way  Meno Park  California 94025,Business/Group/Organization,100,Dappert  Michele Committee to Elect,Media,Online Advertising,NA,Debit Card,NA,Electoral,NA,NA
2022-07-07,Facebook,FaceBook,1 Hacker Way  Menlo Park  California 94025,Business/Group/Organization,176.83,Tomlin  Zachary Friends of,Media,Online Advertising,NA,Credit Card/Visa,NA,Electoral,NA,NA
2021-08-13,Facebook,FaceBook,1 Facebook Way  Menlo Park  California 94025,Business/Group/Organization,125,Boniface  Billy Friends Of,Media,Online Advertising,NA,EFT,NA,Electoral,NA,NA
2021-06-30,Facebook,FaceBook,1601 Willow Road  Menlo Park  California 94025,Business/Group/Organization,900,Franchot  Peter Friends Of,Media,Online Advertising,NA,EFT,NA,Electoral,NA,NA
2021-06-28,Facebook,FaceBook,1601 Willow Road  Menlo Park  California 94025,Business/Group/Organization,900,Franchot  Peter Friends Of,Media,Online Advertising,NA,EFT,NA,Electoral,NA,NA
2021-08-03,Facebook,FaceBook,1601 Willow Road  Menlo Park  California 94025,Business/Group/Organization,900,Franchot  Peter Friends Of,Media,Online Advertising,NA,EFT,NA,Electoral,NA,NA
2022-06-28,Facebook,FaceBook,1 Hacker Way  Menlo Park  California 94025,Business/Group/Organization,1277.68,King and Siri for Maryland Slate,Media,Online Advertising,NA,Debit Card,NA,Electoral,Online Advertising,NA
2022-07-01,Facebook,FaceBook,1 Hacker Way  Menlo Park  California 94025,Business/Group/Organization,1260.67,King and Siri for Maryland Slate,Media,Online Advertising,NA,Debit Card,NA,Electoral,Online Advertising,NA
2022-06-27,Facebook,FaceBook,1 Hacker Way  Menlo Park  California 94025,Business/Group/Organization,1183.94,King and Siri for Maryland Slate,Media,Online Advertising,NA,Debit Card,NA,Electoral,Online Advertising,NA
2022-06-27,Facebook,FaceBook,1 Hacker Way  Menlo Park  California 94025,Business/Group/Organization,1182.55,King and Siri for Maryland Slate,Media,Online Advertising,NA,Debit Card,NA,Electoral,Online Advertising,NA
2022-06-27,Facebook,FaceBook,1 Hacker Way  Menlo Park  California 94025,Business/Group/Organization,1135.65,King and Siri for Maryland Slate,Media,Online Advertising,NA,Debit Card,NA,Electoral,Online Advertising,NA
2022-06-29,Facebook,FaceBook,1 Hacker Way  Menlo Park  California 94025,Business/Group/Organization,1134.65,King and Siri for Maryland Slate,Media,Online Advertising,NA,Debit Card,NA,Electoral,Online Advertising,NA
2022-05-16,Facebook,FaceBook,1 Hacker Way  Menlo Park  California 94025,Business/Group/Organization,2.11,James  Keenon Friends of,Media,Online Advertising,NA,Debit Card,NA,Electoral,NA,NA
2021-03-31,Facebook,FaceBook,1 Hacker Way  Menlo  California 94025,Business/Group/Organization,304.51,Brooks  Brandy Power Posse,Media,Online Advertising,NA,Debit Card,NA,Electoral,NA,NA
2021-03-23,Facebook,FaceBook,1 Hacker Way  Menlo  California 94025,Business/Group/Organization,400,Brooks  Brandy Power Posse,Media,Online Advertising,NA,Debit Card,NA,Electoral,NA,NA
2022-02-25,Facebook,FaceBook,1 Facebook Way  Menlo Park  California 94025,Business/Group/Organization,250,Boniface  Billy Friends Of,Media,Online Advertising,NA,EFT,NA,Electoral,NA,NA
2022-05-09,Facebook,FaceBook,1 Facebook Way  Menlo Park  California 94025,Business/Group/Organization,900,Boniface  Billy Friends Of,Media,Online Advertising,NA,EFT,NA,Electoral,NA,NA
2021-09-01,Facebook Inc,FaceBook,1601 Willow Road  Menlo Park  California 94025,Business/Group/Organization,599.99,Brooks  Brandy Power Posse,Media,Online Advertising,NA,Debit Card,NA,Electoral,NA,NA
2022-05-09,Facebook,FaceBook,1 Facebook Way  Menlo Park  California 94025,Business/Group/Organization,42.79,Boniface  Billy Friends Of,Media,Online Advertising,NA,EFT,NA,Electoral,NA,NA
2021-09-27,Facebook Inc,FaceBook,1601 Willow Road  Menlo Park  California 94025,Business/Group/Organization,900,Brooks  Brandy Power Posse,Media,Online Advertising,NA,Debit Card,NA,Electoral,NA,NA
2021-08-16,Facebook Inc,FaceBook,1601 Willow Road  Menlo Park  California 94025,Business/Group/Organization,600,Brooks  Brandy Power Posse,Media,Online Advertising,NA,Debit Card,NA,Electoral,NA,NA
2021-08-02,Facebook Inc,FaceBook,1601 Willow Road  Menlo Park  California 94025,Business/Group/Organization,300,Brooks  Brandy Power Posse,Media,Online Advertising,NA,Debit Card,NA,Electoral,NA,NA
2021-09-30,Facebook Inc,FaceBook,1601 Willow Road  Menlo Park  California 94025,Business/Group/Organization,432.65,Brooks  Brandy Power Posse,Media,Online Advertising,NA,Debit Card,NA,Electoral,NA,NA
2021-06-02,Facebook,FaceBook,1 Hacker Way  Menlo  California 94025,Business/Group/Organization,406.42,Brooks  Brandy Power Posse,Media,Online Advertising,NA,Debit Card,NA,Electoral,NA,NA
2021-12-01,FACEBOOK,FaceBook,1 Hacker Way  Menlo Park  California 94025,Business/Group/Organization,33.05,McCurdy  Sean Vote,Media,Online Advertising,NA,Debit Card,NA,Electoral,Facebook Ads,NA
2021-06-07,Facebook  Inc.,FaceBook,1 Facebook Way  Menlo Park  California 94025,Business/Group/Organization,2,Mink  Kristin Friends of,Media,Online Advertising,NA,Debit Card,NA,Electoral,NA,NA
2021-06-08,Facebook  Inc.,FaceBook,1 Facebook Way  Menlo Park  California 94025,Business/Group/Organization,2,Mink  Kristin Friends of,Media,Online Advertising,NA,Debit Card,NA,Electoral,NA,NA
2021-06-08,Facebook  Inc.,FaceBook,1 Facebook Way  Menlo Park  California 94025,Business/Group/Organization,2,Mink  Kristin Friends of,Media,Online Advertising,NA,Debit Card,NA,Electoral,NA,NA
2021-06-08,Facebook  Inc.,FaceBook,1 Facebook Way  Menlo Park  California 94025,Business/Group/Organization,3,Mink  Kristin Friends of,Media,Online Advertising,NA,Debit Card,NA,Electoral,NA,NA
2021-06-09,Facebook  Inc.,FaceBook,1 Facebook Way  Menlo Park  California 94025,Business/Group/Organization,3,Mink  Kristin Friends of,Media,Online Advertising,NA,Debit Card,NA,Electoral,NA,NA
2021-06-09,Facebook  Inc.,FaceBook,1 Facebook Way  Menlo Park  California 94025,Business/Group/Organization,5,Mink  Kristin Friends of,Media,Online Advertising,NA,EFT,NA,Electoral,NA,NA
2022-04-30,Facebook,FaceBook,1601 Willow Road  Menlo Park  California 94025,Business/Group/Organization,75,Harvey  Derek Vote,Media,Online Advertising,NA,Debit Card,NA,Electoral,NA,NA
2022-04-29,Facebook,FaceBook,1601 Willow Road  Menlo Park  California 94025,Business/Group/Organization,50,Harvey  Derek Vote,Media,Online Advertising,NA,Debit Card,NA,Electoral,NA,NA
2022-04-27,Facebook,FaceBook,1601 Willow Road  Menlo Park  California 94025,Business/Group/Organization,35,Harvey  Derek Vote,Media,Online Advertising,NA,Debit Card,NA,Electoral,NA,NA
2022-04-26,Facebook,FaceBook,1601 Willow Road  Menlo Park  California 94025,Business/Group/Organization,40,Harvey  Derek Vote,Media,Online Advertising,NA,Debit Card,NA,Electoral,NA,NA
2022-04-25,Facebook,FaceBook,1601 Willow Road  Menlo Park  California 94025,Business/Group/Organization,35,Harvey  Derek Vote,Media,Online Advertising,NA,Debit Card,NA,Electoral,NA,NA
2022-04-24,Facebook,FaceBook,1601 Willow Road  Menlo Park  California 94025,Business/Group/Organization,10,Harvey  Derek Vote,Media,Online Advertising,NA,Debit Card,NA,Electoral,NA,NA
2021-10-23,facebook,FaceBook,1 Hacker Way  Menlo Park  California 94025,Business/Group/Organization,17,Bennett  Jacob Vote for,Media,Online Advertising,NA,EFT,NA,Electoral,NA,NA
2021-10-24,facebook,FaceBook,1 Hacker Way  Menlo Park  California 94025,Business/Group/Organization,32,Bennett  Jacob Vote for,Media,Online Advertising,NA,EFT,NA,Electoral,NA,NA
2021-10-25,facebook,FaceBook,1 Hacker Way  Menlo Park  California 94025,Business/Group/Organization,75,Bennett  Jacob Vote for,Media,Online Advertising,NA,EFT,NA,Electoral,NA,NA
2021-10-26,facebook,FaceBook,1 Hacker Way  Menlo Park  California 94025,Business/Group/Organization,50,Bennett  Jacob Vote for,Media,Online Advertising,NA,EFT,NA,Electoral,NA,NA
2021-10-27,facebook,FaceBook,1 Hacker Way  Menlo Park  California 94025,Business/Group/Organization,75,Bennett  Jacob Vote for,Media,Online Advertising,NA,EFT,NA,Electoral,NA,NA
2021-10-28,facebook,FaceBook,1 Hacker Way  Menlo Park  California 94025,Business/Group/Organization,75,Bennett  Jacob Vote for,Media,Online Advertising,NA,EFT,NA,Electoral,NA,NA
2021-10-30,facebook,FaceBook,1 Hacker Way  Menlo Park  California 94025,Business/Group/Organization,125,Bennett  Jacob Vote for,Media,Online Advertising,NA,EFT,NA,Electoral,NA,NA
2021-11-22,facebook,FaceBook,1 Hacker Way  Menlo Park  California 94025,Business/Group/Organization,85.34,Bennett  Jacob Vote for,Media,Online Advertising,NA,EFT,NA,Electoral,NA,NA
2021-12-22,facebook,FaceBook,1 Hacker Way  Menlo Park  California 94025,Business/Group/Organization,151.02,Bennett  Jacob Vote for,Media,Online Advertising,NA,EFT,NA,Electoral,NA,NA
2022-09-12,Facebook,FaceBook,1 Facebook Way  Menlo Park  California 94025,Business/Group/Organization,50.59,Balcombe  Marilyn Friends,Media,Online Advertising,NA,Credit Card/Visa,NA,Electoral,NA,NA
2022-09-18,Facebook,FaceBook,1 Facebook Way  Menlo Park  California 94025,Business/Group/Organization,72.35,Balcombe  Marilyn Friends,Media,Online Advertising,NA,Debit Card,NA,Electoral,NA,NA
2022-05-30,Facebook,FaceBook,350 Camino Gardens Blvd  Suite 202  Boca Raton  Florida 33432,Business/Group/Organization,816.31,Lombardo  Darren Citizens for,Media,Online Advertising,NA,EFT,NA,Electoral,NA,NA
2021-10-26,Facebook,FaceBook,1 Hacker Way  Menlo Park  California 94025,Business/Group/Organization,1502.82,Adams  Tim(Timothy) Friends of,Media,Online Advertising,NA,Check,NA,Electoral,Facebook ads for Sept/Oct 2021,NA
2021-11-10,Facebook,FaceBook,1 Hacker Way  Menlo Park  California 94025,Business/Group/Organization,1377.74,Adams  Tim(Timothy) Friends of,Media,Online Advertising,NA,Check,NA,Electoral,FaceBook Ads (Oct 2021),NA
2022-06-07,Facebook,FaceBook,1 Hacker Way  Menlo Park  California 94025,Business/Group/Organization,1406.9,Penman  Aaron Committee to Elect,Media,Online Advertising,NA,Debit Card,NA,Electoral,FB Media Campaign Ads,NA
2021-10-07,Facebook,FaceBook,1 Hacker Way  Menlo Park  California 94025,Business/Group/Organization,25,Alton  Gregory Committee to Elect,Media,Online Advertising,NA,Debit Card,NA,Electoral,NA,NA
2021-10-12,Facebook,FaceBook,1 Hacker Way  Menlo Park  California 94025,Business/Group/Organization,14.25,Alton  Gregory Committee to Elect,Media,Online Advertising,NA,Debit Card,NA,Electoral,NA,NA
2021-11-12,Facebook,FaceBook,1 Hacker Way  Menlo Park  California 94025,Business/Group/Organization,14.78,Alton  Gregory Committee to Elect,Media,Online Advertising,NA,Debit Card,NA,Electoral,NA,NA
2021-11-15,Facebook,FaceBook,1 Hacker Way  Menlo Park  California 94025,Business/Group/Organization,25,Alton  Gregory Committee to Elect,Media,Online Advertising,NA,Debit Card,NA,Electoral,NA,NA
2021-11-15,Facebook,FaceBook,1 Hacker Way  Menlo Park  California 94025,Business/Group/Organization,25,Alton  Gregory Committee to Elect,Media,Online Advertising,NA,Debit Card,NA,Electoral,NA,NA
2021-11-18,Facebook,FaceBook,1 Hacker Way  Menlo Park  California 94025,Business/Group/Organization,35,Alton  Gregory Committee to Elect,Media,Online Advertising,NA,Debit Card,NA,Electoral,NA,NA
2021-11-22,Facebook,FaceBook,1 Hacker Way  Menlo Park  California 94025,Business/Group/Organization,50,Alton  Gregory Committee to Elect,Media,Online Advertising,NA,Debit Card,NA,Electoral,NA,NA
2021-11-29,Facebook,FaceBook,1 Hacker Way  Menlo Park  California 94025,Business/Group/Organization,75,Alton  Gregory Committee to Elect,Media,Online Advertising,NA,Debit Card,NA,Electoral,NA,NA
2021-12-13,Facebook,FaceBook,1 Hacker Way  Menlo Park  California 94025,Business/Group/Organization,96.13,Alton  Gregory Committee to Elect,Media,Online Advertising,NA,Debit Card,NA,Electoral,NA,NA
2021-12-28,Facebook,FaceBook,1 Hacker Way  Menlo Park  California 94025,Business/Group/Organization,125,Alton  Gregory Committee to Elect,Media,Online Advertising,NA,Debit Card,NA,Electoral,NA,NA
2021-10-01,Facebook,FaceBook,1 Facebook Way  Menlo Park  California 94025,Business/Group/Organization,30,Balcombe  Marilyn Friends,Media,Online Advertising,NA,Debit Card,NA,Electoral,NA,NA
2021-11-01,Facebook,FaceBook,1 Facebook Way  Menlo Park  California 94025,Business/Group/Organization,25,Balcombe  Marilyn Friends,Media,Online Advertising,NA,Debit Card,NA,Electoral,NA,NA
2021-05-03,Facebook  Inc.,FaceBook,1601 Willow Road  Menlo Park  California 94025-1452,Business/Group/Organization,20,McKay  Steve 4 Frederick County  Friends of,Media,Online Advertising,NA,Credit Card/Visa,NA,Electoral,NA,NA
2021-07-31,Facebook,FaceBook,1 Hacker Way  Menlo Park  California 94025,Business/Group/Organization,84.8,Ahmed  Raaheela Citizens for,Media,Online Advertising,NA,Debit Card,NA,Electoral,NA,NA
2022-07-11,Facebook,FaceBook,1 Hacker Way  Menlo Park  California 94025,Business/Group/Organization,750,Grammer  Robin L. Jr. Friends of,Media,Online Advertising,NA,Credit Card/Visa,NA,Electoral,NA,NA
2022-07-12,Facebook,FaceBook,1 Hacker Way  Menlo Park  California 94025,Business/Group/Organization,125,Grammer  Robin L. Jr. Friends of,Media,Online Advertising,NA,Credit Card/Visa,NA,Electoral,NA,NA
2022-07-19,Facebook,FaceBook,1 Hacker Way  Menlo Park  California 94025,Business/Group/Organization,125,Grammer  Robin L. Jr. Friends of,Media,Online Advertising,NA,Credit Card/Visa,NA,Electoral,NA,NA
2022-07-20,Facebook,FaceBook,1 Hacker Way  Menlo Park  California 94025,Business/Group/Organization,900,Grammer  Robin L. Jr. Friends of,Media,Online Advertising,NA,Credit Card/Visa,NA,Electoral,NA,NA
2022-07-27,Facebook,FaceBook,1 Hacker Way  Menlo Park  California 94025,Business/Group/Organization,50,Grammer  Robin L. Jr. Friends of,Media,Online Advertising,NA,Credit Card/Visa,NA,Electoral,NA,NA
2022-08-01,Facebook,FaceBook,1 Hacker Way  Menlo Park  California 94025,Business/Group/Organization,47.9,Grammer  Robin L. Jr. Friends of,Media,Online Advertising,NA,Credit Card/Visa,NA,Electoral,NA,NA
2021-07-26,Facebook  Inc,FaceBook,1601 Willow Road  Menlo Park  California 94025,Business/Group/Organization,75,Benbow  Reginald for Baltimore,Media,Online Advertising,NA,Debit Card,NA,Electoral,NA,NA
2021-07-16,Facebook  Inc,FaceBook,1601 Willow Road  Menlo Park  California 94025,Business/Group/Organization,25,Benbow  Reginald for Baltimore,Media,Online Advertising,NA,Debit Card,NA,Electoral,NA,NA
2021-07-16,Facebook  Inc,FaceBook,1601 Willow Road  Menlo Park  California 94025,Business/Group/Organization,25,Benbow  Reginald for Baltimore,Media,Online Advertising,NA,Debit Card,NA,Electoral,NA,NA
2021-07-17,Facebook  Inc,FaceBook,1601 Willow Road  Menlo Park  California 94025,Business/Group/Organization,25,Benbow  Reginald for Baltimore,Media,Online Advertising,NA,Debit Card,NA,Electoral,NA,NA
2021-07-18,Facebook  Inc,FaceBook,1601 Willow Road  Menlo Park  California 94025,Business/Group/Organization,35,Benbow  Reginald for Baltimore,Media,Online Advertising,NA,Debit Card,NA,Electoral,NA,NA
2021-07-19,Facebook  Inc,FaceBook,1601 Willow Road  Menlo Park  California 94025,Business/Group/Organization,50,Benbow  Reginald for Baltimore,Media,Online Advertising,NA,Debit Card,NA,Electoral,NA,NA
2021-07-22,Facebook  Inc,FaceBook,1601 Willow Road  Menlo Park  California 94025,Business/Group/Organization,75,Benbow  Reginald for Baltimore,Media,Online Advertising,NA,Debit Card,NA,Electoral,NA,NA
2021-08-31,Facebook,FaceBook,1 Facebook Way  Menlo Park  California 94025,Business/Group/Organization,112.92,Boniface  Billy Friends Of,Media,Online Advertising,NA,EFT,NA,Electoral,NA,NA
2021-10-18,Facebook,FaceBook,1 Facebook Way  Menlo Park  California 94025,Business/Group/Organization,250,Boniface  Billy Friends Of,Media,Online Advertising,NA,EFT,NA,Electoral,NA,NA
2021-11-01,Facebook,FaceBook,1 Facebook Way  Menlo Park  California 94025,Business/Group/Organization,25.91,Boniface  Billy Friends Of,Media,Online Advertising,NA,EFT,NA,Electoral,NA,NA
2021-11-01,Facebook,FaceBook,1 Facebook Way  Menlo Park  California 94025,Business/Group/Organization,250,Boniface  Billy Friends Of,Media,Online Advertising,NA,EFT,NA,Electoral,NA,NA
2021-11-08,Facebook,FaceBook,1 Facebook Way  Menlo Park  California 94025,Business/Group/Organization,250,Boniface  Billy Friends Of,Media,Online Advertising,NA,EFT,NA,Electoral,NA,NA
2021-11-08,Facebook,FaceBook,1 Facebook Way  Menlo Park  California 94025,Business/Group/Organization,54.27,Boniface  Billy Friends Of,Media,Online Advertising,NA,EFT,NA,Electoral,NA,NA
2021-11-09,Facebook,FaceBook,1 Facebook Way  Menlo Park  California 94025,Business/Group/Organization,25,Boniface  Billy Friends Of,Media,Online Advertising,NA,EFT,NA,Electoral,NA,NA
2021-11-10,Facebook,FaceBook,1 Facebook Way  Menlo Park  California 94025,Business/Group/Organization,25,Boniface  Billy Friends Of,Media,Online Advertising,NA,EFT,NA,Electoral,NA,NA
2021-11-12,Facebook,FaceBook,1 Facebook Way  Menlo Park  California 94025,Business/Group/Organization,35,Boniface  Billy Friends Of,Media,Online Advertising,NA,EFT,NA,Electoral,NA,NA
2021-11-15,Facebook,FaceBook,1 Facebook Way  Menlo Park  California 94025,Business/Group/Organization,50,Boniface  Billy Friends Of,Media,Online Advertising,NA,EFT,NA,Electoral,NA,NA
2021-11-17,Facebook,FaceBook,1 Facebook Way  Menlo Park  California 94025,Business/Group/Organization,75,Boniface  Billy Friends Of,Media,Online Advertising,NA,EFT,NA,Electoral,NA,NA
2021-11-22,Facebook,FaceBook,1 Facebook Way  Menlo Park  California 94025,Business/Group/Organization,125,Boniface  Billy Friends Of,Media,Online Advertising,NA,EFT,NA,Electoral,NA,NA
2021-11-23,Facebook,FaceBook,1 Facebook Way  Menlo Park  California 94025,Business/Group/Organization,175,Boniface  Billy Friends Of,Media,Online Advertising,NA,EFT,NA,Electoral,NA,NA
2021-06-14,Facebook,FaceBook,1 Facebook Way  Menlo Park  California 94025,Business/Group/Organization,75,Boniface  Billy Friends Of,Media,Online Advertising,NA,Debit Card,NA,Electoral,NA,NA
2021-07-01,Facebook,FaceBook,1 Facebook Way  Menlo Park  California 94025,Business/Group/Organization,25,Boniface  Billy Friends Of,Media,Online Advertising,NA,Debit Card,NA,Electoral,NA,NA
2021-08-02,Facebook,FaceBook,1 Facebook Way  Menlo Park  California 94025,Business/Group/Organization,62.08,Boniface  Billy Friends Of,Media,Online Advertising,NA,EFT,NA,Electoral,NA,NA
2021-08-02,Facebook,FaceBook,1 Facebook Way  Menlo Park  California 94025,Business/Group/Organization,75,Boniface  Billy Friends Of,Media,Online Advertising,NA,EFT,NA,Electoral,NA,NA
2021-08-04,Facebook,FaceBook,1 Facebook Way  Menlo Park  California 94025,Business/Group/Organization,75,Boniface  Billy Friends Of,Media,Online Advertising,NA,EFT,NA,Electoral,NA,NA
2021-09-14,Facebook,FaceBook,1 Facebook Way  Menlo Park  California 94025,Business/Group/Organization,175,Boniface  Billy Friends Of,Media,Online Advertising,NA,EFT,NA,Electoral,NA,NA
2021-09-30,Facebook,FaceBook,1 Facebook Way  Menlo Park  California 94025,Business/Group/Organization,198.44,Boniface  Billy Friends Of,Media,Online Advertising,NA,EFT,NA,Electoral,NA,NA
2021-11-19,Facebook,FaceBook,1 Facebook Way  Menlo Park  California 94025,Business/Group/Organization,75,Boniface  Billy Friends Of,Media,Online Advertising,NA,EFT,NA,Electoral,NA,NA
2021-11-10,Facebook,FaceBook,1 Facebook Way  Menlo Park  California 94025,Business/Group/Organization,25,Boniface  Billy Friends Of,Media,Online Advertising,NA,EFT,NA,Electoral,NA,NA
2021-11-30,Facebook,FaceBook,1 Facebook Way  Menlo Park  California 94025,Business/Group/Organization,1.65,Boniface  Billy Friends Of,Media,Online Advertising,NA,EFT,NA,Electoral,NA,NA
2021-12-08,Facebook,FaceBook,1 Facebook Way  Menlo Park  California 94025,Business/Group/Organization,80.72,Boniface  Billy Friends Of,Media,Online Advertising,NA,EFT,NA,Electoral,NA,NA
2021-01-31,Facebook,FaceBook,1 Facebook Way  Menlo Park  California 94025,Business/Group/Organization,122.15,Boniface  Billy Friends Of,Media,Online Advertising,NA,EFT,NA,Electoral,NA,NA
2022-01-10,Facebook,FaceBook,1 Facebook Way  Menlo Park  California 94025,Business/Group/Organization,28.57,Boniface  Billy Friends Of,Media,Online Advertising,NA,EFT,NA,Electoral,NA,NA
2021-08-02,Facebook,FaceBook,1 Facebook Way  Menlo Park  California 94025,Business/Group/Organization,10,Balcombe  Marilyn Friends,Media,Online Advertising,NA,Debit Card,NA,Electoral,NA,NA
2021-09-02,Facebook,FaceBook,1 Facebook Way  Menlo Park  California 94025,Business/Group/Organization,15,Balcombe  Marilyn Friends,Media,Online Advertising,NA,Debit Card,NA,Electoral,NA,NA
2021-12-01,Facebook,FaceBook,1 Facebook Way  Menlo Park  California 94025,Business/Group/Organization,30,Balcombe  Marilyn Friends,Media,Online Advertising,NA,Debit Card,NA,Electoral,NA,NA
2022-01-03,Facebook,FaceBook,1 Facebook Way  Menlo Park  California 94025,Business/Group/Organization,30,Balcombe  Marilyn Friends,Media,Online Advertising,NA,Debit Card,NA,Electoral,NA,NA
2021-06-01,Facebook  Inc,FaceBook,1 Facebook Way  Menlo Park  California 94025,Business/Group/Organization,50.87,Glassman  Barry Friends Of,Media,Online Advertising,NA,Debit Card,NA,Electoral,May 2021 media charge,NA
2021-10-31,Facebook,FaceBook,1601 Willow Road  Menlo Park  California 94025,Business/Group/Organization,29.86,The Peoples Voice  LLC PAC,Media,Online Advertising,NA,Check,NA,Electoral,NA,NA
2021-07-01,Facebook  Inc,FaceBook,1 Facebook Way  Menlo Park  California 94025,Business/Group/Organization,153.39,Glassman  Barry Friends Of,Media,Online Advertising,NA,Debit Card,NA,Electoral,June 2021 Facebook ad charges,NA
2021-08-02,Facebook  Inc.,FaceBook,1 Facebook Way  Menlo Park  California 94025,Business/Group/Organization,87.15,Glassman  Barry Friends Of,Media,Online Advertising,NA,EFT,NA,Electoral,NA,NA
2021-09-02,Facebook  Inc.,FaceBook,1 Facebook Way  Menlo Park  California 94025,Business/Group/Organization,149.53,Glassman  Barry Friends Of,Media,Online Advertising,NA,EFT,NA,Electoral,NA,NA
2021-10-04,Facebook  Inc.,FaceBook,1 Facebook Way  Menlo Park  California 94025,Business/Group/Organization,183.29,Glassman  Barry Friends Of,Media,Online Advertising,NA,EFT,NA,Electoral,NA,NA
2021-12-01,Facebook  Inc.,FaceBook,1 Facebook Way  Menlo Park  California 94025,Business/Group/Organization,520.98,Glassman  Barry Friends Of,Media,Online Advertising,NA,EFT,NA,Electoral,NA,NA
2022-01-03,Facebook  Inc.,FaceBook,1 Facebook Way  Menlo Park  California 94025,Business/Group/Organization,232.07,Glassman  Barry Friends Of,Media,Online Advertising,NA,EFT,NA,Electoral,NA,NA
2022-05-05,Facebook Inc,FaceBook,1 Hackey Way  Menlo Park  California 94025,Business/Group/Organization,10,Paschall  Patrick Friends of,Media,Online Advertising,NA,Debit Card,NA,Electoral,Online Outreach,NA
2022-06-14,Facebook,FaceBook,1 Hacker Way  Menlo Park  Maryland 94025,Business/Group/Organization,28.83,Waldstreicher  Jeff Friends Of,Media,Online Advertising,NA,Check,Jeff Waldstreicher,Electoral,NA,NA
2021-08-30,Facebook  Inc.,FaceBook,1 Facebook Way  Menlo Park  California 94025,Business/Group/Organization,35.51,Burkett  Charles Citizens for,Media,Online Advertising,NA,Credit Card/Visa,NA,Electoral,Facebook Ad,NA
2022-07-12,FACEBOOK,FaceBook,575 7th St NW  Washington  District Of Columbia 20004,Business/Group/Organization,-108.28,Jackson  Branndon Friends of,Media,Online Advertising,NA,Credit Card/Visa,NA,Electoral,NA,NA
2021-09-30,Facebook  Inc.,FaceBook,1 Facebook Way  Menlo Park  California 94025,Business/Group/Organization,109.49,Burkett  Charles Citizens for,Media,Online Advertising,NA,Debit Card,NA,Electoral,NA,NA
2022-04-22,facebook,FaceBook,1 Hacker Way  Menlo Park  California 94025,Business/Group/Organization,165.83,Bennett  Jacob Vote for,Media,Online Advertising,NA,Debit Card,NA,Electoral,NA,NA
2022-03-10,Facebook,FaceBook,1 Hacker Way  Menlo Park  California 94025,Business/Group/Organization,5,Yang  Julie Friends of,Media,Online Advertising,NA,EFT,NA,Electoral,NA,NA
2022-04-01,Facebook,FaceBook,1 Hacker Way  Menlo Park  California 94025,Business/Group/Organization,2.46,Yang  Julie Friends of,Media,Online Advertising,NA,Debit Card,NA,Electoral,NA,NA
2022-03-11,Facebook,FaceBook,1 Hacker Way  Menlo Park  California 94025,Business/Group/Organization,10,Tomlin  Zachary Friends of,Media,Online Advertising,NA,Credit Card/Visa,NA,Electoral,Facebook Ads,NA
2022-03-14,Facebook,FaceBook,1 Hacker Way  Menlo Park  California 94025,Business/Group/Organization,10,Tomlin  Zachary Friends of,Media,Online Advertising,NA,Credit Card/Visa,NA,Electoral,Facebook Ads,NA
2022-03-14,Facebook,FaceBook,1 Hacker Way  Menlo Park  California 94025,Business/Group/Organization,10,Tomlin  Zachary Friends of,Media,Online Advertising,NA,Credit Card/Visa,NA,Electoral,Facebook Ads,NA
2022-03-15,Facebook,FaceBook,1 Hacker Way  Menlo Park  California 94025,Business/Group/Organization,15,Tomlin  Zachary Friends of,Media,Online Advertising,NA,Credit Card/Visa,NA,Electoral,Facebook Ads,NA
2022-03-16,Facebook,FaceBook,1 Hacker Way  Menlo Park  California 94025,Business/Group/Organization,15,Tomlin  Zachary Friends of,Media,Online Advertising,NA,Credit Card/Visa,NA,Electoral,Facebook Ads,NA
2022-03-22,Facebook,FaceBook,1 Hacker Way  Menlo Park  California 94025,Business/Group/Organization,25,Tomlin  Zachary Friends of,Media,Online Advertising,NA,Credit Card/Visa,NA,Electoral,Facebook Ads,NA
2022-09-26,Facebook,FaceBook,1 Facebook Way  Menlo Park  California 94025,Business/Group/Organization,53.28,Balcombe  Marilyn Friends,Media,Online Advertising,NA,Debit Card,NA,Electoral,NA,NA
2021-05-27,Facebook  Inc.,FaceBook,1601 Willow Rd  Menlo Park  California 94025,Business/Group/Organization,147.47,Andrews  Vincent Friends of,Media,Online Advertising,NA,Credit Card/Visa,NA,Electoral,NA,NA
2021-04-29,Facebook  Inc.,FaceBook,1601 Willow Rd  Menlo Park  California 94025,Business/Group/Organization,25,Andrews  Vincent Friends of,Media,Online Advertising,NA,Credit Card/Visa,NA,Electoral,NA,NA
2021-04-29,Facebook  Inc.,FaceBook,1601 Willow Rd  Menlo Park  California 94025,Business/Group/Organization,25,Andrews  Vincent Friends of,Media,Online Advertising,NA,Credit Card/Visa,NA,Electoral,NA,NA
2021-04-29,Facebook  Inc.,FaceBook,1601 Willow Rd  Menlo Park  California 94025,Business/Group/Organization,25,Andrews  Vincent Friends of,Media,Online Advertising,NA,Credit Card/Visa,NA,Electoral,NA,NA
2021-04-29,Facebook  Inc.,FaceBook,1601 Willow Rd  Menlo Park  California 94025,Business/Group/Organization,35,Andrews  Vincent Friends of,Media,Online Advertising,NA,Credit Card/Visa,NA,Electoral,NA,NA
2021-04-30,Facebook  Inc.,FaceBook,1601 Willow Rd  Menlo Park  California 94025,Business/Group/Organization,50,Andrews  Vincent Friends of,Media,Online Advertising,NA,Credit Card/Visa,NA,Electoral,NA,NA
2021-04-30,Facebook  Inc.,FaceBook,1601 Willow Rd  Menlo Park  California 94025,Business/Group/Organization,75,Andrews  Vincent Friends of,Media,Online Advertising,NA,Credit Card/Visa,NA,Electoral,NA,NA
2021-05-03,Facebook  Inc.,FaceBook,1601 Willow Rd  Menlo Park  California 94025,Business/Group/Organization,75,Andrews  Vincent Friends of,Media,Online Advertising,NA,Credit Card/Visa,NA,Electoral,NA,NA
2021-05-03,Facebook  Inc.,FaceBook,1601 Willow Rd  Menlo Park  California 94025,Business/Group/Organization,125,Andrews  Vincent Friends of,Media,Online Advertising,NA,Credit Card/Visa,NA,Electoral,NA,NA
2022-02-01,Facebook,FaceBook,1 Facebook Way  Menlo Park  California 94025,Business/Group/Organization,74.48,Balcombe  Marilyn Friends,Media,Online Advertising,NA,Debit Card,NA,Electoral,NA,NA
2021-10-07,Facebook,FaceBook,1 Hacker Way  Menlo Park  California 94025,Business/Group/Organization,600,Baron  Jon (Jonathan) for Maryland,Media,Online Advertising,NA,EFT,NA,Electoral,Social Media Advertising,NA
2021-10-07,Facebook,FaceBook,1 Hacker Way  Menlo Park  California 94025,Business/Group/Organization,59.34,Baron  Jon (Jonathan) for Maryland,Media,Online Advertising,NA,EFT,NA,Electoral,Social Media Advertising,NA
2021-06-11,Facebook,FaceBook,1 Hacker Way  Menlo Park  California 94025,Business/Group/Organization,25,Baron  Jon (Jonathan) for Maryland,Media,Online Advertising,NA,EFT,NA,Electoral,Social Media Advertising,NA
2021-06-14,Facebook,FaceBook,1 Hacker Way  Menlo Park  California 94025,Business/Group/Organization,25,Baron  Jon (Jonathan) for Maryland,Media,Online Advertising,NA,EFT,NA,Electoral,Social Media Advertising,NA
2021-06-14,Facebook,FaceBook,1 Hacker Way  Menlo Park  California 94025,Business/Group/Organization,25,Baron  Jon (Jonathan) for Maryland,Media,Online Advertising,NA,EFT,NA,Electoral,Social Media Advertising,NA
2021-06-15,Facebook,FaceBook,1 Hacker Way  Menlo Park  California 94025,Business/Group/Organization,35,Baron  Jon (Jonathan) for Maryland,Media,Online Advertising,NA,EFT,NA,Electoral,Social Media Advertising,NA
2021-06-22,Facebook,FaceBook,1 Hacker Way  Menlo Park  California 94025,Business/Group/Organization,50,Baron  Jon (Jonathan) for Maryland,Media,Online Advertising,NA,EFT,NA,Electoral,Social Media Advertising,NA
2021-06-22,Facebook,FaceBook,1 Hacker Way  Menlo Park  California 94025,Business/Group/Organization,75,Baron  Jon (Jonathan) for Maryland,Media,Online Advertising,NA,EFT,NA,Electoral,Social Media Advertising,NA
2021-06-22,Facebook,FaceBook,1 Hacker Way  Menlo Park  California 94025,Business/Group/Organization,75,Baron  Jon (Jonathan) for Maryland,Media,Online Advertising,NA,EFT,NA,Electoral,Social Media Advertising,NA
2021-06-23,Facebook,FaceBook,1 Hacker Way  Menlo Park  California 94025,Business/Group/Organization,125,Baron  Jon (Jonathan) for Maryland,Media,Online Advertising,NA,EFT,NA,Electoral,Social Media Advertising,NA
2021-06-24,Facebook,FaceBook,1 Hacker Way  Menlo Park  California 94025,Business/Group/Organization,175,Baron  Jon (Jonathan) for Maryland,Media,Online Advertising,NA,EFT,NA,Electoral,Social Media Advertising,NA
2021-06-25,Facebook,FaceBook,1 Hacker Way  Menlo Park  California 94025,Business/Group/Organization,250,Baron  Jon (Jonathan) for Maryland,Media,Online Advertising,NA,EFT,NA,Electoral,Social Media Advertising,NA
2021-06-28,Facebook,FaceBook,1 Hacker Way  Menlo Park  California 94025,Business/Group/Organization,400,Baron  Jon (Jonathan) for Maryland,Media,Online Advertising,NA,EFT,NA,Electoral,Social Media Advertising,NA
2021-07-09,Facebook,FaceBook,1 Hacker Way  Menlo Park  California 94025,Business/Group/Organization,363.76,Baron  Jon (Jonathan) for Maryland,Media,Online Advertising,NA,EFT,NA,Electoral,Social Media Advertising,NA
2021-07-28,Facebook,FaceBook,1 Hacker Way  Menlo Park  California 94025,Business/Group/Organization,17.77,Baron  Jon (Jonathan) for Maryland,Media,Online Advertising,NA,EFT,NA,Electoral,Social Media Advertising,NA
2021-11-09,Facebook,FaceBook,1 Hacker Way  Menlo Park  California 94025,Business/Group/Organization,40.13,Baron  Jon (Jonathan) for Maryland,Media,Online Advertising,NA,EFT,NA,Electoral,Social Media Advertising,NA
2021-09-16,Facebook,FaceBook,1 Hacker Way  Menlo Park  California 94025,Business/Group/Organization,232.23,Baron  Jon (Jonathan) for Maryland,Media,Online Advertising,NA,EFT,NA,Electoral,Social Media Advertising,NA
2021-09-16,Facebook,FaceBook,1 Hacker Way  Menlo Park  California 94025,Business/Group/Organization,232.23,Baron  Jon (Jonathan) for Maryland,Media,Online Advertising,NA,EFT,NA,Electoral,Social Media Advertising,NA
2021-04-01,Facebook,FaceBook,1601 Willow Rd  Menlo Park  California 94025-1452,Business/Group/Organization,1082.6,Watson  Ron Friends of,Media,Online Advertising,NA,Credit Card/Visa,NA,Electoral,4/1/21-1/3/22,NA
2021-03-29,Facebook,FaceBook,1 Hacker Way  Menlo Park  California 94025,Business/Group/Organization,25,Grammer  Robin L. Jr. Friends of,Media,Online Advertising,NA,EFT,NA,Electoral,NA,NA
2021-03-30,Facebook,FaceBook,1 Hacker Way  Menlo Park  California 94025,Business/Group/Organization,25,Grammer  Robin L. Jr. Friends of,Media,Online Advertising,NA,EFT,NA,Electoral,NA,NA
2021-03-31,Facebook,FaceBook,1 Hacker Way  Menlo Park  California 94025,Business/Group/Organization,25,Grammer  Robin L. Jr. Friends of,Media,Online Advertising,NA,EFT,NA,Electoral,NA,NA
2021-04-27,Facebook,FaceBook,1 Hacker Way  Menlo Park  California 94025,Business/Group/Organization,25,Grammer  Robin L. Jr. Friends of,Media,Online Advertising,NA,EFT,NA,Electoral,NA,NA
2021-05-17,Facebook,FaceBook,1 Hacker Way  Menlo Park  California 94025,Business/Group/Organization,35,Grammer  Robin L. Jr. Friends of,Media,Online Advertising,NA,EFT,NA,Electoral,NA,NA
2021-05-18,Facebook,FaceBook,1 Hacker Way  Menlo Park  California 94025,Business/Group/Organization,35,Grammer  Robin L. Jr. Friends of,Media,Online Advertising,NA,EFT,NA,Electoral,NA,NA
2021-05-21,Facebook,FaceBook,1 Hacker Way  Menlo Park  California 94025,Business/Group/Organization,50,Grammer  Robin L. Jr. Friends of,Media,Online Advertising,NA,EFT,NA,Electoral,NA,NA
2021-05-26,Facebook,FaceBook,1 Hacker Way  Menlo Park  California 94025,Business/Group/Organization,10,Grammer  Robin L. Jr. Friends of,Media,Online Advertising,NA,EFT,NA,Electoral,NA,NA
2022-03-28,Facebook,FaceBook,1601 Willow Rd  Menlo Park  California 94025,Business/Group/Organization,10,Stewart  Kate Vote,Media,Online Advertising,NA,Debit Card,NA,Electoral,NA,NA
2022-03-26,Facebook,FaceBook,1601 Willow Rd  Menlo Park  California 94025,Business/Group/Organization,10,Stewart  Kate Vote,Media,Online Advertising,NA,Debit Card,NA,Electoral,NA,NA
2022-03-27,Facebook,FaceBook,1601 Willow Rd  Menlo Park  California 94025,Business/Group/Organization,1.26,Stewart  Kate Vote,Media,Online Advertising,NA,Debit Card,NA,Electoral,NA,NA
2021-05-03,Facebook,FaceBook,1 Hacker Way  Menlo Park  California 94025,Business/Group/Organization,84.17,King  John for Governor,Media,Online Advertising,NA,Check,NA,Electoral,Online Advertising,NA
2021-05-17,Facebook,FaceBook,1 Hacker Way  Menlo Park  California 94025,Business/Group/Organization,125,King  John for Governor,Media,Online Advertising,NA,Check,NA,Electoral,Online Advertising,NA
2021-05-24,Facebook,FaceBook,1 Hacker Way  Menlo Park  California 94025,Business/Group/Organization,125,King  John for Governor,Media,Online Advertising,NA,Check,NA,Electoral,Online Advertising,NA
2021-06-01,Facebook,FaceBook,1 Hacker Way  Menlo Park  California 94025,Business/Group/Organization,175,King  John for Governor,Media,Online Advertising,NA,Check,NA,Electoral,Online Advertising,NA
2021-06-02,Facebook,FaceBook,1 Hacker Way  Menlo Park  California 94025,Business/Group/Organization,34.85,King  John for Governor,Media,Online Advertising,NA,Check,NA,Electoral,Online Advertising,NA
2021-06-09,Facebook,FaceBook,1 Hacker Way  Menlo Park  California 94025,Business/Group/Organization,250,King  John for Governor,Media,Online Advertising,NA,Check,NA,Electoral,Online Advertising,NA
2021-06-17,Facebook,FaceBook,1 Hacker Way  Menlo Park  California 94025,Business/Group/Organization,400,King  John for Governor,Media,Online Advertising,NA,Check,NA,Electoral,Online Advertising,NA
2021-07-02,Facebook,FaceBook,1 Hacker Way  Menlo Park  California 94025,Business/Group/Organization,600,King  John for Governor,Media,Online Advertising,NA,Check,NA,Electoral,Online Advertising,NA
2021-07-06,Facebook,FaceBook,1 Hacker Way  Menlo Park  California 94025,Business/Group/Organization,20.14,King  John for Governor,Media,Online Advertising,NA,Check,NA,Electoral,Online Advertising,NA
2021-07-15,Facebook,FaceBook,1 Hacker Way  Menlo Park  California 94025,Business/Group/Organization,230.06,King  John for Governor,Media,Online Advertising,NA,Check,NA,Electoral,Online Advertising,NA
2021-07-21,Facebook,FaceBook,1 Hacker Way  Menlo Park  California 94025,Business/Group/Organization,25,King  John for Governor,Media,Online Advertising,NA,Check,NA,Electoral,Online Advertising,NA
2021-07-22,Facebook,FaceBook,1 Hacker Way  Menlo Park  California 94025,Business/Group/Organization,25,King  John for Governor,Media,Online Advertising,NA,Check,NA,Electoral,Online Advertising,NA
2021-07-23,Facebook,FaceBook,1 Hacker Way  Menlo Park  California 94025,Business/Group/Organization,25,King  John for Governor,Media,Online Advertising,NA,Check,NA,Electoral,Online Advertising,NA
2021-07-23,Facebook,FaceBook,1 Hacker Way  Menlo Park  California 94025,Business/Group/Organization,35,King  John for Governor,Media,Online Advertising,NA,Check,NA,Electoral,Online Advertising,NA
2021-07-26,Facebook,FaceBook,1 Hacker Way  Menlo Park  California 94025,Business/Group/Organization,50,King  John for Governor,Media,Online Advertising,NA,Check,NA,Electoral,Online Advertising,NA
2021-07-26,Facebook,FaceBook,1 Hacker Way  Menlo Park  California 94025,Business/Group/Organization,75,King  John for Governor,Media,Online Advertising,NA,Check,NA,Electoral,Online Advertising,NA
2021-08-20,Facebook,FaceBook,1 Hacker Way  Menlo Park  California 94025,Business/Group/Organization,65,King  John for Governor,Media,Online Advertising,NA,Check,NA,Electoral,Online Advertising,NA
2021-09-01,Facebook,FaceBook,1 Hacker Way  Menlo Park  California 94025,Business/Group/Organization,75,King  John for Governor,Media,Online Advertising,NA,Check,NA,Electoral,Online Advertising,NA
2021-09-02,Facebook,FaceBook,1 Hacker Way  Menlo Park  California 94025,Business/Group/Organization,75,King  John for Governor,Media,Online Advertising,NA,Check,NA,Electoral,Online Advertising,NA
2021-09-08,Facebook,FaceBook,1 Hacker Way  Menlo Park  California 94025,Business/Group/Organization,75,King  John for Governor,Media,Online Advertising,NA,Check,NA,Electoral,Online Advertising,NA
2021-09-13,Facebook,FaceBook,1 Hacker Way  Menlo Park  California 94025,Business/Group/Organization,125,King  John for Governor,Media,Online Advertising,NA,Check,NA,Electoral,Online Advertising,NA
2021-09-17,Facebook,FaceBook,1 Hacker Way  Menlo Park  California 94025,Business/Group/Organization,175,King  John for Governor,Media,Online Advertising,NA,Check,NA,Electoral,Online Advertising,NA
2021-09-20,Facebook,FaceBook,1 Hacker Way  Menlo Park  California 94025,Business/Group/Organization,75,King  John for Governor,Media,Online Advertising,NA,Check,NA,Electoral,Online Advertising,NA
2021-09-29,Facebook,FaceBook,1 Hacker Way  Menlo Park  California 94025,Business/Group/Organization,250,King  John for Governor,Media,Online Advertising,NA,Check,NA,Electoral,Online Advertising,NA
2021-10-12,Facebook,FaceBook,1 Hacker Way  Menlo Park  California 94025,Business/Group/Organization,400,King  John for Governor,Media,Online Advertising,NA,Check,NA,Electoral,Online Advertising,NA
2021-10-20,Facebook,FaceBook,1 Hacker Way  Menlo Park  California 94025,Business/Group/Organization,249.51,King  John for Governor,Media,Online Advertising,NA,Check,NA,Electoral,Online Advertising,NA
2021-11-22,Facebook,FaceBook,1 Hacker Way  Menlo Park  California 94025,Business/Group/Organization,544.78,King  John for Governor,Media,Online Advertising,NA,Check,NA,Electoral,Online Advertising,NA
2021-12-23,Facebook,FaceBook,1 Hacker Way  Menlo Park  California 94025,Business/Group/Organization,10,King  John for Governor,Media,Online Advertising,NA,Check,NA,Electoral,Online Advertising,NA
2021-12-23,Facebook,FaceBook,1 Hacker Way  Menlo Park  California 94025,Business/Group/Organization,10,King  John for Governor,Media,Online Advertising,NA,Check,NA,Electoral,Online Advertising,NA
2021-12-23,Facebook,FaceBook,1 Hacker Way  Menlo Park  California 94025,Business/Group/Organization,10,King  John for Governor,Media,Online Advertising,NA,Check,NA,Electoral,Online Advertising,NA
2021-12-23,Facebook,FaceBook,1 Hacker Way  Menlo Park  California 94025,Business/Group/Organization,15,King  John for Governor,Media,Online Advertising,NA,Check,NA,Electoral,Online Advertising,NA
2021-12-24,Facebook,FaceBook,1 Hacker Way  Menlo Park  California 94025,Business/Group/Organization,15,King  John for Governor,Media,Online Advertising,NA,Check,NA,Electoral,Online Advertising,NA
2021-12-24,Facebook,FaceBook,1 Hacker Way  Menlo Park  California 94025,Business/Group/Organization,25,King  John for Governor,Media,Online Advertising,NA,Check,NA,Electoral,Online Advertising,NA
2021-12-27,Facebook,FaceBook,1 Hacker Way  Menlo Park  California 94025,Business/Group/Organization,35,King  John for Governor,Media,Online Advertising,NA,Check,NA,Electoral,Online Advertising,NA
2021-12-27,Facebook,FaceBook,1 Hacker Way  Menlo Park  California 94025,Business/Group/Organization,50,King  John for Governor,Media,Online Advertising,NA,Check,NA,Electoral,Online Advertising,NA
2021-12-28,Facebook,FaceBook,1 Hacker Way  Menlo Park  California 94025,Business/Group/Organization,75,King  John for Governor,Media,Online Advertising,NA,Check,NA,Electoral,Online Advertising,NA
2022-01-03,Facebook,FaceBook,1 Hacker Way  Menlo Park  California 94025,Business/Group/Organization,75,King  John for Governor,Media,Online Advertising,NA,Check,NA,Electoral,Online Advertising,NA
2022-01-03,Facebook,FaceBook,1 Hacker Way  Menlo Park  California 94025,Business/Group/Organization,125,King  John for Governor,Media,Online Advertising,NA,Check,NA,Electoral,Online Advertising,NA
2022-01-10,Facebook,FaceBook,1 Hacker Way  Menlo Park  California 94025,Business/Group/Organization,175,King  John for Governor,Media,Online Advertising,NA,Check,NA,Electoral,Online Advertising,NA
2022-06-13,Facebook  Inc.,FaceBook,1601 Willow Rd  Menlo Park  California 94025,Business/Group/Organization,35,Albornoz  Gabriel Ivan For Council,Media,Online Advertising,NA,Check,NA,Electoral,Online Advertising,NA
2022-06-16,Facebook  Inc.,FaceBook,1601 Willow Rd  Menlo Park  California 94025,Business/Group/Organization,39.42,Albornoz  Gabriel Ivan For Council,Media,Online Advertising,NA,Check,NA,Electoral,Online Advertising,NA
2022-04-06,Facebook,FaceBook,1 Hacker Way  Menlo Park  California 94025,Business/Group/Organization,5.7,Howard  Seth Citizens To Elect,Media,Online Advertising,NA,Debit Card,NA,Electoral,NA,NA
2022-06-02,Facebook,FaceBook,1 Hacker Way  Menlo Park  California 94025,Business/Group/Organization,25,Amaya  Ruben Friends of,Media,Online Advertising,NA,Debit Card,NA,Electoral,NA,NA
2022-06-01,facebook,FaceBook,1 Hacker Way  Menlo Park  California 94025,Business/Group/Organization,114.99,Belcastro  Lisa Friends of,Media,Online Advertising,NA,Debit Card,NA,Electoral,NA,NA
2021-12-31,Facebook Inc,FaceBook,1601 Willow Road  Menlo Park  California 94025,Business/Group/Organization,450.97,Brooks  Brandy Power Posse,Media,Online Advertising,NA,Credit Card/MasterCard,NA,Electoral,NA,NA
2021-08-18,Facebook,FaceBook,1 Hacker Way  Menlo Park  California 94025,Business/Group/Organization,3.38,Hardy  Sherman The People to Elect,Media,Online Advertising,NA,Debit Card,NA,Electoral,NA,NA
2021-09-02,Facebook,FaceBook,1 Hacker Way  Menlo Park  California 94025,Business/Group/Organization,15,Hardy  Sherman The People to Elect,Media,Online Advertising,NA,Debit Card,NA,Electoral,NA,NA
2021-09-07,Facebook,FaceBook,1 Hacker Way  Menlo Park  California 94025,Business/Group/Organization,25,Hardy  Sherman The People to Elect,Media,Online Advertising,NA,Debit Card,NA,Electoral,NA,NA
2021-09-15,Facebook,FaceBook,1 Hacker Way  Menlo Park  California 94025,Business/Group/Organization,33,Hardy  Sherman The People to Elect,Media,Online Advertising,NA,Debit Card,NA,Electoral,NA,NA
2022-01-03,Facebook,FaceBook,1 Hacker Way  Menlo Park  California 94025,Business/Group/Organization,38.11,Glass  Evan Neighbors of,Media,Online Advertising,NA,Debit Card,NA,Electoral,NA,NA
2021-11-01,Facebook,FaceBook,1601 Willow Road  Menlo Park  California 94025,Business/Group/Organization,900,Franchot  Peter Friends Of,Media,Online Advertising,NA,Debit Card,NA,Electoral,NA,NA
2021-11-04,Facebook,FaceBook,1601 Willow Road  Menlo Park  California 94025,Business/Group/Organization,355.96,Franchot  Peter Friends Of,Media,Online Advertising,NA,Debit Card,NA,Electoral,NA,NA
2022-04-30,Facebook,FaceBook,1 Hacker Way  Menlo Park  California 94025,Business/Group/Organization,277,Funderburk  John Friends of,Media,Online Advertising,NA,Debit Card,NA,Electoral,NA,NA
2022-05-28,Facebook,FaceBook,1 Hacker Way  Menlo Park  California 94025,Business/Group/Organization,280,Funderburk  John Friends of,Media,Online Advertising,NA,Debit Card,NA,Electoral,NA,NA
2022-05-31,Facebook,FaceBook,1 Hacker Way  Menlo Park  California 94025,Business/Group/Organization,38.29,Funderburk  John Friends of,Media,Online Advertising,NA,Debit Card,NA,Electoral,NA,NA
2022-10-25,Facebook,FaceBook,1 Hacker Way  Menlo Park  California 94025,Business/Group/Organization,50,Sanders  Sterling Citizens for,Media,Online Advertising,NA,Debit Card,NA,Electoral,Facebook advertisement.,NA
2022-10-28,Facebook,FaceBook,1 Hacker Way  Menlo Park  California 94025,Business/Group/Organization,50,Sanders  Sterling Citizens for,Media,Online Advertising,NA,Debit Card,NA,Electoral,Facebook advertisement.,NA
2022-11-01,Facebook,FaceBook,1 Hacker Way  Menlo Park  California 94025,Business/Group/Organization,50.18,Sanders  Sterling Citizens for,Media,Online Advertising,NA,Debit Card,NA,Electoral,Facebook advertisement.,NA
2021-04-29,Facebook,FaceBook,1 Hacker Way  Menlo Park  California 94025,Business/Group/Organization,69.37,Bagnall Tudball  Heather Citizens for,Media,Online Advertising,NA,Debit Card,NA,Electoral,NA,NA
2021-06-01,Facebook,FaceBook,1 Hacker Way  Menlo Park  California 94025,Business/Group/Organization,15.82,Bagnall Tudball  Heather Citizens for,Media,Online Advertising,NA,Debit Card,NA,Electoral,NA,NA
2021-12-06,Facebook,FaceBook,1601 Willow Road  Menlo Park  California 94025,Business/Group/Organization,722.43,Franchot  Peter Friends Of,Media,Online Advertising,NA,Debit Card,NA,Electoral,NA,NA
2021-08-30,Facebook,FaceBook,1 Hacker Way  Menlo Park  California 94025,Business/Group/Organization,16.81,Bagnall Tudball  Heather Citizens for,Media,Online Advertising,NA,Debit Card,NA,Electoral,NA,NA
2022-03-31,Facebook,FaceBook,1 Hacker Way  Menlo  California 94025,Business/Group/Organization,246,Funderburk  John Friends of,Media,Online Advertising,NA,Credit Card/Visa,NA,Electoral,NA,NA
2022-02-28,Facebook,FaceBook,1 Hacker Way  Menlo Park  California 94025,Business/Group/Organization,104.99,Funderburk  John Friends of,Media,Online Advertising,NA,Credit Card/Visa,NA,Electoral,NA,NA
2021-08-04,Facebook,FaceBook,1601 Willow Road  Menlo Park  California 94025,Business/Group/Organization,229.87,Franchot  Peter Friends Of,Media,Online Advertising,NA,Debit Card,NA,Electoral,NA,NA
2021-05-19,Facebook,FaceBook,1 Hacker Way  Menlo Park  California 94025,Business/Group/Organization,25,Terrell  China Friends of,Media,Online Advertising,NA,EFT,NA,Electoral,NA,NA
2021-05-20,Facebook,FaceBook,1 Hacker Way  Menlo Park  California 94025,Business/Group/Organization,25,Terrell  China Friends of,Media,Online Advertising,NA,EFT,NA,Electoral,NA,NA
2021-03-29,Facebook,FaceBook,1 Hacker Way  Menlo Park  California 94025,Business/Group/Organization,9.06,Bagnall Tudball  Heather Citizens for,Media,Online Advertising,NA,Debit Card,NA,Electoral,NA,NA
2022-07-05,FACEBOOK,FaceBook,1 Hacker Way  Menlo Park  California 94025,Business/Group/Organization,6,Lee  Kenneth Citizens for,Media,Online Advertising,NA,Debit Card,NA,Electoral,NA,NA
2021-10-12,Facebook,FaceBook,1601 Willow Road  Menlo Park  California 94025,Business/Group/Organization,900,Franchot  Peter Friends Of,Media,Online Advertising,NA,Debit Card,NA,Electoral,NA,NA
2021-10-12,Facebook,FaceBook,1601 Willow Road  Menlo Park  California 94025,Business/Group/Organization,900,Franchot  Peter Friends Of,Media,Online Advertising,NA,Debit Card,NA,Electoral,NA,NA
2021-10-12,Facebook,FaceBook,1601 Willow Road  Menlo Park  California 94025,Business/Group/Organization,900,Franchot  Peter Friends Of,Media,Online Advertising,NA,Debit Card,NA,Electoral,NA,NA
2021-08-06,Facebook,FaceBook,1601 Willow Road  Menlo Park  California 94025,Business/Group/Organization,900,Franchot  Peter Friends Of,Media,Online Advertising,NA,Debit Card,NA,Electoral,NA,NA
2021-08-07,Facebook,FaceBook,1601 Willow Road  Menlo Park  California 94025,Business/Group/Organization,900,Franchot  Peter Friends Of,Media,Online Advertising,NA,Debit Card,NA,Electoral,NA,NA
2021-08-09,Facebook,FaceBook,1601 Willow Road  Menlo Park  California 94025,Business/Group/Organization,900,Franchot  Peter Friends Of,Media,Online Advertising,NA,Debit Card,NA,Electoral,NA,NA
2021-08-10,Facebook,FaceBook,1601 Willow Road  Menlo Park  California 94025,Business/Group/Organization,900,Franchot  Peter Friends Of,Media,Online Advertising,NA,Debit Card,NA,Electoral,NA,NA
2021-08-13,Facebook,FaceBook,1601 Willow Road  Menlo Park  California 94025,Business/Group/Organization,900,Franchot  Peter Friends Of,Media,Online Advertising,NA,Debit Card,NA,Electoral,NA,NA
2021-08-12,Facebook,FaceBook,1601 Willow Road  Menlo Park  California 94025,Business/Group/Organization,900,Franchot  Peter Friends Of,Media,Online Advertising,NA,Debit Card,NA,Electoral,NA,NA
2021-08-16,Facebook,FaceBook,1601 Willow Road  Menlo Park  California 94025,Business/Group/Organization,900,Franchot  Peter Friends Of,Media,Online Advertising,NA,Debit Card,NA,Electoral,NA,NA
2021-08-16,Facebook,FaceBook,1601 Willow Road  Menlo Park  California 94025,Business/Group/Organization,900,Franchot  Peter Friends Of,Media,Online Advertising,NA,Debit Card,NA,Electoral,NA,NA
2021-08-16,Facebook,FaceBook,1601 Willow Road  Menlo Park  California 94025,Business/Group/Organization,900,Franchot  Peter Friends Of,Media,Online Advertising,NA,Debit Card,NA,Electoral,NA,NA
2021-08-17,Facebook,FaceBook,1601 Willow Road  Menlo Park  California 94025,Business/Group/Organization,900,Franchot  Peter Friends Of,Media,Online Advertising,NA,Debit Card,NA,Electoral,NA,NA
2021-08-19,Facebook,FaceBook,1601 Willow Road  Menlo Park  California 94025,Business/Group/Organization,900,Franchot  Peter Friends Of,Media,Online Advertising,NA,Debit Card,NA,Electoral,NA,NA
2021-08-23,Facebook,FaceBook,1601 Willow Road  Menlo Park  California 94025,Business/Group/Organization,900,Franchot  Peter Friends Of,Media,Online Advertising,NA,Debit Card,NA,Electoral,NA,NA
2021-07-21,Facebook,FaceBook,1601 Willow Road  Menlo Park  California 94025,Business/Group/Organization,900,Franchot  Peter Friends Of,Media,Online Advertising,NA,EFT,NA,Electoral,NA,NA
2021-11-02,Facebook,FaceBook,1601 Willow Road  Menlo Park  California 94025,Business/Group/Organization,900,Franchot  Peter Friends Of,Media,Online Advertising,NA,Debit Card,NA,Electoral,NA,NA
2021-11-09,Facebook,FaceBook,1601 Willow Road  Menlo Park  California 94025,Business/Group/Organization,900,Franchot  Peter Friends Of,Media,Online Advertising,NA,Debit Card,NA,Electoral,NA,NA
2021-09-24,Facebook,FaceBook,1601 Willow Road  Menlo Park  California 94025,Business/Group/Organization,899.83,Franchot  Peter Friends Of,Media,Online Advertising,NA,Debit Card,NA,Electoral,NA,NA
2021-10-29,Facebook,FaceBook,1 Hacker Way  Menlo Park  California 94025,Business/Group/Organization,22.44,Bagnall Tudball  Heather Citizens for,Media,Online Advertising,NA,Debit Card,NA,Electoral,NA,NA
2021-12-29,Facebook,FaceBook,1 Hacker Way  Menlo Park  California 94025,Business/Group/Organization,10.26,Bagnall Tudball  Heather Citizens for,Media,Online Advertising,NA,Debit Card,NA,Electoral,NA,NA
2021-12-03,Facebook,FaceBook,1 Hacker Way  Menlo Park  California 94025,Business/Group/Organization,227.91,Franklin  Mel Friends Of,Media,Online Advertising,NA,EFT,NA,Electoral,NA,NA
2021-11-03,Facebook,FaceBook,1 Hacker Way  Menlo Park  California 94025,Business/Group/Organization,490.37,Franklin  Mel Friends Of,Media,Online Advertising,NA,EFT,NA,Electoral,NA,NA
2021-10-04,Facebook,FaceBook,1 Hacker Way  Menlo Park  California 94025,Business/Group/Organization,281.72,Franklin  Mel Friends Of,Media,Online Advertising,NA,EFT,NA,Electoral,NA,NA
2022-08-29,Facebook,FaceBook,1 hacker way  Menlo  Maryland 90420,Business/Group/Organization,8.36,Speakman  Michele Friends of,Media,Online Advertising,NA,Credit Card/MasterCard,NA,Electoral,NA,NA
2022-10-11,Facebook,FaceBook,1 Hacker Way  Meno Park  California 94025,Business/Group/Organization,100,Dappert  Michele Committee to Elect,Media,Online Advertising,NA,Debit Card,NA,Electoral,NA,NA
2022-10-13,Facebook,FaceBook,1 Hacker Way  Meno Park  California 94025,Business/Group/Organization,100,Dappert  Michele Committee to Elect,Media,Online Advertising,NA,Debit Card,NA,Electoral,NA,NA
2022-10-17,Facebook,FaceBook,1 Hacker Way  Meno Park  California 94025,Business/Group/Organization,100,Dappert  Michele Committee to Elect,Media,Online Advertising,NA,Debit Card,NA,Electoral,NA,NA
2022-10-20,Facebook,FaceBook,1 Hacker Way  Meno Park  California 94025,Business/Group/Organization,100,Dappert  Michele Committee to Elect,Media,Online Advertising,NA,Debit Card,NA,Electoral,NA,NA
2022-10-23,Facebook,FaceBook,1 Hacker Way  Meno Park  California 94025,Business/Group/Organization,99.98,Dappert  Michele Committee to Elect,Media,Online Advertising,NA,Debit Card,NA,Electoral,NA,NA
2021-08-26,Facebook,FaceBook,1601 Willow Road  Menlo Park  California 94025,Business/Group/Organization,900,Franchot  Peter Friends Of,Media,Online Advertising,NA,Debit Card,NA,Electoral,NA,NA
2021-08-30,Facebook,FaceBook,1601 Willow Road  Menlo Park  California 94025,Business/Group/Organization,900,Franchot  Peter Friends Of,Media,Online Advertising,NA,Debit Card,NA,Electoral,NA,NA
2021-08-30,Facebook,FaceBook,1601 Willow Road  Menlo Park  California 94025,Business/Group/Organization,900,Franchot  Peter Friends Of,Media,Online Advertising,NA,Debit Card,NA,Electoral,NA,NA
2021-09-03,Facebook,FaceBook,1601 Willow Road  Menlo Park  California 94025,Business/Group/Organization,900,Franchot  Peter Friends Of,Media,Online Advertising,NA,Debit Card,NA,Electoral,NA,NA
2021-09-10,Facebook,FaceBook,1601 Willow Road  Menlo Park  California 94025,Business/Group/Organization,900,Franchot  Peter Friends Of,Media,Online Advertising,NA,Debit Card,NA,Electoral,NA,NA
2022-02-22,FaceBook,FaceBook,1 Hackerway  Menlo Park  California 94025,Business/Group/Organization,47.12,Benn  Sarahia Friends to Elect,Media,Online Advertising,NA,Debit Card,NA,Electoral,NA,NA
2021-09-09,Facebook,FaceBook,1601 Willow Road  Menlo Park  California 94025,Business/Group/Organization,900,Franchot  Peter Friends Of,Media,Online Advertising,NA,Debit Card,NA,Electoral,NA,NA
2021-09-13,Facebook,FaceBook,1601 Willow Road  Menlo Park  California 94025,Business/Group/Organization,900,Franchot  Peter Friends Of,Media,Online Advertising,NA,Debit Card,NA,Electoral,NA,NA
2022-07-06,FACEBOOK,FaceBook,1 Hacker Way  Menlo Park  California 94025,Business/Group/Organization,5,Lee  Kenneth Citizens for,Media,Online Advertising,NA,Debit Card,NA,Electoral,NA,NA
2022-10-23,Facebook,FaceBook,1601 Willow Road  Menlo Park  California 94025,Business/Group/Organization,805.98,Harvey  Derek Vote,Media,Online Advertising,NA,Debit Card,NA,Electoral,NA,NA
2022-04-30,Facebook,FaceBook,1 Hacker Way  Menlo Park  California 94025,Business/Group/Organization,113.52,Ahmed  Raaheela Citizens for,Media,Online Advertising,NA,Debit Card,NA,Electoral,NA,NA
2022-04-04,Facebook,FaceBook,1 Hacker Way  Menlo Park  California 94025,Business/Group/Organization,171.72,Fraser  Stanford Friends of,Media,Online Advertising,NA,Debit Card,NA,Electoral,NA,NA
2022-05-10,Facebook,FaceBook,1 Hacker Way  Menlo Park  California 94025,Business/Group/Organization,240.67,Fraser  Stanford Friends of,Media,Online Advertising,NA,Debit Card,NA,Electoral,NA,NA
2022-03-31,Facebook,FaceBook,1 Hacker Way  Menlo Park  California 94025,Business/Group/Organization,124.46,Ahmed  Raaheela Citizens for,Media,Online Advertising,NA,Debit Card,NA,Electoral,NA,NA
2022-02-08,Facebook  Inc.,FaceBook,1601 Willow Road  Menlo Park  California 94025,Business/Group/Organization,2,Gatchel  (Robert) Bob Friends of,Media,Online Advertising,NA,Credit Card/MasterCard,NA,Electoral,Receipt WRM63C7AG2,NA
2022-02-08,Facebook  Inc.,FaceBook,1601 Willow Road  Menlo Park  California 94025,Business/Group/Organization,2,Gatchel  (Robert) Bob Friends of,Media,Online Advertising,NA,Credit Card/MasterCard,NA,Electoral,Receipt JQJLHEF9G2,NA
2022-02-09,Facebook  Inc.,FaceBook,1601 Willow Road  Menlo Park  California 94025,Business/Group/Organization,2,Gatchel  (Robert) Bob Friends of,Media,Online Advertising,NA,Credit Card/MasterCard,NA,Electoral,Receipt WSDKLCP9G2,NA
2022-02-10,Facebook  Inc.,FaceBook,1601 Willow Road  Menlo Park  California 94025,Business/Group/Organization,3,Gatchel  (Robert) Bob Friends of,Media,Online Advertising,NA,Credit Card/MasterCard,NA,Electoral,DCCPWEBAG2,NA
2022-02-11,Facebook  Inc.,FaceBook,1601 Willow Road  Menlo Park  California 94025,Business/Group/Organization,3,Gatchel  (Robert) Bob Friends of,Media,Online Advertising,NA,Credit Card/MasterCard,NA,Electoral,NA,NA
2022-02-12,Facebook  Inc.,FaceBook,1601 Willow Road  Menlo Park  California 94025,Business/Group/Organization,5,Gatchel  (Robert) Bob Friends of,Media,Online Advertising,NA,Credit Card/MasterCard,NA,Electoral,5089128214534105-9038241,NA
2022-02-14,Facebook  Inc.,FaceBook,1601 Willow Road  Menlo Park  California 94025,Business/Group/Organization,7,Gatchel  (Robert) Bob Friends of,Media,Online Advertising,NA,Credit Card/MasterCard,NA,Electoral,5124405297673061-9046939,NA
2022-02-15,Facebook  Inc.,FaceBook,1601 Willow Road  Menlo Park  California 94025,Business/Group/Organization,10,Gatchel  (Robert) Bob Friends of,Media,Online Advertising,NA,Credit Card/MasterCard,NA,Electoral,5129237347189856-9056459,NA
2022-02-18,Facebook  Inc.,FaceBook,1601 Willow Road  Menlo Park  California 94025,Business/Group/Organization,15,Gatchel  (Robert) Bob Friends of,Media,Online Advertising,NA,Credit Card/MasterCard,NA,Electoral,5129237347189856-9056459,NA
2022-03-02,Facebook  Inc.,FaceBook,1601 Willow Road  Menlo Park  California 94025,Business/Group/Organization,15,Gatchel  (Robert) Bob Friends of,Media,Online Advertising,NA,Credit Card/MasterCard,NA,Electoral,4788891841224411-9152502,NA
2022-03-06,Facebook  Inc.,FaceBook,1601 Willow Road  Menlo Park  California 94025,Business/Group/Organization,17.86,Gatchel  (Robert) Bob Friends of,Media,Online Advertising,NA,Credit Card/MasterCard,NA,Electoral,NA,NA
2022-03-09,Facebook  Inc.,FaceBook,1601 Willow Road  Menlo Park  California 94025,Business/Group/Organization,25,Gatchel  (Robert) Bob Friends of,Media,Online Advertising,NA,Credit Card/MasterCard,NA,Electoral,NA,NA
2022-03-14,Facebook  Inc.,FaceBook,1601 Willow Road  Menlo Park  California 94025,Business/Group/Organization,35,Gatchel  (Robert) Bob Friends of,Media,Online Advertising,NA,Credit Card/MasterCard,NA,Electoral,4906431652803764-9233927,NA
2022-03-21,Facebook  Inc.,FaceBook,1601 Willow Road  Menlo Park  California 94025,Business/Group/Organization,50,Gatchel  (Robert) Bob Friends of,Media,Online Advertising,NA,Credit Card/MasterCard,NA,Electoral,NA,NA
2022-04-06,Facebook  Inc.,FaceBook,1601 Willow Road  Menlo Park  California 94025,Business/Group/Organization,40.26,Gatchel  (Robert) Bob Friends of,Media,Online Advertising,NA,Credit Card/MasterCard,NA,Electoral,5236869029760022-9371439,NA
2022-05-06,Facebook  Inc.,FaceBook,1601 Willow Road  Menlo Park  California 94025,Business/Group/Organization,46.4,Gatchel  (Robert) Bob Friends of,Media,Online Advertising,NA,Credit Card/MasterCard,NA,Electoral,FB ADS FOR MAY 18 EVENT ETC,NA
2022-03-01,Facebook  Inc.,FaceBook,1 Facebook Way  Menlo Park  California 94025,Business/Group/Organization,27.12,Burkett  Charles Citizens for,Media,Online Advertising,NA,EFT,NA,Electoral,Facebook Ads,NA
2022-04-01,Facebook  Inc.,FaceBook,1 Facebook Way  Menlo Park  California 94025,Business/Group/Organization,43.5,Burkett  Charles Citizens for,Media,Online Advertising,NA,EFT,NA,Electoral,Facebook Ads,NA
2022-05-31,Facebook  Inc.,FaceBook,1 Facebook Way  Menlo Park  California 94025,Business/Group/Organization,20,Burkett  Charles Citizens for,Media,Online Advertising,NA,EFT,NA,Electoral,NA,NA
2022-05-19,Facebook,FaceBook,1 Hacker Way  Menlo Park  California 94025-1456,Business/Group/Organization,25,Dove  John C. Friends for Jr.,Media,Online Advertising,NA,Debit Card,NA,Electoral,NA,NA
2022-05-23,Facebook,FaceBook,1 Hacker Way  Menlo Park  California 94025-1456,Business/Group/Organization,25,Dove  John C. Friends for Jr.,Media,Online Advertising,NA,Debit Card,NA,Electoral,NA,NA
2022-05-23,Facebook,FaceBook,1 Hacker Way  Menlo Park  California 94025-1456,Business/Group/Organization,25,Dove  John C. Friends for Jr.,Media,Online Advertising,NA,Debit Card,NA,Electoral,NA,NA
2022-05-27,Facebook,FaceBook,1 Hacker Way  Menlo Park  California 94025-1456,Business/Group/Organization,35,Dove  John C. Friends for Jr.,Media,Online Advertising,NA,Debit Card,NA,Electoral,NA,NA
2022-06-02,Facebook,FaceBook,1 Hacker Way  Menlo Park  California 94025-1456,Business/Group/Organization,75,Dove  John C. Friends for Jr.,Media,Online Advertising,NA,Debit Card,NA,Electoral,NA,NA
2022-05-31,Facebook,FaceBook,1 Hacker Way  Menlo Park  California 94025-1456,Business/Group/Organization,75,Dove  John C. Friends for Jr.,Media,Online Advertising,NA,Debit Card,NA,Electoral,NA,NA
2022-05-31,Facebook,FaceBook,1 Hacker Way  Menlo Park  California 94025-1456,Business/Group/Organization,50,Dove  John C. Friends for Jr.,Media,Online Advertising,NA,Debit Card,NA,Electoral,NA,NA
2022-06-06,Facebook,FaceBook,1 Hacker Way  Menlo Park  California 94025-1456,Business/Group/Organization,19.52,Dove  John C. Friends for Jr.,Media,Online Advertising,NA,Debit Card,NA,Electoral,NA,NA
2022-05-16,Facebook,FaceBook,1 Hacker Way  Menlo Park  California 94025,Business/Group/Organization,1273.92,Waldstreicher  Jeff Friends Of,Media,Online Advertising,NA,Check,Jeff Waldstreicher,Electoral,NA,NA
2022-08-06,Facebook,FaceBook,1 Hacker Way  Menlow Park  California 94025,Business/Group/Organization,435.87,Danos  Maureen Committee to Elect for ROW,Media,Online Advertising,NA,Credit Card/Visa,NA,Electoral,NA,NA
2022-06-01,Facebook,FaceBook,1 Hacker Way  Menlo Park  California 94025,Business/Group/Organization,224.64,Corderman  Paul Friends of,Media,Online Advertising,NA,Debit Card,NA,Electoral,NA,NA
2022-10-31,Facebook,FaceBook,350 Camino Gardens Blvd  Suite 202  Boca Raton  Florida 33432,Business/Group/Organization,625,Lombardo  Darren Citizens for,Media,Online Advertising,NA,EFT,NA,Electoral,NA,NA
2022-11-09,Facebook,FaceBook,350 Camino Gardens Blvd  Suite 202  Boca Raton  Florida 33432,Business/Group/Organization,863.68,Lombardo  Darren Citizens for,Media,Online Advertising,NA,EFT,NA,Electoral,NA,NA
2022-11-10,Facebook,FaceBook,701 Laurel Street  Menlo Park  California 94025,Business/Group/Organization,766.47,Harford County Deputy Sheriffs Political Action Committee,Media,Online Advertising,NA,EFT,NA,Electoral,NA,NA
2022-11-02,Facebook/Meta,FaceBook,770 Broadway  New York  New York 10003,Business/Group/Organization,200,Brown  Monise Keep Judge,Media,Online Advertising,NA,Debit Card,NA,Electoral,NA,NA
2022-11-01,Facebook/Meta,FaceBook,770 Broadway  New York  New York 10003,Business/Group/Organization,100,Brown  Monise Keep Judge,Media,Online Advertising,NA,Debit Card,NA,Electoral,NA,NA
2022-10-31,Facebook/Meta,FaceBook,770 Broadway  New York  New York 10003,Business/Group/Organization,300,Brown  Monise Keep Judge,Media,Online Advertising,NA,Debit Card,NA,Electoral,NA,NA
2022-11-04,Facebook/Meta,FaceBook,770 Broadway  New York  New York 10003,Business/Group/Organization,200,Brown  Monise Keep Judge,Media,Online Advertising,NA,Debit Card,NA,Electoral,ads,NA
2022-11-05,Facebook/Meta,FaceBook,770 Broadway  New York  New York 10003,Business/Group/Organization,100,Brown  Monise Keep Judge,Media,Online Advertising,NA,Debit Card,NA,Electoral,ads,NA
2022-11-08,Facebook/Meta,FaceBook,770 Broadway  New York  New York 10003,Business/Group/Organization,100,Brown  Monise Keep Judge,Media,Online Advertising,NA,Debit Card,NA,Electoral,ads,NA
2022-01-22,facebook,FaceBook,1 Hacker Way  Menlo Park  California 94025,Business/Group/Organization,67.2,Bennett  Jacob Vote for,Media,Online Advertising,NA,EFT,NA,Electoral,NA,NA
2022-02-22,facebook,FaceBook,1 Hacker Way  Menlo Park  California 94025,Business/Group/Organization,33.35,Bennett  Jacob Vote for,Media,Online Advertising,NA,EFT,NA,Electoral,NA,NA
2022-03-22,facebook,FaceBook,1 Hacker Way  Menlo Park  California 94025,Business/Group/Organization,116.65,Bennett  Jacob Vote for,Media,Online Advertising,NA,EFT,NA,Electoral,NA,NA
2022-05-24,Facebook,FaceBook,1601 Willow Road  Menlo Park  California 94025,Business/Group/Organization,45.1,Harvey  Derek Vote,Media,Online Advertising,NA,Debit Card,NA,Electoral,NA,NA
2022-05-14,Facebook,FaceBook,1601 Willow Road  Menlo Park  California 94025,Business/Group/Organization,250,Harvey  Derek Vote,Media,Online Advertising,NA,Debit Card,NA,Electoral,NA,NA
2022-01-28,Facebook (META),FaceBook,NA,Business/Group/Organization,35,Montgomery  April Friends of,Media,Online Advertising,NA,Debit Card,Facebook (META),Electoral,NA,NA
2022-01-31,Facebook (META),FaceBook,NA,Business/Group/Organization,50,Montgomery  April Friends of,Media,Online Advertising,NA,Debit Card,Facebook (META),Electoral,NA,NA
2022-01-27,Facebook (META),FaceBook,NA,Business/Group/Organization,25,Montgomery  April Friends of,Media,Online Advertising,NA,Debit Card,Facebook (META),Electoral,NA,NA
2022-01-26,Facebook (META),FaceBook,NA,Business/Group/Organization,15,Montgomery  April Friends of,Media,Online Advertising,NA,Debit Card,Facebook (META),Electoral,NA,NA
2022-01-26,Facebook (META),FaceBook,NA,Business/Group/Organization,15.23,Montgomery  April Friends of,Media,Online Advertising,NA,Debit Card,Facebook (META),Electoral,NA,NA
2022-01-25,Facebook (META),FaceBook,NA,Business/Group/Organization,10,Montgomery  April Friends of,Media,Online Advertising,NA,Debit Card,Facebook (META),Electoral,NA,NA
2022-01-25,Facebook (META),FaceBook,NA,Business/Group/Organization,10,Montgomery  April Friends of,Media,Online Advertising,NA,Debit Card,Facebook (META),Electoral,NA,NA
2022-01-25,Facebook (META),FaceBook,NA,Business/Group/Organization,10,Montgomery  April Friends of,Media,Online Advertising,NA,Debit Card,Facebook (META),Electoral,NA,NA
2022-01-27,Facebook (META),FaceBook,NA,Business/Group/Organization,25,Montgomery  April Friends of,Media,Online Advertising,NA,Debit Card,Facebook (META),Electoral,NA,NA
2022-01-28,Facebook (META),FaceBook,NA,Business/Group/Organization,35,Montgomery  April Friends of,Media,Online Advertising,NA,Debit Card,Facebook (META),Electoral,NA,NA
2022-01-31,Facebook (META),FaceBook,NA,Business/Group/Organization,50,Montgomery  April Friends of,Media,Online Advertising,NA,Debit Card,Facebook (META),Electoral,NA,NA
2022-02-18,Facebook (META),FaceBook,NA,Business/Group/Organization,1.13,Montgomery  April Friends of,Media,Online Advertising,NA,Debit Card,Facebook (META),Electoral,NA,NA
2022-05-31,facebook,FaceBook,1 Hacker Way  Menlo Park  California 94025,Business/Group/Organization,54.12,Johnson  Andre Elect,Media,Online Advertising,NA,Credit Card/Visa,NA,Electoral,NA,NA
2022-03-01,Facebook,FaceBook,1 Hacker Way  Menlo Park  California 94025,Business/Group/Organization,92.74,Team 46 Slate  Friends of,Media,Online Advertising,NA,Debit Card,NA,Electoral,Facebook digital,NA
2022-04-01,Facebook,FaceBook,1 Hacker Way  Menlo Park  California 94025,Business/Group/Organization,32.53,Team 46 Slate  Friends of,Media,Online Advertising,NA,Debit Card,NA,Electoral,Facebook digital,NA
2022-04-21,Facebook,FaceBook,1601 S. California Ave.  Palo Alto  California 94303,Business/Group/Organization,75,Streight (Adam) For Cecil,Media,Online Advertising,NA,EFT,NA,Electoral,NA,NA
2022-05-09,Facebook,FaceBook,1601 S. California Ave.  Palo Alto  California 94303,Business/Group/Organization,14.67,Streight (Adam) For Cecil,Media,Online Advertising,NA,EFT,NA,Electoral,NA,NA
2022-06-07,Facebook,FaceBook,1601 S. California Ave.  Palo Alto  California 94303,Business/Group/Organization,100,Streight (Adam) For Cecil,Media,Online Advertising,NA,EFT,NA,Electoral,NA,NA
2022-05-23,Facebook,FaceBook,1 Hacker Way  Menlo Park  California 94025,Business/Group/Organization,75,Nkongolo  LaToya Friends of,Media,Online Advertising,NA,Debit Card,NA,Electoral,NA,NA
2022-02-14,Facebook,FaceBook,1 Hacker Way  Menlo Park  California 94025,Business/Group/Organization,7.2,Nkongolo  LaToya Friends of,Media,Online Advertising,NA,Debit Card,NA,Electoral,NA,NA
2022-04-12,Facebook,FaceBook,1 Hacker Way  Menlo Park  California 94025,Business/Group/Organization,14.03,Nkongolo  LaToya Friends of,Media,Online Advertising,NA,Debit Card,NA,Electoral,NA,NA
2022-04-28,Facebook,FaceBook,1 Hacker Way  Menlo Park  California 94025,Business/Group/Organization,50,Nkongolo  LaToya Friends of,Media,Online Advertising,NA,Debit Card,NA,Electoral,NA,NA
2022-05-12,Facebook,FaceBook,1 Hacker Way  Menlo Park  California 94025,Business/Group/Organization,36.72,Nkongolo  LaToya Friends of,Media,Online Advertising,NA,Debit Card,NA,Electoral,NA,NA
2022-06-01,Facebook,FaceBook,1 Hacker Way  Menlo Park  California 94025,Business/Group/Organization,75,Nkongolo  LaToya Friends of,Media,Online Advertising,NA,Debit Card,NA,Electoral,NA,NA
2022-06-06,Facebook,FaceBook,1 Hacker Way  Menlo Park  California 94025,Business/Group/Organization,75,Nkongolo  LaToya Friends of,Media,Online Advertising,NA,Debit Card,NA,Electoral,NA,NA
2022-05-24,Facebook,FaceBook,1 Hacker Way  Menlo Park  California 94025,Business/Group/Organization,900,Baron  Jon (Jonathan) for Maryland,Media,Online Advertising,NA,Check,NA,Electoral,Digital Advertising,NA
2022-05-27,Facebook,FaceBook,1 Hacker Way  Menlo Park  California 94025,Business/Group/Organization,900,Baron  Jon (Jonathan) for Maryland,Media,Online Advertising,NA,Check,NA,Electoral,Digital Advertising,NA
2021-11-01,Facebook,FaceBook,1 Hacker Way  Menlo Park  California 94025,Business/Group/Organization,14.96,Glass  Evan Neighbors of,Media,Online Advertising,NA,Debit Card,NA,Electoral,NA,NA
2022-02-14,Facebook,FaceBook,1 Hacker Way  Menlo Park  California 94025,Business/Group/Organization,28.07,Alton  Gregory Committee to Elect,Media,Online Advertising,NA,Debit Card,NA,Electoral,Facebook Advertisement,NA
2022-02-24,Facebook,FaceBook,1 Hacker Way  Menlo Park  California 94025,Business/Group/Organization,175,Alton  Gregory Committee to Elect,Media,Online Advertising,NA,Debit Card,NA,Electoral,Facebook ad,NA
2022-03-31,Facebook,FaceBook,1 Hacker Way  Menlo Park  California 94025,Business/Group/Organization,250,Alton  Gregory Committee to Elect,Media,Online Advertising,NA,Credit Card/MasterCard,NA,Electoral,NA,NA
2022-03-11,Facebook,FaceBook,1 Hacker Way  Menlo Park  California 94025,Business/Group/Organization,64.05,Alton  Gregory Committee to Elect,Media,Online Advertising,NA,Credit Card/MasterCard,NA,Electoral,NA,NA
2022-03-07,Facebook,FaceBook,1 Hacker Way  Menlo Park  California 94025,Business/Group/Organization,175,Alton  Gregory Committee to Elect,Media,Online Advertising,NA,Credit Card/MasterCard,NA,Electoral,NA,NA
2022-04-12,Facebook,FaceBook,1 Hacker Way  Menlo Park  California 94025,Business/Group/Organization,38.05,Alton  Gregory Committee to Elect,Media,Online Advertising,NA,Credit Card/MasterCard,NA,Electoral,Facebook Ad,NA
2022-04-30,Facebook,FaceBook,350 Camino Gardens Blvd  Suite 202  Boca Raton  Florida 33432,Business/Group/Organization,161.66,Lombardo  Darren Citizens for,Media,Online Advertising,NA,EFT,NA,Electoral,NA,NA
2022-05-09,Facebook,FaceBook,1 Hacker Way  Menlo Park  California 94025,Business/Group/Organization,250,Alton  Gregory Committee to Elect,Media,Online Advertising,NA,Credit Card/MasterCard,NA,Electoral,Facebook Ad,NA
2022-05-12,Facebook,FaceBook,1 Hacker Way  Menlo Park  California 94025,Business/Group/Organization,48.62,Alton  Gregory Committee to Elect,Media,Online Advertising,NA,Credit Card/MasterCard,NA,Electoral,Online Facebook Ad,NA
2022-05-22,facebook,FaceBook,1 Hacker Way  Menlo Park  California 94025,Business/Group/Organization,102.35,Bennett  Jacob Vote for,Media,Online Advertising,NA,Debit Card,NA,Electoral,NA,NA
2022-05-02,Facebook,FaceBook,1 Hacker Way  Menlo Park  California 94025,Business/Group/Organization,8.02,Bagnall Tudball  Heather Citizens for,Media,Online Advertising,NA,Debit Card,NA,Electoral,NA,NA
2022-05-10,Facebook,FaceBook,1 Hacker Way  Menlo Park  California 94025,Business/Group/Organization,75,Bagnall Tudball  Heather Citizens for,Media,Online Advertising,NA,Debit Card,NA,Electoral,NA,NA
2022-05-24,Facebook,FaceBook,1 Hacker Way  Menlo Park  California 94025,Business/Group/Organization,75,Bagnall Tudball  Heather Citizens for,Media,Online Advertising,NA,Debit Card,NA,Electoral,NA,NA
2022-05-31,Facebook,FaceBook,1 Hacker Way  Menlo Park  California 94025,Business/Group/Organization,27.37,Bagnall Tudball  Heather Citizens for,Media,Online Advertising,NA,Debit Card,NA,Electoral,NA,NA
2021-10-30,Facebook,FaceBook,1601 Willow Road  Menlo Park  California 94025,Business/Group/Organization,900,Franchot  Peter Friends Of,Media,Online Advertising,NA,Debit Card,NA,Electoral,NA,NA
2021-08-09,Facebook,FaceBook,1601 Willow Road  Menlo Park  California 94025,Business/Group/Organization,900,Franchot  Peter Friends Of,Media,Online Advertising,NA,Debit Card,NA,Electoral,NA,NA
2021-10-18,Facebook,FaceBook,1601 Willow Road  Menlo Park  California 94025,Business/Group/Organization,900,Franchot  Peter Friends Of,Media,Online Advertising,NA,Debit Card,NA,Electoral,NA,NA
2021-10-05,Facebook,FaceBook,1601 Willow Road  Menlo Park  California 94025,Business/Group/Organization,284.13,Franchot  Peter Friends Of,Media,Online Advertising,NA,Debit Card,NA,Electoral,NA,NA
2021-10-04,Facebook,FaceBook,1601 Willow Road  Menlo Park  California 94025,Business/Group/Organization,900,Franchot  Peter Friends Of,Media,Online Advertising,NA,Debit Card,NA,Electoral,NA,NA
2021-10-04,Facebook,FaceBook,1601 Willow Road  Menlo Park  California 94025,Business/Group/Organization,900,Franchot  Peter Friends Of,Media,Online Advertising,NA,Debit Card,NA,Electoral,NA,NA
2022-04-22,facebook,FaceBook,1 Hacker Way  Menlo Park  California 94025,Business/Group/Organization,15,Hall  Steven for Sheriff,Media,Online Advertising,NA,Debit Card,NA,Electoral,NA,NA
2022-05-23,facebook,FaceBook,1 Hacker Way  Menlo Park  Maryland 94025,Business/Group/Organization,15,Hall  Steven for Sheriff,Media,Online Advertising,NA,Debit Card,NA,Electoral,NA,NA
2022-04-25,facebook,FaceBook,1 Hacker Way  Menlo Park  California 94025,Business/Group/Organization,25,Hall  Steven for Sheriff,Media,Online Advertising,NA,Debit Card,NA,Electoral,NA,NA
2022-05-03,facebook,FaceBook,1 Hacker Way  Menlo Park  California 94025,Business/Group/Organization,30,Hall  Steven for Sheriff,Media,Online Advertising,NA,Debit Card,NA,Electoral,NA,NA
2022-06-03,facebook,FaceBook,1 Hacker Way  Menlo Park  Maryland 94025,Business/Group/Organization,20.03,Hall  Steven for Sheriff,Media,Online Advertising,NA,Debit Card,NA,Electoral,NA,NA
2022-06-06,facebook,FaceBook,1 Hacker Way  Menlo Park  California 94025,Business/Group/Organization,35,Hall  Steven for Sheriff,Media,Online Advertising,NA,Debit Card,NA,Electoral,NA,NA
2021-10-04,Facebook,FaceBook,1601 Willow Road  Menlo Park  California 94025,Business/Group/Organization,900,Franchot  Peter Friends Of,Media,Online Advertising,NA,Debit Card,NA,Electoral,NA,NA
2022-04-18,Facebook  Inc.,FaceBook,1601 Willow Road  Menlo Park  California 94025-1452,Business/Group/Organization,29.57,Piereck  Ricardo (Rick) Citizens for,Media,Online Advertising,NA,Credit Card/Visa,NA,Electoral,NA,NA
2022-01-18,Facebook  Inc.,FaceBook,1601 Willow Road  Menlo Park  California 94025-1452,Business/Group/Organization,50,Piereck  Ricardo (Rick) Citizens for,Media,Online Advertising,NA,Credit Card/Visa,NA,Electoral,NA,NA
2022-02-18,Facebook  Inc.,FaceBook,1601 Willow Road  Menlo Park  California 94025-1452,Business/Group/Organization,50,Piereck  Ricardo (Rick) Citizens for,Media,Online Advertising,NA,Credit Card/Visa,NA,Electoral,NA,NA
2022-05-19,Facebook  Inc.,FaceBook,1601 Willow Road  Menlo Park  California 94025-1452,Business/Group/Organization,20.43,Piereck  Ricardo (Rick) Citizens for,Media,Online Advertising,NA,Credit Card/Visa,NA,Electoral,NA,NA
2022-06-23,Facebook,FaceBook,1 Hacker Way  Menlo Park  California 94025,Business/Group/Organization,65.76,King and Siri for Maryland Slate,Media,Online Advertising,NA,Debit Card,NA,Electoral,Online Advertising,NA
2022-01-18,Facebook,FaceBook,1 Facebook Way  Menlo Park  California 94025,Business/Group/Organization,250,Boniface  Billy Friends Of,Media,Online Advertising,NA,EFT,NA,Electoral,NA,NA
2022-01-31,Facebook,FaceBook,1 Facebook Way  Menlo Park  California 94025,Business/Group/Organization,250,Boniface  Billy Friends Of,Media,Online Advertising,NA,EFT,NA,Electoral,NA,NA
2022-02-08,Facebook,FaceBook,1 Facebook Way  Menlo Park  California 94025,Business/Group/Organization,163.45,Boniface  Billy Friends Of,Media,Online Advertising,NA,EFT,NA,Electoral,NA,NA
2022-03-04,Facebook,FaceBook,1 Facebook Way  Menlo Park  California 94025,Business/Group/Organization,400,Boniface  Billy Friends Of,Media,Online Advertising,NA,EFT,NA,Electoral,NA,NA
2022-05-31,Facebook,FaceBook,1 Facebook Way  Menlo Park  California 94025,Business/Group/Organization,7.99,Balcombe  Marilyn Friends,Media,Online Advertising,NA,Debit Card,NA,Electoral,NA,NA
2022-05-25,Facebook,FaceBook,1 Facebook Way  Menlo Park  California 94025,Business/Group/Organization,8,Balcombe  Marilyn Friends,Media,Online Advertising,NA,Debit Card,NA,Electoral,NA,NA
2022-06-03,Facebook,FaceBook,1 Facebook Way  Menlo Park  California 94025,Business/Group/Organization,14.19,Balcombe  Marilyn Friends,Media,Online Advertising,NA,Debit Card,NA,Electoral,NA,NA
2022-05-19,Facebook,FaceBook,1 Facebook Way  Menlo Park  California 94025,Business/Group/Organization,32.48,Balcombe  Marilyn Friends,Media,Online Advertising,NA,Debit Card,NA,Electoral,NA,NA
2022-05-20,Facebook,FaceBook,1 Facebook Way  Menlo Park  California 94025,Business/Group/Organization,5,Balcombe  Marilyn Friends,Media,Online Advertising,NA,Debit Card,NA,Electoral,NA,NA
2022-05-26,Facebook,FaceBook,1 Hacker Way  Menlo Park  California 94025,Business/Group/Organization,10,James  Keenon Friends of,Media,Online Advertising,NA,Debit Card,NA,Electoral,NA,NA
2022-05-31,Facebook,FaceBook,1 Hacker Way  Menlo Park  California 94025,Business/Group/Organization,10,James  Keenon Friends of,Media,Online Advertising,NA,Debit Card,NA,Electoral,NA,NA
2022-05-31,Facebook,FaceBook,1 Hacker Way  Menlo Park  California 94025,Business/Group/Organization,15,James  Keenon Friends of,Media,Online Advertising,NA,Debit Card,NA,Electoral,NA,NA
2022-12-01,Facebook,FaceBook,1 Hacker Way  Menlo Park  California 94025,Business/Group/Organization,124.16,Sanders  Sterling Citizens for,Media,Online Advertising,NA,Debit Card,NA,Electoral,Final social media advertisment (ended on Nov. 8),NA
2022-08-26,Facebook,FaceBook,1 Hacker Way  Meno Park  California 94025,Business/Group/Organization,57.79,Dappert  Michele Committee to Elect,Media,Online Advertising,NA,Debit Card,NA,Electoral,NA,NA
2022-09-01,Facebook,FaceBook,1 Hacker Way  Meno Park  California 94025,Business/Group/Organization,14.76,Dappert  Michele Committee to Elect,Media,Online Advertising,NA,Debit Card,NA,Electoral,NA,NA
2022-09-22,Facebook,FaceBook,1 Hacker Way  Meno Park  California 94025,Business/Group/Organization,100,Dappert  Michele Committee to Elect,Media,Online Advertising,NA,Debit Card,NA,Electoral,NA,NA
2022-09-26,Facebook,FaceBook,1 Hacker Way  Meno Park  California 94025,Business/Group/Organization,18.44,Dappert  Michele Committee to Elect,Media,Online Advertising,NA,Debit Card,NA,Electoral,NA,NA
2022-11-01,Facebook,FaceBook,1 Hacker Way  Menlo Park  California 94025,Business/Group/Organization,50,Jackson  Emily Friends of for Talbot County Board of Ed,Media,Online Advertising,NA,Debit Card,NA,Electoral,NA,NA
2022-08-08,Facebook,FaceBook,1 Hacker Way  Menlo Park  California 94025,Business/Group/Organization,501.62,Tomlin  Zachary Friends of,Media,Online Advertising,NA,Credit Card/Visa,NA,Electoral,NA,NA
2022-03-08,Facebook,FaceBook,1 Facebook Way  Menlo Park  California 94025,Business/Group/Organization,74.11,Boniface  Billy Friends Of,Media,Online Advertising,NA,EFT,NA,Electoral,NA,NA
2022-03-08,Facebook,FaceBook,1 Facebook Way  Menlo Park  California 94025,Business/Group/Organization,600,Boniface  Billy Friends Of,Media,Online Advertising,NA,EFT,NA,Electoral,NA,NA
2022-03-14,Facebook,FaceBook,1 Facebook Way  Menlo Park  California 94025,Business/Group/Organization,400,Boniface  Billy Friends Of,Media,Online Advertising,NA,EFT,NA,Electoral,NA,NA
2022-03-03,Facebook,FaceBook,1 Facebook Way  Menlo Park  California 94025,Business/Group/Organization,400,Boniface  Billy Friends Of,Media,Online Advertising,NA,EFT,NA,Electoral,NA,NA
2022-03-01,Facebook,FaceBook,1 Facebook Way  Menlo Park  California 94025,Business/Group/Organization,60,Boniface  Billy Friends Of,Media,Online Advertising,NA,EFT,NA,Electoral,NA,NA
2022-01-31,Facebook,FaceBook,350 Camino Gardens Blvd  Suite 202  Boca Raton  Florida 33432,Business/Group/Organization,59.42,Lombardo  Darren Citizens for,Media,Online Advertising,NA,EFT,NA,Electoral,1/21/22 $25 1/31/22 $25,NA
2022-02-28,Facebook,FaceBook,350 Camino Gardens Blvd  Suite 202  Boca Raton  Florida 33432,Business/Group/Organization,95.73,Lombardo  Darren Citizens for,Media,Online Advertising,NA,EFT,NA,Electoral,2/7 $25 2/10 $25 2/14 $25 2/23$20.73,NA
2022-03-31,Facebook,FaceBook,1 Facebook Way  Menlo Park  California 94025,Business/Group/Organization,376.39,Boniface  Billy Friends Of,Media,Online Advertising,NA,EFT,NA,Electoral,NA,NA
2022-04-26,Facebook,FaceBook,1 Facebook Way  Menlo Park  California 94025,Business/Group/Organization,900,Boniface  Billy Friends Of,Media,Online Advertising,NA,Debit Card,NA,Electoral,NA,NA
2022-04-18,Facebook,FaceBook,1 Facebook Way  Menlo Park  California 94025,Business/Group/Organization,900,Boniface  Billy Friends Of,Media,Online Advertising,NA,Debit Card,NA,Electoral,NA,NA
2022-04-08,Facebook,FaceBook,1 Facebook Way  Menlo Park  California 94025,Business/Group/Organization,214.43,Boniface  Billy Friends Of,Media,Online Advertising,NA,Debit Card,NA,Electoral,NA,NA
2022-04-05,Facebook,FaceBook,1 Facebook Way  Menlo Park  California 94025,Business/Group/Organization,900,Boniface  Billy Friends Of,Media,Online Advertising,NA,Debit Card,NA,Electoral,NA,NA
2022-03-28,Facebook,FaceBook,1 Facebook Way  Menlo Park  California 94025,Business/Group/Organization,900,Boniface  Billy Friends Of,Media,Online Advertising,NA,EFT,NA,Electoral,NA,NA
2022-05-26,Facebook,FaceBook,1 Facebook Way  Menlo Park  California 94025,Business/Group/Organization,900,Boniface  Billy Friends Of,Media,Online Advertising,NA,EFT,NA,Electoral,NA,NA
2022-06-06,Facebook,FaceBook,1 Facebook Way  Menlo Park  California 94025,Business/Group/Organization,900,Boniface  Billy Friends Of,Media,Online Advertising,NA,EFT,NA,Electoral,NA,NA
2022-05-16,Facebook,FaceBook,1601 Willow Road  Menlo Park  California 94025,Business/Group/Organization,14,Benbow  Reginald for Baltimore,Media,Online Advertising,NA,Debit Card,NA,Electoral,NA,NA
2022-01-18,Facebook,FaceBook,1601 Willow Road  Menlo Park  California 94025,Business/Group/Organization,29.2,Benbow  Reginald for Baltimore,Media,Online Advertising,NA,Debit Card,NA,Electoral,NA,NA
2022-06-10,Facebook,FaceBook,1 Hacker Way  Menlo Park  California 94025,Business/Group/Organization,125,Fraser  Stanford Friends of,Media,Online Advertising,NA,Debit Card,NA,Electoral,NA,NA
2022-06-28,Facebook,FaceBook,1 Hacker Way  Menlo Park  California 94025,Business/Group/Organization,560.76,Fraser  Stanford Friends of,Media,Online Advertising,NA,Debit Card,NA,Electoral,NA,NA
2022-06-08,Facebook,FaceBook,1 Hacker Way  Menlo Park  California 94025,Business/Group/Organization,10,Hamilton  Rebecca Patriots for,Media,Online Advertising,NA,EFT,NA,Electoral,NA,NA
2022-06-09,Facebook,FaceBook,1 Hacker Way  Menlo Park  California 94025,Business/Group/Organization,10,Hamilton  Rebecca Patriots for,Media,Online Advertising,NA,EFT,NA,Electoral,NA,NA
2022-01-31,Facebook,FaceBook,1 Hacker Way  Menlo Park  California 94025,Business/Group/Organization,24.35,Cunningham  Adam for State Senate,Media,Online Advertising,NA,Credit Card/MasterCard,NA,Electoral,NA,NA
2022-03-31,FACEBOOK,FaceBook,1 Hacker Way  Menlo Park  California 94025,Business/Group/Organization,7.43,McDowell  (Patrick) Dave Committee To Elect  Sheriff,Media,Online Advertising,NA,Electronic Check,NA,Electoral,NA,NA
2022-05-02,FACEBOOK,FaceBook,1 Hacker Way  Menlo Park  California 94025,Business/Group/Organization,7.57,McDowell  (Patrick) Dave Committee To Elect  Sheriff,Media,Online Advertising,NA,Electronic Check,NA,Electoral,NA,NA
2022-06-21,Facebook,FaceBook,1 Hacker Way  Menlo Park  California 94025-1456,Business/Group/Organization,125,Dove  John C. Friends for Jr.,Media,Online Advertising,NA,Debit Card,NA,Electoral,Facebook Postings,NA
2022-06-27,Facebook,FaceBook,1 Hacker Way  Menlo Park  California 94025-1456,Business/Group/Organization,175,Dove  John C. Friends for Jr.,Media,Online Advertising,NA,Debit Card,NA,Electoral,Facebook Posting,NA
2022-06-27,Facebook,FaceBook,1 Hacker Way  Menlo Park  California 94025-1456,Business/Group/Organization,175,Dove  John C. Friends for Jr.,Media,Online Advertising,NA,Debit Card,NA,Electoral,NA,NA
2022-04-02,Facebook Ads,FaceBook,1 Hacker Way  Menlo Park  California 94025,Business/Group/Organization,10,Parsons  James Citizens For,Media,Online Advertising,NA,Debit Card,NA,Electoral,Facebook Ad,NA
2022-04-04,FACEBOOK,FaceBook,1 Hacker Way  Menlo Park  California 94025,Business/Group/Organization,50,McDowell  (Patrick) Dave Committee To Elect  Sheriff,Media,Online Advertising,NA,Electronic Check,NA,Electoral,NA,NA
2022-04-11,FACEBOOK,FaceBook,1 Hacker Way  Menlo Park  California 94025,Business/Group/Organization,35,McDowell  (Patrick) Dave Committee To Elect  Sheriff,Media,Online Advertising,NA,Electronic Check,NA,Electoral,NA,NA
2022-03-25,FaceBook Ads,FaceBook,1 Hacker Way  Menlo Park  California 94025,Business/Group/Organization,179.57,McKay  Mike Citizens to Elect,Media,Online Advertising,NA,Check,NA,Electoral,March,NA
2022-02-25,FaceBook Ads,FaceBook,1 Hacker Way  Menlo Park  California 94025,Business/Group/Organization,281.81,McKay  Mike Citizens to Elect,Media,Online Advertising,NA,Check,NA,Electoral,February awareness ads,NA
2022-03-11,FaceBook Ads,FaceBook,1 Hacker Way  Menlo Park  California 94025,Business/Group/Organization,500,McKay  Mike Citizens to Elect,Media,Online Advertising,NA,Check,NA,Electoral,NA,NA
2022-03-29,FaceBook Ads,FaceBook,1 Hacker Way  Menlo Park  California 94025,Business/Group/Organization,30.68,McKay  Mike Citizens to Elect,Media,Online Advertising,NA,Check,NA,Electoral,NA,NA
2022-06-09,Facebook,FaceBook,1 Hacker Way  Menlo Park  California 94025,Business/Group/Organization,10,Hamilton  Rebecca Patriots for,Media,Online Advertising,NA,EFT,NA,Electoral,NA,NA
2022-06-10,Facebook,FaceBook,1 Hacker Way  Menlo Park  California 94025,Business/Group/Organization,15,Hamilton  Rebecca Patriots for,Media,Online Advertising,NA,EFT,NA,Electoral,NA,NA
2022-02-22,Facdbook,FaceBook,1 Hacker Way  Menlop Park  California 94025,Business/Group/Organization,10,Hornberger  Kevin Friends of,Media,Online Advertising,NA,Debit Card,NA,Electoral,NA,NA
2022-03-21,Facebook,FaceBook,1 Hacker Way  Menlo Park  California 94025,Business/Group/Organization,14.22,Hornberger  Kevin Friends of,Media,Online Advertising,NA,EFT,NA,Electoral,NA,NA
2022-03-28,Facebook,FaceBook,1 Hacker Way  Menlo Park  California 94025,Business/Group/Organization,125,Hornberger  Kevin Friends of,Media,Online Advertising,NA,EFT,NA,Electoral,NA,NA
2022-04-01,Facebook,FaceBook,1 Hacker Way  Menlo Park  California 94025,Business/Group/Organization,125,Hornberger  Kevin Friends of,Media,Online Advertising,NA,Debit Card,NA,Electoral,NA,NA
2022-04-05,Facebook,FaceBook,1 Hacker Way  Menlo Park  California 94025,Business/Group/Organization,125,Hornberger  Kevin Friends of,Media,Online Advertising,NA,Debit Card,NA,Electoral,NA,NA
2022-04-13,Facebook,FaceBook,1 Hacker Way  Menlo Park  California 94025,Business/Group/Organization,175,Hornberger  Kevin Friends of,Media,Online Advertising,NA,Debit Card,NA,Electoral,NA,NA
2022-04-21,Facebook,FaceBook,1 Hacker Way  Menlo Park  California 94025,Business/Group/Organization,35.75,Hornberger  Kevin Friends of,Media,Online Advertising,NA,Debit Card,NA,Electoral,NA,NA
2022-05-02,Facebook,FaceBook,1 Facebook Way  Menlo Park  California 94025,Business/Group/Organization,170.94,Wills  Matt Committee to Elect,Media,Online Advertising,NA,Debit Card,NA,Electoral,Facebook Service /Debit,NA
2022-06-01,Facebook,FaceBook,1 Facebook Way  Menlo Park  California 94025,Business/Group/Organization,316.08,Wills  Matt Committee to Elect,Media,Online Advertising,NA,Debit Card,NA,Electoral,Media Service/Debit,NA
2022-07-01,Facebook,FaceBook,1 Facebook Way  Menlo Park  California 94025,Business/Group/Organization,900,Boniface  Billy Friends Of,Media,Online Advertising,NA,EFT,NA,Electoral,NA,NA
2022-04-30,Facebook  INC,FaceBook,1601 Willow Road  Menlo Park  California 94025-1452,Business/Group/Organization,449.97,Lazo  Omar Friends of,Media,Online Advertising,NA,Credit Card/Visa,NA,Electoral,Facebook Ads April,NA
2022-02-28,Facebook  INC,FaceBook,1601 Willow Road  Menlo Park  California 94025-1452,Business/Group/Organization,89,Lazo  Omar Friends of,Media,Online Advertising,NA,Credit Card/Visa,NA,Electoral,Facebook Ads February,NA
2022-03-31,Facebook  INC,FaceBook,1601 Willow Road  Menlo Park  California 94025-1452,Business/Group/Organization,206.95,Lazo  Omar Friends of,Media,Online Advertising,NA,Credit Card/Visa,NA,Electoral,Facebook Ads March,NA
2022-05-10,Facebook  INC,FaceBook,1601 Willow Road  Menlo Park  California 94025-1452,Business/Group/Organization,77.78,Lazo  Omar Friends of,Media,Online Advertising,NA,Credit Card/Visa,NA,Electoral,Facebook Ads May,NA
2022-06-01,Facebook  INC,FaceBook,1601 Willow Road  Menlo Park  California 94025-1452,Business/Group/Organization,250,Lazo  Omar Friends of,Media,Online Advertising,NA,Credit Card/Visa,NA,Electoral,Facebook advertising.,NA
2022-05-02,Facebook,FaceBook,1601 Willow Rd  Menlo Park  California 94025-1452,Business/Group/Organization,1248.91,Watson  Ron Friends of,Media,Online Advertising,NA,Credit Card/Visa,NA,Electoral,NA,NA
2022-04-20,Facebook,FaceBook,1 Hacker Way  Menlo Park  California 94025,Business/Group/Organization,10,Baron  Jon (Jonathan) for Maryland,Media,Online Advertising,NA,Check,NA,Electoral,Digital Advertising,NA
2022-04-21,Facebook,FaceBook,1 Hacker Way  Menlo Park  California 94025,Business/Group/Organization,70,Baron  Jon (Jonathan) for Maryland,Media,Online Advertising,NA,Check,NA,Electoral,Digital Advertising,NA
2022-04-22,Facebook,FaceBook,1 Hacker Way  Menlo Park  California 94025,Business/Group/Organization,85,Baron  Jon (Jonathan) for Maryland,Media,Online Advertising,NA,Check,NA,Electoral,Digital Advertising,NA
2022-04-25,Facebook,FaceBook,1 Hacker Way  Menlo Park  California 94025,Business/Group/Organization,275,Baron  Jon (Jonathan) for Maryland,Media,Online Advertising,NA,Check,NA,Electoral,Digital Advertising,NA
2022-04-26,Facebook,FaceBook,1 Hacker Way  Menlo Park  California 94025,Business/Group/Organization,175,Baron  Jon (Jonathan) for Maryland,Media,Online Advertising,NA,Check,NA,Electoral,Digital Advertising,NA
2022-04-27,Facebook,FaceBook,1 Hacker Way  Menlo Park  California 94025,Business/Group/Organization,250,Baron  Jon (Jonathan) for Maryland,Media,Online Advertising,NA,Check,NA,Electoral,Digital Advertising,NA
2022-04-29,Facebook,FaceBook,1 Hacker Way  Menlo Park  California 94025,Business/Group/Organization,400,Baron  Jon (Jonathan) for Maryland,Media,Online Advertising,NA,Check,NA,Electoral,Digital Advertising,NA
2022-06-06,Facebook Corporate,FaceBook,1601 Willow Road  Menlo Park  California 94025,Business/Group/Organization,10,Esposito  Ashley Friends of,Media,Online Advertising,NA,Debit Card,NA,Electoral,NA,NA
2022-07-05,Facebook,FaceBook,1 Hacker Way  Menlo Park  California 94025,Business/Group/Organization,30,Bodden  Leigh For The People,Media,Online Advertising,NA,Credit Card/Visa,NA,Electoral,NA,NA
2022-01-24,Facebook,FaceBook,1 Hacker Way  Menlo Park  California 94025,Business/Group/Organization,221.71,King  John for Governor,Media,Online Advertising,NA,Check,NA,Electoral,Online Advertising,NA
2022-03-08,Facebook,FaceBook,1 Hacker Way  Menlo Park  California 94025,Business/Group/Organization,250,King  John for Governor,Media,Online Advertising,NA,Check,NA,Electoral,Online Advertising,NA
2022-03-10,Facebook,FaceBook,1 Hacker Way  Menlo Park  California 94025,Business/Group/Organization,250,King  John for Governor,Media,Online Advertising,NA,Check,NA,Electoral,Online Advertising,NA
2022-03-14,Facebook,FaceBook,1 Hacker Way  Menlo Park  California 94025,Business/Group/Organization,250,King  John for Governor,Media,Online Advertising,NA,Check,NA,Electoral,Online Advertising,NA
2022-03-17,Facebook,FaceBook,1 Hacker Way  Menlo Park  California 94025,Business/Group/Organization,400,King  John for Governor,Media,Online Advertising,NA,Check,NA,Electoral,Online Advertising,NA
2022-03-22,Facebook,FaceBook,1 Hacker Way  Menlo Park  California 94025,Business/Group/Organization,135.08,King  John for Governor,Media,Online Advertising,NA,Check,NA,Electoral,Online Advertising,NA
2022-04-21,Facebook,FaceBook,1 Hacker Way  Menlo Park  California 94025,Business/Group/Organization,600,King  John for Governor,Media,Online Advertising,NA,Check,NA,Electoral,Online Advertising,NA
2022-04-22,Facebook,FaceBook,1 Hacker Way  Menlo Park  California 94025,Business/Group/Organization,27.35,King  John for Governor,Media,Online Advertising,NA,Check,NA,Electoral,Online Advertising,NA
2022-05-06,Facebook,FaceBook,1 Hacker Way  Menlo Park  California 94025,Business/Group/Organization,600,King  John for Governor,Media,Online Advertising,NA,Check,NA,Electoral,Online Advertising,NA
2022-05-23,Facebook,FaceBook,1 Hacker Way  Menlo Park  California 94025,Business/Group/Organization,244.93,King  John for Governor,Media,Online Advertising,NA,Check,NA,Electoral,Online Advertising,NA
2022-05-31,Facebook,FaceBook,1 Facebook Way  Melo Park  California 94025,Business/Group/Organization,14.03,Fani Gonzalez  Natali for Council,Media,Online Advertising,NA,EFT,NA,Electoral,NA,NA
2022-05-31,Facebook / Meta,FaceBook,1 One Hacker  Menlo Park  California 94025,Business/Group/Organization,415.27,Wu  Robert Tunghay Friends of,Media,Online Advertising,NA,Debit Card,NA,Electoral,NA,NA
2022-01-31,Facebook,FaceBook,1 Hacker Way  Menlo Park  California 94025,Business/Group/Organization,25,Amaya  Ruben Friends of,Media,Online Advertising,NA,Debit Card,NA,Electoral,ads,NA
2022-02-02,Facebook,FaceBook,1 Hacker Way  Menlo Park  California 94025,Business/Group/Organization,9.49,Amaya  Ruben Friends of,Media,Online Advertising,NA,Debit Card,NA,Electoral,ads,NA
2022-03-02,Facebook,FaceBook,1 Hacker Way  Menlo Park  California 94025,Business/Group/Organization,4.94,Amaya  Ruben Friends of,Media,Online Advertising,NA,Debit Card,NA,Electoral,NA,NA
2022-06-02,Facebook,FaceBook,1 Hacker Way  Menlo Park  California 94025,Business/Group/Organization,3.29,Amaya  Ruben Friends of,Media,Online Advertising,NA,Debit Card,NA,Electoral,NA,NA
2022-06-03,Facebook,FaceBook,1 Hacker Way  Menlo Park  California 94025,Business/Group/Organization,25,Amaya  Ruben Friends of,Media,Online Advertising,NA,Debit Card,NA,Electoral,NA,NA
2022-06-06,Facebook,FaceBook,1 Hacker Way  Menlo Park  California 94025,Business/Group/Organization,35,Amaya  Ruben Friends of,Media,Online Advertising,NA,Debit Card,NA,Electoral,NA,NA
2022-06-06,Facebook,FaceBook,1 Hacker Way  Menlo Park  California 94025,Business/Group/Organization,50,Amaya  Ruben Friends of,Media,Online Advertising,NA,Debit Card,NA,Electoral,NA,NA
2022-05-05,Facebook,FaceBook,1601 Willow Road  Menlo Park  California 94025,Business/Group/Organization,10,Thrasher  Tarolyn Campaign,Media,Online Advertising,NA,Credit Card/Visa,NA,Electoral,NA,NA
2022-05-12,Facebook,FaceBook,1601 Willow Road  Menlo Park  California 94025,Business/Group/Organization,15,Thrasher  Tarolyn Campaign,Media,Online Advertising,NA,Credit Card/MasterCard,NA,Electoral,NA,NA
2022-05-19,Facebook,FaceBook,1601 Willow Road  Menlo Park  California 94025,Business/Group/Organization,22.51,Thrasher  Tarolyn Campaign,Media,Online Advertising,NA,Credit Card/MasterCard,NA,Electoral,NA,NA
2022-04-21,Facebook  Inc.,FaceBook,1601 Willow Road  Menlo Park  California 94025,Business/Group/Organization,50,Fritz  Richard D. Bi-part.Comm For The Re-election of  State,Media,Online Advertising,NA,Debit Card,NA,Electoral,NA,NA
2022-05-02,Facebook  Inc.,FaceBook,1601 Willow Road  Menlo Park  California 94025,Business/Group/Organization,15.82,Fritz  Richard D. Bi-part.Comm For The Re-election of  State,Media,Online Advertising,NA,Debit Card,NA,Electoral,NA,NA
2022-05-27,Facebook  Inc.,FaceBook,1601 Willow Road  Menlo Park  California 94025,Business/Group/Organization,50,Fritz  Richard D. Bi-part.Comm For The Re-election of  State,Media,Online Advertising,NA,Debit Card,NA,Electoral,NA,NA
2022-05-31,Facebook  Inc.,FaceBook,1601 Willow Road  Menlo Park  California 94025,Business/Group/Organization,50,Fritz  Richard D. Bi-part.Comm For The Re-election of  State,Media,Online Advertising,NA,Debit Card,NA,Electoral,NA,NA
2022-06-01,Facebook  Inc.,FaceBook,1601 Willow Road  Menlo Park  California 94025,Business/Group/Organization,10.06,Fritz  Richard D. Bi-part.Comm For The Re-election of  State,Media,Online Advertising,NA,Debit Card,NA,Electoral,NA,NA
2022-06-07,Facebook  Inc.,FaceBook,1601 Willow Road  Menlo Park  California 94025,Business/Group/Organization,75,Fritz  Richard D. Bi-part.Comm For The Re-election of  State,Media,Online Advertising,NA,Debit Card,NA,Electoral,NA,NA
2022-04-29,Facebook,FaceBook,1 Hacker Way  Menlo Park  California 94025,Business/Group/Organization,75,Tomlin  Zachary Friends of,Media,Online Advertising,NA,Credit Card/Visa,NA,Electoral,NA,NA
2022-06-13,Facebook,FaceBook,1 Hacker Way  Menlo Park  California 94025,Business/Group/Organization,125,Nkongolo  LaToya Friends of,Media,Online Advertising,NA,Debit Card,NA,Electoral,NA,NA
2022-06-13,Facebook,FaceBook,1 Hacker Way  Menlo Park  California 94025,Business/Group/Organization,21.42,Nkongolo  LaToya Friends of,Media,Online Advertising,NA,Debit Card,NA,Electoral,NA,NA
2022-05-09,Facebook,FaceBook,1 Hacker Way  Menlo Park  California 94025,Business/Group/Organization,10.09,Tomlin  Zachary Friends of,Media,Online Advertising,NA,Credit Card/Visa,NA,Electoral,NA,NA
2022-05-31,Facebook,FaceBook,1 Hacker Way  Menlo Park  California 94025,Business/Group/Organization,75,Tomlin  Zachary Friends of,Media,Online Advertising,NA,Credit Card/Visa,NA,Electoral,NA,NA
2022-06-07,Facebook,FaceBook,1 Hacker Way  Menlo Park  California 94025,Business/Group/Organization,27.82,Tomlin  Zachary Friends of,Media,Online Advertising,NA,Credit Card/Visa,NA,Electoral,NA,NA
2022-06-03,Facebook,FaceBook,1 Hacker Way  Menlo Park  California 94025,Business/Group/Organization,15,Fiedler  Amanda Friends of,Media,Online Advertising,NA,Check,Amanda Fiedler,Electoral,Ads,NA
2022-06-03,Facebook,FaceBook,1 Hacker Way  Menlo Park  California 94025,Business/Group/Organization,34.85,Fiedler  Amanda Friends of,Media,Online Advertising,NA,Check,Amanda Fiedler,Electoral,online advertising,NA
2022-04-01,Facebook,FaceBook,1601 Willow Rd  Menlo Park  California 94025,Business/Group/Organization,275,Acle  Nicole Re-Elect,Media,Online Advertising,NA,EFT,NA,Electoral,4/1 $75 4/4 $200,NA
2022-04-08,Facebook,FaceBook,1601 Willow Rd  Menlo Park  California 94025,Business/Group/Organization,175,Acle  Nicole Re-Elect,Media,Online Advertising,NA,EFT,NA,Electoral,NA,NA
2022-04-15,Facebook,FaceBook,1601 Willow Rd  Menlo Park  California 94025,Business/Group/Organization,250,Acle  Nicole Re-Elect,Media,Online Advertising,NA,EFT,NA,Electoral,NA,NA
2022-03-25,Facebook,FaceBook,1601 Willow Rd  Menlo Park  California 94025,Business/Group/Organization,362.5,Acle  Nicole Re-Elect,Media,Online Advertising,NA,EFT,NA,Electoral,NA,NA
2022-05-06,Facebook,FaceBook,1601 Willow Rd  Menlo Park  California 94025,Business/Group/Organization,400,Acle  Nicole Re-Elect,Media,Online Advertising,NA,EFT,NA,Electoral,NA,NA
2022-03-01,Facebook,FaceBook,575 7th St. NW  Washington  District Of Columbia 20004,Business/Group/Organization,120,Long  Jeffrie Friends of,Media,Online Advertising,NA,Debit Card,NA,Electoral,NA,NA
2022-03-01,Facebook  Inc.,FaceBook,1 Hacker Way  Menlo Park  California 94025,Business/Group/Organization,133,Shuman  Eve T. Friends of,Media,Online Advertising,NA,Credit Card/Visa,NA,Electoral,NA,NA
2022-03-29,Facebook  Inc.,FaceBook,1 Hacker Way  Menlo Park  California 94025,Business/Group/Organization,200,Shuman  Eve T. Friends of,Media,Online Advertising,NA,Credit Card/Visa,NA,Electoral,NA,NA
2022-05-17,Facebook  Inc.,FaceBook,1 Hacker Way  Menlo Park  California 94025,Business/Group/Organization,400,Shuman  Eve T. Friends of,Media,Online Advertising,NA,Credit Card/Visa,NA,Electoral,NA,NA
2022-05-23,Facebook  Inc.,FaceBook,1 Hacker Way  Menlo Park  California 94025,Business/Group/Organization,400,Shuman  Eve T. Friends of,Media,Online Advertising,NA,Credit Card/Visa,NA,Electoral,NA,NA
2022-05-31,Facebook  Inc.,FaceBook,1 Hacker Way  Menlo Park  California 94025,Business/Group/Organization,488.92,Shuman  Eve T. Friends of,Media,Online Advertising,NA,Credit Card/Visa,NA,Electoral,NA,NA
2022-06-02,Facebook  Inc.,FaceBook,1 Hacker Way  Menlo Park  California 94025,Business/Group/Organization,600,Shuman  Eve T. Friends of,Media,Online Advertising,NA,Credit Card/Visa,NA,Electoral,NA,NA
2022-01-31,Facebook  Inc.,FaceBook,1 Hacker Way  Menlo Park  California 94025,Business/Group/Organization,75.26,Shuman  Eve T. Friends of,Media,Online Advertising,NA,Credit Card/Visa,NA,Electoral,NA,NA
2022-03-31,Facebook,FaceBook,1601 Willow Rd  Menlo Park  California 94025,Business/Group/Organization,85,Acle  Nicole Re-Elect,Media,Online Advertising,NA,EFT,NA,Electoral,NA,NA
2022-03-30,Facebook,FaceBook,1601 Willow Rd  Menlo Park  California 94025,Business/Group/Organization,85,Acle  Nicole Re-Elect,Media,Phones / Robo calls,NA,EFT,NA,Electoral,NA,NA
2022-05-11,Facebook,FaceBook,1 HACKER WAY  MELNO PARK  California 94205,Business/Group/Organization,500,Jain  Ashwani Friends of,Media,Online Advertising,NA,Debit Card,NA,Electoral,NA,NA
2022-05-12,Facebook,FaceBook,1 HACKER WAY  MELNO PARK  California 94205,Business/Group/Organization,500,Jain  Ashwani Friends of,Media,Online Advertising,NA,Debit Card,NA,Electoral,NA,NA
2022-05-13,Facebook,FaceBook,1 HACKER WAY  MELNO PARK  California 94205,Business/Group/Organization,500,Jain  Ashwani Friends of,Media,Online Advertising,NA,Debit Card,NA,Electoral,NA,NA
2022-05-15,Facebook,FaceBook,1 HACKER WAY  MELNO PARK  California 94205,Business/Group/Organization,350,Jain  Ashwani Friends of,Media,Online Advertising,NA,Debit Card,NA,Electoral,NA,NA
2022-05-17,Facebook,FaceBook,1 HACKER WAY  MELNO PARK  California 94205,Business/Group/Organization,350,Jain  Ashwani Friends of,Media,Online Advertising,NA,Debit Card,NA,Electoral,NA,NA
2022-05-22,Facebook,FaceBook,1 HACKER WAY  MELNO PARK  California 94205,Business/Group/Organization,450,Jain  Ashwani Friends of,Media,Online Advertising,NA,Debit Card,NA,Electoral,NA,NA
2022-05-24,Facebook,FaceBook,1 HACKER WAY  MELNO PARK  California 94205,Business/Group/Organization,450,Jain  Ashwani Friends of,Media,Online Advertising,NA,Debit Card,NA,Electoral,NA,NA
2022-05-29,Facebook,FaceBook,1 HACKER WAY  MELNO PARK  California 94205,Business/Group/Organization,250,Jain  Ashwani Friends of,Media,Online Advertising,NA,Debit Card,NA,Electoral,NA,NA
2022-05-31,Facebook,FaceBook,1 HACKER WAY  MELNO PARK  California 94205,Business/Group/Organization,450,Jain  Ashwani Friends of,Media,Online Advertising,NA,Debit Card,NA,Electoral,NA,NA
2022-06-01,Facebook,FaceBook,1 HACKER WAY  MELNO PARK  California 94205,Business/Group/Organization,400,Jain  Ashwani Friends of,Media,Online Advertising,NA,Debit Card,NA,Electoral,NA,NA
2022-06-07,Facebook,FaceBook,1 HACKER WAY  MELNO PARK  California 94205,Business/Group/Organization,700,Jain  Ashwani Friends of,Media,Online Advertising,NA,Debit Card,NA,Electoral,NA,NA
2022-02-28,Facebook,FaceBook,1 HACKER WAY  MELNO PARK  California 94205,Business/Group/Organization,300,Jain  Ashwani Friends of,Media,Online Advertising,NA,Debit Card,NA,Electoral,NA,NA
2022-03-01,Facebook,FaceBook,1 HACKER WAY  MELNO PARK  California 94205,Business/Group/Organization,350,Jain  Ashwani Friends of,Media,Online Advertising,NA,Debit Card,NA,Electoral,NA,NA
2022-03-04,Facebook,FaceBook,1 HACKER WAY  MELNO PARK  California 94205,Business/Group/Organization,500,Jain  Ashwani Friends of,Media,Online Advertising,NA,Debit Card,NA,Electoral,NA,NA
2022-03-06,Facebook,FaceBook,1 HACKER WAY  MELNO PARK  California 94205,Business/Group/Organization,200,Jain  Ashwani Friends of,Media,Online Advertising,NA,Debit Card,NA,Electoral,NA,NA
2022-03-06,Facebook,FaceBook,1 HACKER WAY  MELNO PARK  California 94205,Business/Group/Organization,350,Jain  Ashwani Friends of,Media,Online Advertising,NA,Debit Card,NA,Electoral,NA,NA
2022-03-07,Facebook,FaceBook,1 HACKER WAY  MELNO PARK  California 94205,Business/Group/Organization,150,Jain  Ashwani Friends of,Media,Online Advertising,NA,Debit Card,NA,Electoral,NA,NA
2022-03-07,Facebook,FaceBook,1 HACKER WAY  MELNO PARK  California 94205,Business/Group/Organization,350,Jain  Ashwani Friends of,Media,Online Advertising,NA,Debit Card,NA,Electoral,NA,NA
2022-03-09,Facebook,FaceBook,1 HACKER WAY  MELNO PARK  California 94205,Business/Group/Organization,350,Jain  Ashwani Friends of,Media,Online Advertising,NA,Debit Card,NA,Electoral,NA,NA
2022-03-10,Facebook,FaceBook,1 HACKER WAY  MELNO PARK  California 94205,Business/Group/Organization,100,Jain  Ashwani Friends of,Media,Online Advertising,NA,Debit Card,NA,Electoral,NA,NA
2022-03-11,Facebook,FaceBook,1 HACKER WAY  MELNO PARK  California 94205,Business/Group/Organization,100,Jain  Ashwani Friends of,Media,Online Advertising,NA,Debit Card,NA,Electoral,NA,NA
2022-03-12,Facebook,FaceBook,1 HACKER WAY  MELNO PARK  California 94205,Business/Group/Organization,350,Jain  Ashwani Friends of,Media,Online Advertising,NA,Debit Card,NA,Electoral,NA,NA
2022-03-13,Facebook,FaceBook,1 HACKER WAY  MELNO PARK  California 94205,Business/Group/Organization,200,Jain  Ashwani Friends of,Media,Online Advertising,NA,Debit Card,NA,Electoral,NA,NA
2022-03-14,Facebook,FaceBook,1 HACKER WAY  MELNO PARK  California 94205,Business/Group/Organization,200,Jain  Ashwani Friends of,Media,Online Advertising,NA,Debit Card,NA,Electoral,NA,NA
2022-02-23,Facebook,FaceBook,1 Facebook Way  Menlo Park  California 94025,Business/Group/Organization,900,Franchot Anderson-Walker for Maryland Slate,Media,Online Advertising,NA,Debit Card,NA,Electoral,NA,NA
2022-02-10,Facebook,FaceBook,1 Facebook Way  Menlo Park  California 94025,Business/Group/Organization,900,Franchot Anderson-Walker for Maryland Slate,Media,Online Advertising,NA,Debit Card,NA,Electoral,NA,NA
2022-01-14,Facebook,FaceBook,1 HACKER WAY  MELNO PARK  California 94205,Business/Group/Organization,100,Jain  Ashwani Friends of,Media,Online Advertising,NA,Debit Card,NA,Electoral,NA,NA
2022-01-16,Facebook,FaceBook,1 HACKER WAY  MELNO PARK  California 94205,Business/Group/Organization,300,Jain  Ashwani Friends of,Media,Online Advertising,NA,Debit Card,NA,Electoral,NA,NA
2022-01-17,Facebook,FaceBook,1 HACKER WAY  MELNO PARK  California 94205,Business/Group/Organization,300,Jain  Ashwani Friends of,Media,Online Advertising,NA,Debit Card,NA,Electoral,NA,NA
2022-01-17,Facebook,FaceBook,1 HACKER WAY  MELNO PARK  California 94205,Business/Group/Organization,300,Jain  Ashwani Friends of,Media,Online Advertising,NA,Debit Card,NA,Electoral,NA,NA
2022-01-18,Facebook,FaceBook,1 HACKER WAY  MELNO PARK  California 94205,Business/Group/Organization,300,Jain  Ashwani Friends of,Media,Online Advertising,NA,Debit Card,NA,Electoral,NA,NA
2022-01-19,Facebook,FaceBook,1 HACKER WAY  MELNO PARK  California 94205,Business/Group/Organization,300,Jain  Ashwani Friends of,Media,Online Advertising,NA,Debit Card,NA,Electoral,NA,NA
2022-01-20,Facebook,FaceBook,1 HACKER WAY  MELNO PARK  California 94205,Business/Group/Organization,500,Jain  Ashwani Friends of,Media,Online Advertising,NA,Debit Card,NA,Electoral,NA,NA
2022-01-21,Facebook,FaceBook,1 HACKER WAY  MELNO PARK  California 94205,Business/Group/Organization,300,Jain  Ashwani Friends of,Media,Online Advertising,NA,Debit Card,NA,Electoral,NA,NA
2022-01-22,Facebook,FaceBook,1 HACKER WAY  MELNO PARK  California 94205,Business/Group/Organization,300,Jain  Ashwani Friends of,Media,Online Advertising,NA,Debit Card,NA,Electoral,NA,NA
2022-01-24,Facebook,FaceBook,1 HACKER WAY  MELNO PARK  California 94205,Business/Group/Organization,300,Jain  Ashwani Friends of,Media,Online Advertising,NA,Debit Card,NA,Electoral,NA,NA
2022-01-26,Facebook,FaceBook,1 HACKER WAY  MELNO PARK  California 94205,Business/Group/Organization,400,Jain  Ashwani Friends of,Media,Online Advertising,NA,Debit Card,NA,Electoral,NA,NA
2022-01-27,Facebook,FaceBook,1 HACKER WAY  MELNO PARK  California 94205,Business/Group/Organization,250,Jain  Ashwani Friends of,Media,Online Advertising,NA,Debit Card,NA,Electoral,NA,NA
2022-01-27,Facebook,FaceBook,1 HACKER WAY  MELNO PARK  California 94205,Business/Group/Organization,250,Jain  Ashwani Friends of,Media,Online Advertising,NA,Debit Card,NA,Electoral,NA,NA
2022-01-29,Facebook,FaceBook,1 HACKER WAY  MELNO PARK  California 94205,Business/Group/Organization,250,Jain  Ashwani Friends of,Media,Online Advertising,NA,Debit Card,NA,Electoral,NA,NA
2022-01-30,Facebook,FaceBook,1 HACKER WAY  MELNO PARK  California 94205,Business/Group/Organization,350,Jain  Ashwani Friends of,Media,Online Advertising,NA,Debit Card,NA,Electoral,NA,NA
2022-01-31,Facebook,FaceBook,1 HACKER WAY  MELNO PARK  California 94205,Business/Group/Organization,350,Jain  Ashwani Friends of,Media,Online Advertising,NA,Debit Card,NA,Electoral,NA,NA
2022-02-04,Facebook,FaceBook,1 HACKER WAY  MELNO PARK  California 94205,Business/Group/Organization,400,Jain  Ashwani Friends of,Media,Online Advertising,NA,Debit Card,NA,Electoral,NA,NA
2022-02-06,Facebook,FaceBook,1 HACKER WAY  MELNO PARK  California 94205,Business/Group/Organization,150,Jain  Ashwani Friends of,Media,Online Advertising,NA,Debit Card,NA,Electoral,NA,NA
2022-02-07,Facebook,FaceBook,1 HACKER WAY  MELNO PARK  California 94205,Business/Group/Organization,400,Jain  Ashwani Friends of,Media,Online Advertising,NA,Debit Card,NA,Electoral,NA,NA
2022-02-08,Facebook,FaceBook,1 HACKER WAY  MELNO PARK  California 94205,Business/Group/Organization,350,Jain  Ashwani Friends of,Media,Online Advertising,NA,Debit Card,NA,Electoral,NA,NA
2022-02-17,Facebook,FaceBook,1 HACKER WAY  MELNO PARK  California 94205,Business/Group/Organization,350,Jain  Ashwani Friends of,Media,Online Advertising,NA,Debit Card,NA,Electoral,NA,NA
2022-02-22,Facebook,FaceBook,1 HACKER WAY  MELNO PARK  California 94205,Business/Group/Organization,150,Jain  Ashwani Friends of,Media,Online Advertising,NA,Debit Card,NA,Electoral,NA,NA
2022-02-23,Facebook,FaceBook,1 HACKER WAY  MELNO PARK  California 94205,Business/Group/Organization,350,Jain  Ashwani Friends of,Media,Online Advertising,NA,Debit Card,NA,Electoral,NA,NA
2022-02-24,Facebook,FaceBook,1 HACKER WAY  MELNO PARK  California 94205,Business/Group/Organization,400,Jain  Ashwani Friends of,Media,Online Advertising,NA,Debit Card,NA,Electoral,NA,NA
2022-01-31,Facebook,FaceBook,1 Facebook Way  Menlo Park  California 94025,Business/Group/Organization,900,Franchot Anderson-Walker for Maryland Slate,Media,Online Advertising,NA,Debit Card,NA,Electoral,NA,NA
2022-01-26,Facebook,FaceBook,1 Facebook Way  Menlo Park  California 94025,Business/Group/Organization,900,Franchot Anderson-Walker for Maryland Slate,Media,Online Advertising,NA,Debit Card,NA,Electoral,NA,NA
2022-06-06,Facebook,FaceBook,1 Facebook Way  Menlo Park  California 94025,Business/Group/Organization,578.59,Franchot Anderson-Walker for Maryland Slate,Media,Online Advertising,NA,Debit Card,NA,Electoral,NA,NA
2022-05-31,Facebook,FaceBook,1 Facebook Way  Menlo Park  California 94025,Business/Group/Organization,900,Franchot Anderson-Walker for Maryland Slate,Media,Online Advertising,NA,Debit Card,NA,Electoral,NA,NA
2022-05-23,Facebook,FaceBook,1 Facebook Way  Menlo Park  California 94025,Business/Group/Organization,900,Franchot Anderson-Walker for Maryland Slate,Media,Online Advertising,NA,Debit Card,NA,Electoral,NA,NA
2022-05-16,Facebook,FaceBook,1 Facebook Way  Menlo Park  California 94025,Business/Group/Organization,900,Franchot Anderson-Walker for Maryland Slate,Media,Online Advertising,NA,Debit Card,NA,Electoral,NA,NA
2022-05-12,Facebook,FaceBook,1 Facebook Way  Menlo Park  California 94025,Business/Group/Organization,900,Franchot Anderson-Walker for Maryland Slate,Media,Online Advertising,NA,Debit Card,NA,Electoral,NA,NA
2022-05-09,Facebook,FaceBook,1 Facebook Way  Menlo Park  California 94025,Business/Group/Organization,900,Franchot Anderson-Walker for Maryland Slate,Media,Online Advertising,NA,Debit Card,NA,Electoral,NA,NA
2022-05-04,Facebook,FaceBook,1 Facebook Way  Menlo Park  California 94025,Business/Group/Organization,547.27,Franchot Anderson-Walker for Maryland Slate,Media,Online Advertising,NA,Debit Card,NA,Electoral,NA,NA
2022-05-02,Facebook,FaceBook,1 Facebook Way  Menlo Park  California 94025,Business/Group/Organization,900,Franchot Anderson-Walker for Maryland Slate,Media,Online Advertising,NA,Debit Card,NA,Electoral,NA,NA
2022-04-25,Facebook,FaceBook,1 Facebook Way  Menlo Park  California 94025,Business/Group/Organization,900,Franchot Anderson-Walker for Maryland Slate,Media,Online Advertising,NA,Debit Card,NA,Electoral,NA,NA
2022-04-18,Facebook,FaceBook,1 Facebook Way  Menlo Park  California 94025,Business/Group/Organization,900,Franchot Anderson-Walker for Maryland Slate,Media,Online Advertising,NA,Debit Card,NA,Electoral,NA,NA
2022-04-12,Facebook,FaceBook,1 Facebook Way  Menlo Park  California 94025,Business/Group/Organization,900,Franchot Anderson-Walker for Maryland Slate,Media,Online Advertising,NA,Debit Card,NA,Electoral,NA,NA
2022-04-07,Facebook,FaceBook,1 Facebook Way  Menlo Park  California 94025,Business/Group/Organization,900,Franchot Anderson-Walker for Maryland Slate,Media,Online Advertising,NA,Debit Card,NA,Electoral,NA,NA
2022-04-04,Facebook,FaceBook,1 Facebook Way  Menlo Park  California 94025,Business/Group/Organization,900,Franchot Anderson-Walker for Maryland Slate,Media,Online Advertising,NA,Debit Card,NA,Electoral,NA,NA
2022-04-04,Facebook,FaceBook,1 Facebook Way  Menlo Park  California 94025,Business/Group/Organization,309.94,Franchot Anderson-Walker for Maryland Slate,Media,Online Advertising,NA,Debit Card,NA,Electoral,NA,NA
2022-03-28,Facebook,FaceBook,1 Facebook Way  Menlo Park  California 94025,Business/Group/Organization,900,Franchot Anderson-Walker for Maryland Slate,Media,Online Advertising,NA,Debit Card,NA,Electoral,NA,NA
2022-03-22,Facebook,FaceBook,1 Facebook Way  Menlo Park  California 94025,Business/Group/Organization,900,Franchot Anderson-Walker for Maryland Slate,Media,Online Advertising,NA,Debit Card,NA,Electoral,NA,NA
2022-03-17,Facebook,FaceBook,1 Facebook Way  Menlo Park  California 94025,Business/Group/Organization,900,Franchot Anderson-Walker for Maryland Slate,Media,Online Advertising,NA,Debit Card,NA,Electoral,NA,NA
2022-03-14,Facebook,FaceBook,1 Facebook Way  Menlo Park  California 94025,Business/Group/Organization,900,Franchot Anderson-Walker for Maryland Slate,Media,Online Advertising,NA,Debit Card,NA,Electoral,NA,NA
2022-03-14,Facebook,FaceBook,1 HACKER WAY  MELNO PARK  California 94205,Business/Group/Organization,400,Jain  Ashwani Friends of,Media,Online Advertising,NA,Debit Card,NA,Electoral,NA,NA
2022-03-16,Facebook,FaceBook,1 HACKER WAY  MELNO PARK  California 94205,Business/Group/Organization,250,Jain  Ashwani Friends of,Media,Online Advertising,NA,Debit Card,NA,Electoral,NA,NA
2022-03-16,Facebook,FaceBook,1 HACKER WAY  MELNO PARK  California 94205,Business/Group/Organization,350,Jain  Ashwani Friends of,Media,Online Advertising,NA,Debit Card,NA,Electoral,NA,NA
2022-03-17,Facebook,FaceBook,1 HACKER WAY  MELNO PARK  California 94205,Business/Group/Organization,150,Jain  Ashwani Friends of,Media,Online Advertising,NA,Debit Card,NA,Electoral,NA,NA
2022-03-17,Facebook,FaceBook,1 HACKER WAY  MELNO PARK  California 94205,Business/Group/Organization,400,Jain  Ashwani Friends of,Media,Online Advertising,NA,Debit Card,NA,Electoral,NA,NA
2022-03-20,Facebook,FaceBook,1 HACKER WAY  MELNO PARK  California 94205,Business/Group/Organization,200,Jain  Ashwani Friends of,Media,Online Advertising,NA,Debit Card,NA,Electoral,NA,NA
2022-03-22,Facebook,FaceBook,1 HACKER WAY  MELNO PARK  California 94205,Business/Group/Organization,400,Jain  Ashwani Friends of,Media,Online Advertising,NA,Debit Card,NA,Electoral,NA,NA
2022-03-30,Facebook,FaceBook,1 HACKER WAY  MELNO PARK  California 94205,Business/Group/Organization,350,Jain  Ashwani Friends of,Media,Online Advertising,NA,Debit Card,NA,Electoral,NA,NA
2022-04-01,Facebook,FaceBook,1 HACKER WAY  MELNO PARK  California 94205,Business/Group/Organization,400,Jain  Ashwani Friends of,Media,Online Advertising,NA,Debit Card,NA,Electoral,NA,NA
2022-04-03,Facebook,FaceBook,1 HACKER WAY  MELNO PARK  California 94205,Business/Group/Organization,200,Jain  Ashwani Friends of,Media,Online Advertising,NA,Debit Card,NA,Electoral,NA,NA
2022-04-06,Facebook,FaceBook,1 HACKER WAY  MELNO PARK  California 94205,Business/Group/Organization,350,Jain  Ashwani Friends of,Media,Online Advertising,NA,Debit Card,NA,Electoral,NA,NA
2022-04-07,Facebook,FaceBook,1 HACKER WAY  MELNO PARK  California 94205,Business/Group/Organization,550,Jain  Ashwani Friends of,Media,Online Advertising,NA,Debit Card,NA,Electoral,NA,NA
2022-04-08,Facebook,FaceBook,1 HACKER WAY  MELNO PARK  California 94205,Business/Group/Organization,350,Jain  Ashwani Friends of,Media,Online Advertising,NA,Debit Card,NA,Electoral,NA,NA
2022-04-18,Facebook,FaceBook,1 HACKER WAY  MELNO PARK  California 94205,Business/Group/Organization,450,Jain  Ashwani Friends of,Media,Online Advertising,NA,Debit Card,NA,Electoral,NA,NA
2022-04-19,Facebook,FaceBook,1 HACKER WAY  MELNO PARK  California 94205,Business/Group/Organization,200,Jain  Ashwani Friends of,Media,Online Advertising,NA,Debit Card,NA,Electoral,NA,NA
2022-04-19,Facebook,FaceBook,1 HACKER WAY  MELNO PARK  California 94205,Business/Group/Organization,200,Jain  Ashwani Friends of,Media,Online Advertising,NA,Debit Card,NA,Electoral,NA,NA
2022-04-20,Facebook,FaceBook,1 HACKER WAY  MELNO PARK  California 94205,Business/Group/Organization,200,Jain  Ashwani Friends of,Media,Online Advertising,NA,Debit Card,NA,Electoral,NA,NA
2022-05-01,Facebook,FaceBook,1 HACKER WAY  MELNO PARK  California 94205,Business/Group/Organization,250,Jain  Ashwani Friends of,Media,Online Advertising,NA,Debit Card,NA,Electoral,NA,NA
2022-05-01,Facebook,FaceBook,1 HACKER WAY  MELNO PARK  California 94205,Business/Group/Organization,100,Jain  Ashwani Friends of,Media,Online Advertising,NA,Debit Card,NA,Electoral,NA,NA
2022-05-02,Facebook,FaceBook,1 HACKER WAY  MELNO PARK  California 94205,Business/Group/Organization,350,Jain  Ashwani Friends of,Media,Online Advertising,NA,Debit Card,NA,Electoral,NA,NA
2022-05-02,Facebook,FaceBook,1 HACKER WAY  MELNO PARK  California 94205,Business/Group/Organization,350,Jain  Ashwani Friends of,Media,Online Advertising,NA,Debit Card,NA,Electoral,NA,NA
2022-05-07,Facebook,FaceBook,1 HACKER WAY  MELNO PARK  California 94205,Business/Group/Organization,150,Jain  Ashwani Friends of,Media,Online Advertising,NA,Debit Card,NA,Electoral,NA,NA
2022-06-01,Facebook,FaceBook,1 Hacker Way  Menlo Park  California 94025,Business/Group/Organization,49.37,Diggs  Dylan for County Council,Media,Online Advertising,NA,Debit Card,NA,Electoral,NA,NA
2022-05-02,Facebook,FaceBook,1 Hacker Way  Menlo Park  California 94025,Business/Group/Organization,34.2,Diggs  Dylan for County Council,Media,Online Advertising,NA,Debit Card,NA,Electoral,NA,NA
2022-04-02,Facebook,FaceBook,1 Hacker Way  Menlo Park  California 94025,Business/Group/Organization,15.51,Diggs  Dylan for County Council,Media,Online Advertising,NA,Debit Card,NA,Electoral,NA,NA
2022-03-01,Facebook,FaceBook,1 Hacker Way  Menlo Park  California 94025,Business/Group/Organization,35.41,Diggs  Dylan for County Council,Media,Online Advertising,NA,Debit Card,NA,Electoral,NA,NA
2022-02-12,Facebook Inc.,FaceBook,1601 Willow Rd.  Menlo Park  California 94025,Business/Group/Organization,200,Cassilly  Bob Citizens for,Media,Online Advertising,NA,Check,NA,Electoral,NA,NA
2022-08-26,Facebook,FaceBook,1 Facebook Way  Menlo Park  California 94025,Business/Group/Organization,40,Balcombe  Marilyn Friends,Media,Online Advertising,NA,Debit Card,NA,Electoral,NA,NA
2022-06-13,FACEBOOK,FaceBook,575 7th St NW  Washington  District Of Columbia 20004,Business/Group/Organization,118.98,Jackson  Branndon Friends of,Media,Online Advertising,NA,Credit Card/MasterCard,NA,Electoral,NA,NA
2022-06-06,Facebook  Inc.,FaceBook,1 Facebook Way  Menlo Park  California 94025,Business/Group/Organization,15,Mink  Kristin Friends of,Media,Online Advertising,NA,Debit Card,NA,Electoral,NA,NA
2022-06-06,Facebook  Inc.,FaceBook,1 Facebook Way  Menlo Park  California 94025,Business/Group/Organization,15,Mink  Kristin Friends of,Media,Online Advertising,NA,Debit Card,NA,Electoral,NA,NA
2022-06-07,Facebook  Inc.,FaceBook,1 Facebook Way  Menlo Park  California 94025,Business/Group/Organization,15,Mink  Kristin Friends of,Media,Online Advertising,NA,Debit Card,NA,Electoral,NA,NA
2022-06-07,Facebook  Inc.,FaceBook,1 Facebook Way  Menlo Park  California 94025,Business/Group/Organization,25,Mink  Kristin Friends of,Media,Online Advertising,NA,Debit Card,NA,Electoral,NA,NA
2022-06-13,Facebook  Inc.,FaceBook,1 Facebook Way  Menlo Park  California 94025,Business/Group/Organization,100,Mink  Kristin Friends of,Media,Online Advertising,NA,Debit Card,NA,Electoral,NA,NA
2022-06-08,Facebook  Inc.,FaceBook,1601 Willow Rd  Menlo Park  California 94025,Business/Group/Organization,25,Albornoz  Gabriel Ivan For Council,Media,Online Advertising,NA,Check,NA,Electoral,Online Advertising,NA
2022-07-11,Facebook  Inc.,FaceBook,1 Facebook Way  Menlo Park  California 94025,Business/Group/Organization,100,Mink  Kristin Friends of,Media,Online Advertising,NA,Debit Card,NA,Electoral,NA,NA
2022-07-12,Facebook  Inc.,FaceBook,1 Facebook Way  Menlo Park  California 94025,Business/Group/Organization,100,Mink  Kristin Friends of,Media,Online Advertising,NA,Debit Card,NA,Electoral,NA,NA
2022-07-13,Facebook  Inc.,FaceBook,1 Facebook Way  Menlo Park  California 94025,Business/Group/Organization,100,Mink  Kristin Friends of,Media,Online Advertising,NA,Debit Card,NA,Electoral,NA,NA
2022-07-14,Facebook  Inc.,FaceBook,1 Facebook Way  Menlo Park  California 94025,Business/Group/Organization,100,Mink  Kristin Friends of,Media,Online Advertising,NA,Debit Card,NA,Electoral,NA,NA
2022-07-15,Facebook  Inc.,FaceBook,1 Facebook Way  Menlo Park  California 94025,Business/Group/Organization,100,Mink  Kristin Friends of,Media,Online Advertising,NA,Debit Card,NA,Electoral,NA,NA
2022-07-15,Facebook  Inc.,FaceBook,1 Facebook Way  Menlo Park  California 94025,Business/Group/Organization,100,Mink  Kristin Friends of,Media,Online Advertising,NA,Debit Card,NA,Electoral,NA,NA
2022-07-15,Facebook  Inc.,FaceBook,1 Facebook Way  Menlo Park  California 94025,Business/Group/Organization,100,Mink  Kristin Friends of,Media,Online Advertising,NA,Debit Card,NA,Electoral,NA,NA
2022-07-15,Facebook  Inc.,FaceBook,1 Facebook Way  Menlo Park  California 94025,Business/Group/Organization,100,Mink  Kristin Friends of,Media,Online Advertising,NA,Debit Card,NA,Electoral,NA,NA
2022-05-01,Facebook,FaceBook,1601 Willow Road  Menlo Park  California 94025,Business/Group/Organization,75,Harvey  Derek Vote,Media,Online Advertising,NA,Debit Card,NA,Electoral,NA,NA
2022-07-05,Facebook,FaceBook,1 Hacker Way  Menlo Park  California 94025,Business/Group/Organization,5,Michael  Joe Keep Judge,Media,Online Advertising,NA,EFT,NA,Electoral,NA,NA
2022-05-27,Facebook,FaceBook,1 Hacker Way  Menlo Park  California 94025,Business/Group/Organization,2.64,Grammer  Robin L. Jr. Friends of,Media,Online Advertising,NA,Credit Card/Visa,NA,Electoral,NA,NA
2022-04-27,Facebook,FaceBook,1 Hacker Way  Menlo Park  California 94025,Business/Group/Organization,30,Grammer  Robin L. Jr. Friends of,Media,Online Advertising,NA,Credit Card/Visa,NA,Electoral,NA,NA
2022-05-04,Facebook,FaceBook,1601 Willow Road  Menlo Park  California 94025,Business/Group/Organization,125,Harvey  Derek Vote,Media,Online Advertising,NA,Debit Card,NA,Electoral,NA,NA
2022-06-14,Facebook  Inc.,FaceBook,1 Facebook Way  Menlo Park  California 94025,Business/Group/Organization,100,Mink  Kristin Friends of,Media,Online Advertising,NA,Debit Card,NA,Electoral,NA,NA
2022-06-15,Facebook  Inc.,FaceBook,1 Facebook Way  Menlo Park  California 94025,Business/Group/Organization,100,Mink  Kristin Friends of,Media,Online Advertising,NA,Debit Card,NA,Electoral,NA,NA
2022-06-19,Facebook  Inc.,FaceBook,1 Facebook Way  Menlo Park  California 94025,Business/Group/Organization,100,Mink  Kristin Friends of,Media,Online Advertising,NA,Debit Card,NA,Electoral,NA,NA
2022-06-23,FACEBOOK PAYMENTS INC,FaceBook,1601 Willow Rd  Menlo Park  California 94025,Business/Group/Organization,25,Cline  Jeff Friends of,Media,Online Advertising,NA,Debit Card,NA,Electoral,NA,NA
2022-07-01,Facebook,FaceBook,350 Camino Gardens Blvd  Suite 202  Boca Raton  Florida 33432,Business/Group/Organization,50,Lombardo  Darren Citizens for,Media,Online Advertising,NA,EFT,NA,Electoral,NA,NA
2022-06-22,Facebook,FaceBook,1 Hacker Way  Menlo Park  California 94025,Business/Group/Organization,8.75,Yang  Julie Friends of,Media,Online Advertising,NA,Debit Card,NA,Electoral,NA,NA
2022-06-21,Facebook,FaceBook,1 Hacker Way  Menlo Park  California 94025,Business/Group/Organization,50,Yang  Julie Friends of,Media,Online Advertising,NA,Debit Card,NA,Electoral,NA,NA
2022-06-30,Facebook / Meta,FaceBook,1 One Hacker  Menlo Park  California 94025,Business/Group/Organization,433.25,Wu  Robert Tunghay Friends of,Media,Online Advertising,NA,Debit Card,NA,Electoral,NA,NA
2022-06-05,Facebook,FaceBook,1 Hacker Way  Menlo Park  California 94025,Business/Group/Organization,10,Fox (Margaret) for State's Attorney,Media,Online Advertising,NA,Credit Card/Visa,NA,Electoral,NA,NA
2022-06-06,Facebook,FaceBook,1 Hacker Way  Menlo Park  California 94025,Business/Group/Organization,10,Fox (Margaret) for State's Attorney,Media,Online Advertising,NA,Credit Card/Visa,NA,Electoral,NA,NA
2022-06-08,Facebook,FaceBook,1 Hacker Way  Menlo Park  California 94025,Business/Group/Organization,10,Fox (Margaret) for State's Attorney,Media,Online Advertising,NA,Credit Card/Visa,NA,Electoral,NA,NA
2022-06-10,Facebook,FaceBook,1 Hacker Way  Menlo Park  California 94025,Business/Group/Organization,10,Fox (Margaret) for State's Attorney,Media,Online Advertising,NA,Credit Card/Visa,NA,Electoral,NA,NA
2022-06-21,Facebook,FaceBook,1 Hacker Way  Menlo Park  California 94025,Business/Group/Organization,25,Fox (Margaret) for State's Attorney,Media,Online Advertising,NA,Credit Card/Visa,NA,Electoral,NA,NA
2022-06-23,Facebook,FaceBook,1 Hacker Way  Menlo Park  California 94025,Business/Group/Organization,35,Fox (Margaret) for State's Attorney,Media,Online Advertising,NA,Credit Card/Visa,NA,Electoral,NA,NA
2022-06-27,Facebook,FaceBook,1 Hacker Way  Menlo Park  California 94025,Business/Group/Organization,33.82,Fox (Margaret) for State's Attorney,Media,Online Advertising,NA,Credit Card/Visa,NA,Electoral,NA,NA
2022-06-21,Facebook,FaceBook,1 Hacker Way  Menlo Park  California 94025,Business/Group/Organization,15,Fox (Margaret) for State's Attorney,Media,Online Advertising,NA,Credit Card/Visa,NA,Electoral,NA,NA
2022-06-30,Facebook,FaceBook,1 Hacker Way  Menlo Park  California 94025,Business/Group/Organization,5,Fox (Margaret) for State's Attorney,Media,Online Advertising,NA,Credit Card/Visa,NA,Electoral,NA,NA
2022-06-30,Facebook,FaceBook,1 Hacker Way  Menlo Park  California 94025,Business/Group/Organization,144.48,Ahmed  Raaheela Citizens for,Media,Online Advertising,NA,Debit Card,NA,Electoral,NA,NA
2022-06-26,Facebook,FaceBook,1 Hacker Way  Menlo Park  California 94025,Business/Group/Organization,250,Ahmed  Raaheela Citizens for,Media,Online Advertising,NA,Debit Card,NA,Electoral,NA,NA
2022-06-19,Facebook,FaceBook,1 Hacker Way  Menlo Park  California 94025,Business/Group/Organization,250,Ahmed  Raaheela Citizens for,Media,Online Advertising,NA,Debit Card,NA,Electoral,NA,NA
2022-06-29,Facebook,FaceBook,1 Facebook Way  Menlo Park  California 94025,Business/Group/Organization,156,Balcombe  Marilyn Friends,Media,Online Advertising,NA,Debit Card,NA,Electoral,NA,NA
2022-06-13,Facebook  Inc.,FaceBook,1601 Willow Road  Menlo Park  California 94025,Business/Group/Organization,75,Gatchel  (Robert) Bob Friends of,Media,Online Advertising,NA,Credit Card/MasterCard,NA,Electoral,NA,NA
2022-06-16,Facebook  Inc.,FaceBook,1601 Willow Road  Menlo Park  California 94025,Business/Group/Organization,75,Gatchel  (Robert) Bob Friends of,Media,Online Advertising,NA,Credit Card/MasterCard,NA,Electoral,CPRYAFK9G2,NA
2022-06-10,Facebook  Inc.,FaceBook,1601 Willow Road  Menlo Park  California 94025,Business/Group/Organization,75,Gatchel  (Robert) Bob Friends of,Media,Online Advertising,NA,Credit Card/MasterCard,NA,Electoral,RBGL5FK9G2,NA
2022-06-24,Facebook  Inc.,FaceBook,1601 Willow Road  Menlo Park  California 94025,Business/Group/Organization,125,Gatchel  (Robert) Bob Friends of,Media,Online Advertising,NA,Credit Card/MasterCard,NA,Electoral,5184699294976997-9837285,NA
2022-06-10,Facebook  INC,FaceBook,1601 Willow Road  Menlo Park  California 94025-1452,Business/Group/Organization,68.97,Lazo  Omar Friends of,Media,Online Advertising,NA,Credit Card/Visa,NA,Electoral,Facebook Ads,NA
2022-07-05,Facebook,FaceBook,1 Hacker Way  Menlo Park  California 94025,Business/Group/Organization,7,Michael  Joe Keep Judge,Media,Online Advertising,NA,EFT,NA,Electoral,NA,NA
2022-07-05,Facebook,FaceBook,1 Hacker Way  Menlo Park  California 94025,Business/Group/Organization,10,Michael  Joe Keep Judge,Media,Online Advertising,NA,EFT,NA,Electoral,NA,NA
2022-07-05,Facebook,FaceBook,1 Hacker Way  Menlo Park  California 94025,Business/Group/Organization,15,Michael  Joe Keep Judge,Media,Online Advertising,NA,EFT,NA,Electoral,NA,NA
2022-07-05,Facebook,FaceBook,1 Hacker Way  Menlo Park  California 94025,Business/Group/Organization,15,Michael  Joe Keep Judge,Media,Online Advertising,NA,EFT,NA,Electoral,NA,NA
2022-07-07,Facebook,FaceBook,1 Hacker Way  Menlo Park  California 94025,Business/Group/Organization,25,Michael  Joe Keep Judge,Media,Online Advertising,NA,EFT,NA,Electoral,NA,NA
2022-07-01,Facebook,FaceBook,1 Hacker Way  Menlo Park  California 94025,Business/Group/Organization,3,Michael  Joe Keep Judge,Media,Online Advertising,NA,EFT,NA,Electoral,NA,NA
2022-06-13,Facebook,FaceBook,1 Hacker Way  Menlo Park  California 94025,Business/Group/Organization,50,Sanders  Sterling Citizens for,Media,Online Advertising,NA,Debit Card,NA,Electoral,Facebook advertisement.,NA
2022-07-01,Facebook,FaceBook,1 Hacker Way  Menlo Park  California 94025,Business/Group/Organization,16.94,Sanders  Sterling Citizens for,Media,Online Advertising,NA,Debit Card,NA,Electoral,Facebook advertisement.,NA
2022-06-08,Facebook  Inc,FaceBook,1 Hacker Way  Menlo Park  California 94025,Business/Group/Organization,10,Puopolo  Stephen Friends for,Media,Online Advertising,NA,EFT,NA,Electoral,NA,NA
2022-06-18,Facebook,FaceBook,1 Hacker Way  Menlo Park  California 94025,Business/Group/Organization,1.85,James  Keenon Friends of,Media,Online Advertising,NA,Debit Card,NA,Electoral,NA,NA
2022-06-17,Facebook,FaceBook,1 Facebook Way  Menlo Park  California 94025,Business/Group/Organization,900,Franchot Anderson-Walker for Maryland Slate,Media,Online Advertising,NA,Debit Card,NA,Electoral,NA,NA
2022-06-21,Facebook,FaceBook,1 Facebook Way  Menlo Park  California 94025,Business/Group/Organization,900,Franchot Anderson-Walker for Maryland Slate,Media,Online Advertising,NA,Debit Card,NA,Electoral,NA,NA
2022-06-23,Facebook,FaceBook,1 Facebook Way  Menlo Park  California 94025,Business/Group/Organization,900,Franchot Anderson-Walker for Maryland Slate,Media,Online Advertising,NA,Debit Card,NA,Electoral,NA,NA
2022-06-27,Facebook,FaceBook,1 Facebook Way  Menlo Park  California 94025,Business/Group/Organization,900,Franchot Anderson-Walker for Maryland Slate,Media,Online Advertising,NA,Debit Card,NA,Electoral,NA,NA
2022-06-27,Facebook,FaceBook,1 Facebook Way  Menlo Park  California 94025,Business/Group/Organization,900,Franchot Anderson-Walker for Maryland Slate,Media,Online Advertising,NA,Debit Card,NA,Electoral,NA,NA
2022-06-27,Facebook,FaceBook,1 Facebook Way  Menlo Park  California 94025,Business/Group/Organization,900,Franchot Anderson-Walker for Maryland Slate,Media,Online Advertising,NA,Debit Card,NA,Electoral,NA,NA
2022-06-28,Facebook,FaceBook,1 Facebook Way  Menlo Park  California 94025,Business/Group/Organization,900,Franchot Anderson-Walker for Maryland Slate,Media,Online Advertising,NA,Debit Card,NA,Electoral,NA,NA
2022-06-30,Facebook,FaceBook,1 Facebook Way  Menlo Park  California 94025,Business/Group/Organization,900,Franchot Anderson-Walker for Maryland Slate,Media,Online Advertising,NA,Debit Card,NA,Electoral,NA,NA
2022-07-01,Facebook,FaceBook,1 Facebook Way  Menlo Park  California 94025,Business/Group/Organization,900,Franchot Anderson-Walker for Maryland Slate,Media,Online Advertising,NA,Debit Card,NA,Electoral,NA,NA
2022-06-22,Facebook,FaceBook,1 Hacker Way  Meno Park  California 94025,Business/Group/Organization,100,Dappert  Michele Committee to Elect,Media,Online Advertising,NA,Debit Card,NA,Electoral,NA,NA
2022-07-01,Facebook,FaceBook,1 Hacker Way  Meno Park  California 94025,Business/Group/Organization,100,Dappert  Michele Committee to Elect,Media,Online Advertising,NA,Debit Card,NA,Electoral,NA,NA
2022-06-27,Facebook,FaceBook,1 Hacker Way  Meno Park  California 94025,Business/Group/Organization,28.73,Dappert  Michele Committee to Elect,Media,Online Advertising,NA,Debit Card,NA,Electoral,NA,NA
2022-06-30,Facebook,FaceBook,1 Hacker Way  Menlo Park  California 94025,Business/Group/Organization,769.18,Sefcik  Kyle for Governor,Media,Online Advertising,NA,Debit Card,NA,Electoral,Facebook On-line adds for Gubernatorial campaign 77663 POS PUR 06/30 11:02 FACEBK A2CVMEBUC 650-5434800 CA 00000000 0776~7311,NA
2022-06-27,Facebook,FaceBook,1 Hacker Way  Menlo Park  California 94025,Business/Group/Organization,25.06,Barrett  Stephen for Frederick,Media,Online Advertising,NA,EFT,NA,Electoral,NA,NA
2022-06-30,Facebook,FaceBook,350 Camino Gardens Blvd  Suite 202  Boca Raton  Florida 33432,Business/Group/Organization,527.23,Lombardo  Darren Citizens for,Media,Online Advertising,NA,EFT,NA,Electoral,NA,NA
2022-06-17,Facebook,FaceBook,1 Hacker Way  Menlo Park  California 94025,Business/Group/Organization,30.37,Gordon  Tom (Thomas) Friends of,Media,Online Advertising,NA,Credit Card/Visa,Tom Gordon,Electoral,NA,NA
2022-07-05,Facebook  Inc.,FaceBook,1601 Willow Road  Menlo Park  California 94025,Business/Group/Organization,175,Gatchel  (Robert) Bob Friends of,Media,Online Advertising,NA,Credit Card/MasterCard,NA,Electoral,NA,NA
2022-07-06,Facebook  Inc.,FaceBook,1601 Willow Road  Menlo Park  California 94025,Business/Group/Organization,75.86,Gatchel  (Robert) Bob Friends of,Media,Online Advertising,NA,Credit Card/MasterCard,NA,Electoral,NA,NA
2022-07-13,Facebook  Inc.,FaceBook,1601 Willow Road  Menlo Park  California 94025,Business/Group/Organization,250,Gatchel  (Robert) Bob Friends of,Media,Online Advertising,NA,Credit Card/MasterCard,NA,Electoral,Transaction ID: 5295164277263832-9954596,NA
2022-07-20,Facebook  Inc.,FaceBook,1601 Willow Road  Menlo Park  California 94025,Business/Group/Organization,163.38,Gatchel  (Robert) Bob Friends of,Media,Online Advertising,NA,Credit Card/MasterCard,NA,Electoral,NA,NA
2022-07-03,Facebook/Meta,FaceBook,770 Broadway  New York  New York 10003,Business/Group/Organization,10,Brown  Monise Keep Judge,Media,Online Advertising,NA,Debit Card,NA,Electoral,Facebook ad,NA
2022-06-27,Facebook/Meta,FaceBook,One Hacker Way  Menlo Park  California 94025,Business/Group/Organization,414.04,McMahon  Jeffrey For Commissioner,Media,Online Advertising,NA,Credit Card/MasterCard,NA,Electoral,Payment - Facebook/Meta Ads,NA
2022-06-16,FaceBook Ads,FaceBook,1 Hacker Way  Menlo Park  California 94025,Business/Group/Organization,962.16,McKay  Mike Citizens to Elect,Media,Online Advertising,NA,EFT,NA,Electoral,FB ads loan mckay,NA
2022-06-22,FaceBook Ads,FaceBook,1 Hacker Way  Menlo Park  California 94025,Business/Group/Organization,600,McKay  Mike Citizens to Elect,Media,Online Advertising,NA,EFT,NA,Electoral,McKay loan,NA
2022-06-24,Facebook,FaceBook,Hacker Way  Menlo Park  CA 94025  Menlo Park  California 94025,Business/Group/Organization,10,McCarthy  John J. Friends Of,Media,Online Advertising,NA,Debit Card,NA,Electoral,NA,NA
2022-06-24,Facebook,FaceBook,Hacker Way  Menlo Park  CA 94025  Menlo Park  California 94025,Business/Group/Organization,10,McCarthy  John J. Friends Of,Media,Online Advertising,NA,Debit Card,NA,Electoral,NA,NA
2022-06-24,Facebook,FaceBook,Hacker Way  Menlo Park  CA 94025  Menlo Park  California 94025,Business/Group/Organization,15,McCarthy  John J. Friends Of,Media,Online Advertising,NA,Debit Card,NA,Electoral,NA,NA
2022-06-24,Facebook,FaceBook,Hacker Way  Menlo Park  CA 94025  Menlo Park  California 94025,Business/Group/Organization,10.34,McCarthy  John J. Friends Of,Media,Online Advertising,NA,Debit Card,NA,Electoral,NA,NA
2022-06-24,Facebook,FaceBook,Hacker Way  Menlo Park  CA 94025  Menlo Park  California 94025,Business/Group/Organization,15,McCarthy  John J. Friends Of,Media,Online Advertising,NA,Debit Card,NA,Electoral,NA,NA
2022-06-24,Facebook,FaceBook,Hacker Way  Menlo Park  CA 94025  Menlo Park  California 94025,Business/Group/Organization,25,McCarthy  John J. Friends Of,Media,Online Advertising,NA,Debit Card,NA,Electoral,NA,NA
2022-06-24,Facebook,FaceBook,Hacker Way  Menlo Park  CA 94025  Menlo Park  California 94025,Business/Group/Organization,50,McCarthy  John J. Friends Of,Media,Online Advertising,NA,Debit Card,NA,Electoral,NA,NA
2022-06-24,Facebook,FaceBook,Hacker Way  Menlo Park  CA 94025  Menlo Park  California 94025,Business/Group/Organization,75,McCarthy  John J. Friends Of,Media,Online Advertising,NA,Debit Card,NA,Electoral,NA,NA
2022-06-24,Facebook,FaceBook,Hacker Way  Menlo Park  CA 94025  Menlo Park  California 94025,Business/Group/Organization,75,McCarthy  John J. Friends Of,Media,Online Advertising,NA,Debit Card,NA,Electoral,NA,NA
2022-06-27,Facebook,FaceBook,Hacker Way  Menlo Park  CA 94025  Menlo Park  California 94025,Business/Group/Organization,125,McCarthy  John J. Friends Of,Media,Online Advertising,NA,Debit Card,NA,Electoral,NA,NA
2022-06-27,Facebook,FaceBook,Hacker Way  Menlo Park  CA 94025  Menlo Park  California 94025,Business/Group/Organization,175,McCarthy  John J. Friends Of,Media,Online Advertising,NA,Debit Card,NA,Electoral,NA,NA
2022-06-27,Facebook,FaceBook,Hacker Way  Menlo Park  CA 94025  Menlo Park  California 94025,Business/Group/Organization,250,McCarthy  John J. Friends Of,Media,Online Advertising,NA,Debit Card,NA,Electoral,NA,NA
2022-06-28,Facebook,FaceBook,Hacker Way  Menlo Park  CA 94025  Menlo Park  California 94025,Business/Group/Organization,400,McCarthy  John J. Friends Of,Media,Online Advertising,NA,Debit Card,NA,Electoral,NA,NA
2022-06-30,Facebook,FaceBook,Hacker Way  Menlo Park  CA 94025  Menlo Park  California 94025,Business/Group/Organization,500,McCarthy  John J. Friends Of,Media,Online Advertising,NA,Debit Card,NA,Electoral,NA,NA
2022-06-24,Facebook,FaceBook,Hacker Way  Menlo Park  CA 94025  Menlo Park  California 94025,Business/Group/Organization,35,McCarthy  John J. Friends Of,Media,Online Advertising,NA,Debit Card,NA,Electoral,NA,NA
2022-06-11,Facebook,FaceBook,1 Hacker Way  Menlo Park  California 94025,Business/Group/Organization,25,Hamilton  Rebecca Patriots for,Media,Online Advertising,NA,EFT,NA,Electoral,NA,NA
2022-06-13,Facebook,FaceBook,1 Hacker Way  Menlo Park  California 94025,Business/Group/Organization,35,Hamilton  Rebecca Patriots for,Media,Online Advertising,NA,EFT,NA,Electoral,NA,NA
2022-06-15,Facebook,FaceBook,1 Hacker Way  Menlo Park  California 94025,Business/Group/Organization,50,Hamilton  Rebecca Patriots for,Media,Online Advertising,NA,EFT,NA,Electoral,NA,NA
2022-06-17,Facebook,FaceBook,1 Hacker Way  Menlo Park  California 94025,Business/Group/Organization,75,Hamilton  Rebecca Patriots for,Media,Online Advertising,NA,EFT,NA,Electoral,NA,NA
2022-06-22,Facebook,FaceBook,1 Hacker Way  Menlo Park  California 94025,Business/Group/Organization,75,Hamilton  Rebecca Patriots for,Media,Online Advertising,NA,EFT,NA,Electoral,NA,NA
2022-10-20,Facebook,FaceBook,1 Hacker Way  Menlo Park  California 94025,Business/Group/Organization,71.58,Wicomico County Democratic Central Committee,Media,Online Advertising,NA,EFT,NA,Electoral,NA,NA
2022-06-24,Facebook INC,FaceBook,1 Hacker Way  Menlo Park  California 94025,Business/Group/Organization,10,Chen  Linfeng Friends of,Media,Online Advertising,NA,Debit Card,NA,Electoral,NA,NA
2022-07-01,Facebook INC,FaceBook,1 Hacker Way  Menlo Park  California 94025,Business/Group/Organization,10,Chen  Linfeng Friends of,Media,Online Advertising,NA,Debit Card,NA,Electoral,NA,NA
2022-06-13,Facebook,FaceBook,1 Hacker Way  Menlo Park  California 94025,Business/Group/Organization,133.38,Alton  Gregory Committee to Elect,Media,Online Advertising,NA,Debit Card,NA,Electoral,NA,NA
2022-06-30,Facebook,FaceBook,1 Hacker Way  Menlo Park  California 94025,Business/Group/Organization,153,Funderburk  John Friends of,Media,Online Advertising,NA,Debit Card,NA,Electoral,NA,NA
2022-06-17,Facebook,FaceBook,1 Hacker Way  Menlo Park  California 94025,Business/Group/Organization,10,Manger  for Montgomery,Media,Online Advertising,NA,Debit Card,NA,Electoral,NA,NA
2022-06-21,Facebook,FaceBook,1 Hacker Way  Menlo Park  California 94025,Business/Group/Organization,10,Manger  for Montgomery,Media,Online Advertising,NA,Debit Card,NA,Electoral,NA,NA
2022-06-08,Facebook,FaceBook,1601 S. California Ave.  Palo Alto  California 94303,Business/Group/Organization,100,Streight (Adam) For Cecil,Media,Online Advertising,NA,Debit Card,NA,Electoral,NA,NA
2022-06-15,Facebook,FaceBook,1 Hacker Way  Menlo Park  California 94025,Business/Group/Organization,750,Grammer  Robin L. Jr. Friends of,Media,Online Advertising,NA,Credit Card/Visa,NA,Electoral,NA,NA
2022-06-30,Facebook,FaceBook,701 Laurel Street  Menlo Park  California 94025,Business/Group/Organization,505.05,Harford County Deputy Sheriffs Political Action Committee,Media,Online Advertising,NA,EFT,NA,Electoral,11 Transactions  6/21-6/30/22,NA
2022-06-16,Facebook,FaceBook,1 Hacker Way  Menlo Park  California 94025,Business/Group/Organization,602.34,Penman  Aaron Committee to Elect,Media,Online Advertising,NA,Debit Card,NA,Electoral,Remaining June FB Ad Spend,NA
2022-06-30,FACEBOOK INC.,FaceBook,1601 S. California Ave.  Palo Alto  California 94304,Business/Group/Organization,174.68,Carr  Alfred Friends Of,Media,Online Advertising,NA,EFT,NA,Electoral,NA,NA
2022-06-30,facebook,FaceBook,1 Hacker Way  Menlo Park  California 94025,Business/Group/Organization,100.14,Johnson  Andre Elect,Media,Online Advertising,NA,EFT,NA,Electoral,social media ads,NA
2022-06-27,Facebook,FaceBook,1 Hacker Way  Menlo Park  California 94025,Business/Group/Organization,250,Nkongolo  LaToya Friends of,Media,Online Advertising,NA,Debit Card,NA,Electoral,NA,NA
2022-07-02,Facebook  Inc.,FaceBook,1 Facebook Way  Menlo Park  California 94025,Business/Group/Organization,100,Mink  Kristin Friends of,Media,Online Advertising,NA,Debit Card,NA,Electoral,NA,NA
2022-07-03,Facebook  Inc.,FaceBook,1 Facebook Way  Menlo Park  California 94025,Business/Group/Organization,100,Mink  Kristin Friends of,Media,Online Advertising,NA,Debit Card,NA,Electoral,NA,NA
2022-06-15,Facebook,FaceBook,1 Hacker Way  Menlo Park  California 94025,Business/Group/Organization,250,Hornberger  Kevin Friends of,Media,Online Advertising,NA,Debit Card,NA,Electoral,NA,NA
2022-06-21,Facebook,FaceBook,1 Hacker Way  Menlo Park  California 94025,Business/Group/Organization,97.47,Hornberger  Kevin Friends of,Media,Online Advertising,NA,Debit Card,NA,Electoral,NA,NA
2022-06-27,Facebook,FaceBook,1 Hacker Way  Menlo Park  California 94025,Business/Group/Organization,250,Hornberger  Kevin Friends of,Media,Online Advertising,NA,Debit Card,NA,Electoral,NA,NA
2022-06-08,Facebook,FaceBook,1 Facebook Way  Menlo Park  California 94025,Business/Group/Organization,168.61,Boniface  Billy Friends Of,Media,Online Advertising,NA,EFT,NA,Electoral,NA,NA
2022-07-03,Facebook,FaceBook,1 Hacker Way  Menlo Park  Maryland 94025,Business/Group/Organization,483.44,Waldstreicher  Jeff Friends Of,Media,Online Advertising,NA,Check,Jeff Waldstreicher,Electoral,NA,NA
2022-06-08,Facebook Corporate,FaceBook,1601 Willow Road  Menlo Park  California 94025,Business/Group/Organization,10,Esposito  Ashley Friends of,Media,Online Advertising,NA,Debit Card,NA,Electoral,NA,NA
2022-06-09,Facebook Corporate,FaceBook,1601 Willow Road  Menlo Park  California 94025,Business/Group/Organization,10,Esposito  Ashley Friends of,Media,Online Advertising,NA,Debit Card,NA,Electoral,NA,NA
2022-06-17,Facebook Corporate,FaceBook,1601 Willow Road  Menlo Park  California 94025,Business/Group/Organization,15,Esposito  Ashley Friends of,Media,Online Advertising,NA,Debit Card,NA,Electoral,NA,NA
2022-06-21,Facebook Corporate,FaceBook,1601 Willow Road  Menlo Park  California 94025,Business/Group/Organization,15,Esposito  Ashley Friends of,Media,Online Advertising,NA,Debit Card,NA,Electoral,NA,NA
2022-06-23,Facebook Corporate,FaceBook,1601 Willow Road  Menlo Park  California 94025,Business/Group/Organization,25,Esposito  Ashley Friends of,Media,Online Advertising,NA,Debit Card,NA,Electoral,NA,NA
2022-06-24,Facebook Corporate,FaceBook,1601 Willow Road  Menlo Park  California 94025,Business/Group/Organization,35,Esposito  Ashley Friends of,Media,Online Advertising,NA,Debit Card,NA,Electoral,NA,NA
2022-06-02,Facebook Inc,FaceBook,1 Hackey Way  Menlo Park  California 94025,Business/Group/Organization,5.67,Paschall  Patrick Friends of,Media,Online Advertising,NA,Debit Card,NA,Electoral,NA,NA
2022-07-01,Facebook Inc,FaceBook,1601 Willow Rd  Menlo Park  California 94025-1452,Business/Group/Organization,667.45,Rehman  Saifur (Saif) Friends of,Media,Online Advertising,NA,EFT,NA,Electoral,NA,NA
2022-06-13,Facebook.com,FaceBook,1 Hacker Way  Menlo Park  California 94025,Business/Group/Organization,10,Yoho  Karen Citizens for,Media,Online Advertising,NA,Debit Card,NA,Electoral,NA,NA
2022-06-30,Facebook  Inc.,FaceBook,1601 Willow Road  Menlo Park  California 94025,Business/Group/Organization,302.21,Fritz  Richard D. Bi-part.Comm For The Re-election of  State,Media,Online Advertising,NA,Debit Card,NA,Electoral,NA,NA
2022-06-25,Facebook  Inc.,FaceBook,1601 Willow Road  Menlo Park  California 94025,Business/Group/Organization,175,Fritz  Richard D. Bi-part.Comm For The Re-election of  State,Media,Online Advertising,NA,Debit Card,NA,Electoral,NA,NA
2022-06-18,Facebook  Inc.,FaceBook,1601 Willow Road  Menlo Park  California 94025,Business/Group/Organization,125,Fritz  Richard D. Bi-part.Comm For The Re-election of  State,Media,Online Advertising,NA,Debit Card,NA,Electoral,NA,NA
2022-06-11,Facebook  Inc.,FaceBook,1601 Willow Road  Menlo Park  California 94025,Business/Group/Organization,75,Fritz  Richard D. Bi-part.Comm For The Re-election of  State,Media,Online Advertising,NA,Debit Card,NA,Electoral,NA,NA
2022-06-08,Facebook,FaceBook,1 Hacker Way  Menlo Park  California 94025,Business/Group/Organization,900,Baron  Jon (Jonathan) for Maryland,Media,Online Advertising,NA,EFT,NA,Electoral,Digital Advertising,NA
2022-06-13,Facebook,FaceBook,1 Hacker Way  Menlo Park  California 94025,Business/Group/Organization,900,Baron  Jon (Jonathan) for Maryland,Media,Online Advertising,NA,EFT,NA,Electoral,Digital Advertising,NA
2022-06-13,Facebook,FaceBook,1 Hacker Way  Menlo Park  California 94025,Business/Group/Organization,900,Baron  Jon (Jonathan) for Maryland,Media,Online Advertising,NA,Debit Card,NA,Electoral,Digital Advertising,NA
2022-06-21,Facebook,FaceBook,1 Hacker Way  Menlo Park  California 94025,Business/Group/Organization,562.56,Baron  Jon (Jonathan) for Maryland,Media,Online Advertising,NA,EFT,NA,Electoral,Digital Advertising,NA
2022-06-08,Facebook,FaceBook,1601 Willow Road  Menlo Park  California 94025,Business/Group/Organization,400,Harvey  Derek Vote,Media,Online Advertising,NA,Debit Card,NA,Electoral,NA,NA
2022-06-21,Facebook  Inc.,FaceBook,1 Facebook Way  Menlo Park  California 94025,Business/Group/Organization,100,Mink  Kristin Friends of,Media,Online Advertising,NA,Debit Card,NA,Electoral,NA,NA
2022-08-22,Facebook,FaceBook,1 Facebook Way  Menlo Park  California 94025,Business/Group/Organization,10,Lashar  James (David) Citizens for,Media,Online Advertising,NA,EFT,NA,Electoral,reference # LQFSKEBDA2,NA
2022-08-22,Facebook,FaceBook,1 Facebook Way  Menlo Park  California 94025,Business/Group/Organization,10,Lashar  James (David) Citizens for,Media,Online Advertising,NA,EFT,NA,Electoral,reference # XLNDHFPCA2,NA
2022-08-23,Facebook,FaceBook,1 Facebook Way  Menlo Park  California 94025,Business/Group/Organization,15,Lashar  James (David) Citizens for,Media,Online Advertising,NA,EFT,NA,Electoral,NA,NA
2022-08-23,Facebook,FaceBook,1 Facebook Way  Menlo Park  California 94025,Business/Group/Organization,15,Lashar  James (David) Citizens for,Media,Online Advertising,NA,EFT,NA,Electoral,NA,NA
2022-08-23,Facebook,FaceBook,1 Facebook Way  Menlo Park  California 94025,Business/Group/Organization,10,Lashar  James (David) Citizens for,Media,Online Advertising,NA,EFT,NA,Electoral,NA,NA
2022-08-23,Facebook,FaceBook,1 Facebook Way  Menlo Park  California 94025,Business/Group/Organization,25,Lashar  James (David) Citizens for,Media,Online Advertising,NA,EFT,NA,Electoral,NA,NA
2022-11-07,Facebook,FaceBook,1 Hacker Way  Menlo Park  California 94025,Business/Group/Organization,50,Jackson  Emily Friends of for Talbot County Board of Ed,Media,Online Advertising,NA,Debit Card,NA,Electoral,NA,NA
2022-08-15,Facebook,FaceBook,1 Facebook Way  Menlo Park  California 94025,Business/Group/Organization,40,Balcombe  Marilyn Friends,Media,Online Advertising,NA,Debit Card,NA,Electoral,NA,NA
2022-06-27,Facebook,FaceBook,1 Hacker Way  Menlo Park  California 94025,Business/Group/Organization,10,Kindra  Samay Singh Friends of,Media,Online Advertising,NA,Debit Card,NA,Electoral,NA,NA
2022-06-27,Facebook,FaceBook,1 Hacker Way  Menlo Park  California 94025,Business/Group/Organization,25,Kindra  Samay Singh Friends of,Media,Online Advertising,NA,Debit Card,NA,Electoral,NA,NA
2022-06-27,Facebook,FaceBook,1 Hacker Way  Menlo Park  California 94025,Business/Group/Organization,15,Kindra  Samay Singh Friends of,Media,Online Advertising,NA,Debit Card,NA,Electoral,NA,NA
2022-06-28,Facebook,FaceBook,1 Hacker Way  Menlo Park  California 94025,Business/Group/Organization,35,Kindra  Samay Singh Friends of,Media,Online Advertising,NA,Debit Card,NA,Electoral,NA,NA
2022-06-22,Facebook,FaceBook,1 Hacker Way  Menlo Park  California 94025,Business/Group/Organization,900,Endow  Logan Friends of,Media,Online Advertising,NA,Debit Card,NA,Electoral,NA,NA
2022-06-22,Facebook  Inc.,FaceBook,1 Facebook Way  Menlo Park  California 94025,Business/Group/Organization,100,Mink  Kristin Friends of,Media,Online Advertising,NA,Debit Card,NA,Electoral,NA,NA
2022-06-10,Facebook,FaceBook,1 Facebook Way  Menlo Park  California 94025,Business/Group/Organization,900,Franchot Anderson-Walker for Maryland Slate,Media,Online Advertising,NA,Debit Card,NA,Electoral,NA,NA
2022-06-17,Facebook,FaceBook,1 Hacker Way  Menlo Park  California 94025,Business/Group/Organization,139.39,King and Siri for Maryland Slate,Media,Online Advertising,NA,Debit Card,NA,Electoral,Online Advertising,NA
2022-06-09,Facebook,FaceBook,1 Hacker Way  Menlo Park  California 94025,Business/Group/Organization,5,Roebuck  Monica Friends of,Media,Online Advertising,NA,Debit Card,NA,Electoral,Social Media Advertisement,NA
2022-06-17,Facebook,FaceBook,1 Hacker Way  Menlo Park  California 94025,Business/Group/Organization,35,Roebuck  Monica Friends of,Media,Online Advertising,NA,Debit Card,NA,Electoral,Social Media Advertisement,NA
2022-07-05,Facebook,FaceBook,1 Hacker Way  Menlo Park  California 94025,Business/Group/Organization,400,Nkongolo  LaToya Friends of,Media,Online Advertising,NA,Debit Card,NA,Electoral,NA,NA
2022-07-12,Facebook,FaceBook,1 Hacker Way  Menlo Park  California 94025,Business/Group/Organization,199.48,Nkongolo  LaToya Friends of,Media,Online Advertising,NA,Debit Card,NA,Electoral,NA,NA
2022-06-30,Facebook,FaceBook,1 Hacker Way  Menlo Park  California 94025,Business/Group/Organization,2.08,Bagnall Tudball  Heather Citizens for,Media,Online Advertising,NA,Debit Card,NA,Electoral,NA,NA
2022-07-01,Facebook,FaceBook,1 Facebook Way  Menlo Park  California 94025,Business/Group/Organization,25,Wikner  Ben for County Council D7,Media,Online Advertising,NA,Debit Card,NA,Electoral,NA,NA
2022-07-02,Facebook,FaceBook,1 Facebook Way  Menlo Park  California 94025,Business/Group/Organization,25,Wikner  Ben for County Council D7,Media,Online Advertising,NA,Debit Card,NA,Electoral,NA,NA
2022-06-30,Facebook,FaceBook,1 Hacker Way  Menlo Park  California 94025,Business/Group/Organization,1119.53,King and Siri for Maryland Slate,Media,Online Advertising,NA,Debit Card,NA,Electoral,Online Advertising,NA
2022-06-24,Facebook,FaceBook,1 Hacker Way  Menlo Park  California 94025,Business/Group/Organization,174.77,King and Siri for Maryland Slate,Media,Online Advertising,NA,Debit Card,NA,Electoral,Online Advertising,NA
2022-06-15,Facebook,FaceBook,1601 Willow Rd  Menlo Park  California 94025,Business/Group/Organization,600,Acle  Nicole Re-Elect,Media,Online Advertising,NA,Debit Card,NA,Electoral,NA,NA
2022-06-24,Facebook,FaceBook,1601 Willow Rd  Menlo Park  California 94025,Business/Group/Organization,318.38,Acle  Nicole Re-Elect,Media,Online Advertising,NA,EFT,NA,Electoral,NA,NA
2022-06-28,Facebook,FaceBook,1601 Willow Road  Menlo Park   California 94025-1452,Business/Group/Organization,33.96,Forde  Lorna Phillips Friends of,Media,Online Advertising,NA,Debit Card,NA,Electoral,NA,NA
2022-06-27,Facebook,FaceBook,1 Hacker Way  Menlo Park  California 94025,Business/Group/Organization,15,Kindra  Samay Singh Friends of,Media,Online Advertising,NA,Debit Card,NA,Electoral,NA,NA
2022-06-27,Facebook,FaceBook,1 Hacker Way  Menlo Park  California 94025,Business/Group/Organization,10,Kindra  Samay Singh Friends of,Media,Online Advertising,NA,Debit Card,NA,Electoral,NA,NA
2022-06-27,Facebook,FaceBook,1 Hacker Way  Menlo Park  California 94025,Business/Group/Organization,10,Kindra  Samay Singh Friends of,Media,Online Advertising,NA,Debit Card,NA,Electoral,NA,NA
2022-06-21,Facebook,FaceBook,1601 Willow Road  Menlo Park   California 94025-1452,Business/Group/Organization,25,Forde  Lorna Phillips Friends of,Media,Online Advertising,NA,Debit Card,NA,Electoral,NA,NA
2022-06-24,Facebook,FaceBook,1 Hacker Way  Menlo Park  California 94025,Business/Group/Organization,250,Benbow  Reginald for Baltimore,Media,Online Advertising,NA,Debit Card,NA,Electoral,NA,NA
2022-06-27,Facebook,FaceBook,1 Hacker Way  Menlo Park  California 94025,Business/Group/Organization,250,Benbow  Reginald for Baltimore,Media,Online Advertising,NA,Debit Card,NA,Electoral,NA,NA
2022-07-01,FACEBOOK INC,FaceBook,1 Hacker Way  Menlo Park  California 94025,Business/Group/Organization,53.84,Martinez  Ashanti  Friends of,Media,Online Advertising,NA,Debit Card,NA,Electoral,NA,NA
2022-06-13,Facebook  Inc.,FaceBook,1 Hacker Way  Menlo Park  California 94025,Business/Group/Organization,900,Shuman  Eve T. Friends of,Media,Online Advertising,NA,Credit Card/Visa,NA,Electoral,NA,NA
2022-06-24,Facebook  Inc.,FaceBook,1 Hacker Way  Menlo Park  California 94025,Business/Group/Organization,900,Shuman  Eve T. Friends of,Media,Online Advertising,NA,Credit Card/Visa,NA,Electoral,NA,NA
2022-06-29,Facebook  Inc.,FaceBook,1 Hacker Way  Menlo Park  California 94025,Business/Group/Organization,377.44,Shuman  Eve T. Friends of,Media,Online Advertising,NA,Credit Card/Visa,NA,Electoral,NA,NA
2022-07-01,Facebook  Inc.,FaceBook,Department 415  P.O. Box 10005  Palo Alto  California 94303,Business/Group/Organization,103.44,Pippy  Jesse Friends of,Media,Online Advertising,NA,Debit Card,NA,Electoral,NA,NA
2022-06-21,Facebook,FaceBook,1 Hacker Way  Menlo Park  California 94025,Business/Group/Organization,125,Grammer  Robin L. Jr. Friends of,Media,Online Advertising,NA,Credit Card/Visa,NA,Electoral,NA,NA
2022-06-23,Facebook,FaceBook,1 Hacker Way  Menlo Park  California 94025,Business/Group/Organization,750,Grammer  Robin L. Jr. Friends of,Media,Online Advertising,NA,Credit Card/Visa,NA,Electoral,NA,NA
2022-06-27,Facebook,FaceBook,1 Hacker Way  Menlo Park  California 94025,Business/Group/Organization,12.36,Grammer  Robin L. Jr. Friends of,Media,Online Advertising,NA,Credit Card/Visa,NA,Electoral,NA,NA
2022-07-01,Facebook,FaceBook,1 Hacker Way  Menlo Park  California 94025,Business/Group/Organization,697.63,Grammer  Robin L. Jr. Friends of,Media,Online Advertising,NA,Credit Card/Visa,NA,Electoral,NA,NA
2022-06-20,Facebook,FaceBook,1 HACKER WAY  MELNO PARK  California 94205,Business/Group/Organization,500,Jain  Ashwani Friends of,Media,Online Advertising,NA,EFT,NA,Electoral,NA,NA
2022-06-23,Facebook,FaceBook,1 HACKER WAY  MELNO PARK  California 94205,Business/Group/Organization,500,Jain  Ashwani Friends of,Media,Online Advertising,NA,EFT,NA,Electoral,NA,NA
2022-06-28,Facebook,FaceBook,1 HACKER WAY  MELNO PARK  California 94205,Business/Group/Organization,500,Jain  Ashwani Friends of,Media,Online Advertising,NA,EFT,NA,Electoral,NA,NA
2022-07-01,Facebook,FaceBook,1 HACKER WAY  MELNO PARK  California 94205,Business/Group/Organization,500,Jain  Ashwani Friends of,Media,Online Advertising,NA,EFT,NA,Electoral,NA,NA
2022-07-02,Facebook,FaceBook,1 HACKER WAY  MELNO PARK  California 94205,Business/Group/Organization,500,Jain  Ashwani Friends of,Media,Online Advertising,NA,EFT,NA,Electoral,NA,NA
2022-07-01,Facebook,FaceBook,1 HACKER WAY  MELNO PARK  California 94205,Business/Group/Organization,772.38,Jain  Ashwani Friends of,Media,Online Advertising,NA,EFT,NA,Electoral,NA,NA
2022-07-01,Facebook,FaceBook,1 Hacker Way  Menlo Park  California 94025,Business/Group/Organization,2,Michael  Joe Keep Judge,Media,Online Advertising,NA,EFT,NA,Electoral,NA,NA
2022-07-01,Facebook,FaceBook,1 Hacker Way  Menlo Park  California 94025,Business/Group/Organization,2,Michael  Joe Keep Judge,Media,Online Advertising,NA,EFT,NA,Electoral,NA,NA
2022-07-01,Facebook,FaceBook,1 Hacker Way  Menlo Park  California 94025,Business/Group/Organization,2,Michael  Joe Keep Judge,Media,Online Advertising,NA,EFT,NA,Electoral,NA,NA
2022-07-01,Facebook,FaceBook,1 Hacker Way  Menlo Park  California 94025,Business/Group/Organization,3,Michael  Joe Keep Judge,Media,Online Advertising,NA,EFT,NA,Electoral,NA,NA
2022-08-11,Facebook,FaceBook,1 Hacker Way  Menlo Park  California 94025,Business/Group/Organization,453.8,Nkongolo  LaToya Friends of,Media,Online Advertising,NA,Debit Card,NA,Electoral,NA,NA
2022-07-05,Facebook,FaceBook,1 Facebook Way  Menlo Park  California 94025,Business/Group/Organization,25,Wikner  Ben for County Council D7,Media,Online Advertising,NA,Debit Card,NA,Electoral,NA,NA
2022-07-06,Facebook,FaceBook,1 Facebook Way  Menlo Park  California 94025,Business/Group/Organization,35,Wikner  Ben for County Council D7,Media,Online Advertising,NA,Debit Card,NA,Electoral,NA,NA
2022-07-07,Facebook,FaceBook,1 Facebook Way  Menlo Park  California 94025,Business/Group/Organization,50,Wikner  Ben for County Council D7,Media,Online Advertising,NA,Debit Card,NA,Electoral,NA,NA
2022-07-09,Facebook,FaceBook,1 Facebook Way  Menlo Park  California 94025,Business/Group/Organization,75,Wikner  Ben for County Council D7,Media,Online Advertising,NA,Debit Card,NA,Electoral,NA,NA
2022-07-12,Facebook,FaceBook,1 Facebook Way  Menlo Park  California 94025,Business/Group/Organization,75,Wikner  Ben for County Council D7,Media,Online Advertising,NA,Debit Card,NA,Electoral,NA,NA
2022-07-15,Facebook,FaceBook,1 Facebook Way  Menlo Park  California 94025,Business/Group/Organization,125,Wikner  Ben for County Council D7,Media,Online Advertising,NA,Debit Card,NA,Electoral,NA,NA
2022-07-17,Facebook,FaceBook,1 Facebook Way  Menlo Park  California 94025,Business/Group/Organization,175.18,Wikner  Ben for County Council D7,Media,Online Advertising,NA,Debit Card,NA,Electoral,NA,NA
2022-07-31,Facebook,FaceBook,350 Camino Gardens Blvd  Suite 202  Boca Raton  Florida 33432,Business/Group/Organization,270.1,Lombardo  Darren Citizens for,Media,Online Advertising,NA,EFT,NA,Electoral,NA,NA
2022-07-05,Facebook,FaceBook,1 Hacker Way  Menlo Park  California 94025,Business/Group/Organization,119.98,Jackson  Phillip Friends for Talbot County Council,Media,Online Advertising,NA,Debit Card,NA,Electoral,NA,NA
2022-07-13,Facebook,FaceBook,1 Hacker Way  Menlo Park  California 94025,Business/Group/Organization,134.21,Jackson  Phillip Friends for Talbot County Council,Media,Online Advertising,NA,Debit Card,NA,Electoral,NA,NA
2022-07-20,Facebook,FaceBook,1 Hacker Way  Menlo Park  California 94025,Business/Group/Organization,250,Jackson  Phillip Friends for Talbot County Council,Media,Online Advertising,NA,Debit Card,NA,Electoral,NA,NA
2022-07-26,Facebook,FaceBook,1 Hacker Way  Menlo Park  California 94025,Business/Group/Organization,80.73,Jackson  Phillip Friends for Talbot County Council,Media,Online Advertising,NA,Debit Card,NA,Electoral,NA,NA
2022-08-15,Facebook,FaceBook,1 Hacker Way  Menlo Park  California 94025,Business/Group/Organization,4.1,Jackson  Phillip Friends for Talbot County Council,Media,Online Advertising,NA,Debit Card,NA,Electoral,NA,NA
2022-08-22,Facebook,FaceBook,1 Hacker Way  Menlo Park  California 94025,Business/Group/Organization,9.62,Jackson  Phillip Friends for Talbot County Council,Media,Online Advertising,NA,Debit Card,NA,Electoral,NA,NA
2022-02-03,FaceBook,FaceBook,1601 Willow Rd  Menlo Park  California 94025,Business/Group/Organization,11.44,Marion  Travis Committee to Elect,Media,Online Advertising,NA,Credit Card/MasterCard,NA,Electoral,NA,NA
2022-04-05,FaceBook,FaceBook,1601 Willow Rd  Menlo Park  California 94025,Business/Group/Organization,83.52,Marion  Travis Committee to Elect,Media,Online Advertising,NA,Credit Card/MasterCard,NA,Electoral,NA,NA
2022-07-12,Facebook,FaceBook,1601 Willow Rd  Menlo Park  California 94025,Business/Group/Organization,580.95,Acle  Nicole Re-Elect,Media,Online Advertising,NA,EFT,NA,Electoral,NA,NA
2022-07-25,Facebook,FaceBook,1601 Willow Rd  Menlo Park  California 94025,Business/Group/Organization,554.46,Acle  Nicole Re-Elect,Media,Online Advertising,NA,Debit Card,NA,Electoral,NA,NA
2022-08-01,Facebook,FaceBook,1 Hacker Way  Menlo Park  California 94025,Business/Group/Organization,350,Corderman  Paul Friends of,Media,Online Advertising,NA,Debit Card,NA,Electoral,NA,NA
2022-07-22,Facebook,FaceBook,Hacker Way  Menlo Park  CA 94025  Menlo Park  California 94025,Business/Group/Organization,208.41,McCarthy  John J. Friends Of,Media,Online Advertising,NA,Debit Card,NA,Electoral,NA,NA
2022-07-05,Facebook,FaceBook,1 Hacker Way  Menlo Park  California 94025,Business/Group/Organization,603.61,Franklin  Mel Friends Of,Media,Online Advertising,NA,Credit Card/Visa,NA,Electoral,NA,NA
2022-07-15,Facebook,FaceBook,1 Hacker Way  Menlo Park  California 94025,Business/Group/Organization,750.19,Franklin  Mel Friends Of,Media,Online Advertising,NA,Credit Card/Visa,NA,Electoral,NA,NA
2022-08-03,Facebook,FaceBook,1 Hacker Way  Menlo Park  California 94025,Business/Group/Organization,645.53,Franklin  Mel Friends Of,Media,Online Advertising,NA,Credit Card/Visa,NA,Electoral,NA,NA
2022-10-24,Facebook,FaceBook,1 Hacker Way  Menlo Park  California 94025,Business/Group/Organization,15,Tuttle  Steve The Friends to Elect,Media,Online Advertising,NA,Debit Card,NA,Electoral,NA,NA
2022-10-24,Facebook,FaceBook,1 Hacker Way  Menlo Park  California 94025,Business/Group/Organization,15,Tuttle  Steve The Friends to Elect,Media,Online Advertising,NA,Debit Card,NA,Electoral,NA,NA
2022-10-31,Facebook,FaceBook,1 Hacker Way  Menlo Park  California 94025,Business/Group/Organization,4.6,Tuttle  Steve The Friends to Elect,Media,Online Advertising,NA,Debit Card,NA,Electoral,NA,NA
2022-07-11,Facebook,FaceBook,1 Hacker Way  Menlo Park  California 94025,Business/Group/Organization,900,Kindra  Samay Singh Friends of,Media,Online Advertising,NA,Debit Card,NA,Electoral,NA,NA
2022-07-18,Facebook,FaceBook,1 Hacker Way  Menlo Park  California 94025,Business/Group/Organization,900,Kindra  Samay Singh Friends of,Media,Online Advertising,NA,Debit Card,NA,Electoral,NA,NA
2022-07-25,Facebook,FaceBook,1 Hacker Way  Menlo Park  California 94025,Business/Group/Organization,572.05,Kindra  Samay Singh Friends of,Media,Online Advertising,NA,Debit Card,NA,Electoral,NA,NA
2022-07-14,Facebook,FaceBook,1 Hacker Way  Menlo Park  California 94025,Business/Group/Organization,900,Kindra  Samay Singh Friends of,Media,Online Advertising,NA,Debit Card,NA,Electoral,NA,NA
2022-08-04,Facebook,FaceBook,1 Facebook Way  Menlo Park  California 94025,Business/Group/Organization,118.38,Franchot Anderson-Walker for Maryland Slate,Media,Online Advertising,NA,Debit Card,NA,Electoral,NA,NA
2022-07-20,Facebook,FaceBook,1 Facebook Way  Menlo Park  California 94025,Business/Group/Organization,900,Franchot Anderson-Walker for Maryland Slate,Media,Online Advertising,NA,Debit Card,NA,Electoral,NA,NA
2022-07-19,Facebook,FaceBook,1 Facebook Way  Menlo Park  California 94025,Business/Group/Organization,900,Franchot Anderson-Walker for Maryland Slate,Media,Online Advertising,NA,Debit Card,NA,Electoral,NA,NA
2022-07-18,Facebook,FaceBook,1 Facebook Way  Menlo Park  California 94025,Business/Group/Organization,900,Franchot Anderson-Walker for Maryland Slate,Media,Online Advertising,NA,Debit Card,NA,Electoral,NA,NA
2022-07-18,Facebook,FaceBook,1 Facebook Way  Menlo Park  California 94025,Business/Group/Organization,900,Franchot Anderson-Walker for Maryland Slate,Media,Online Advertising,NA,Debit Card,NA,Electoral,NA,NA
2022-07-18,Facebook,FaceBook,1 Facebook Way  Menlo Park  California 94025,Business/Group/Organization,900,Franchot Anderson-Walker for Maryland Slate,Media,Online Advertising,NA,Debit Card,NA,Electoral,NA,NA
2022-07-15,Facebook,FaceBook,1 Facebook Way  Menlo Park  California 94025,Business/Group/Organization,900,Franchot Anderson-Walker for Maryland Slate,Media,Online Advertising,NA,Debit Card,NA,Electoral,NA,NA
2022-07-14,Facebook,FaceBook,1 Facebook Way  Menlo Park  California 94025,Business/Group/Organization,900,Franchot Anderson-Walker for Maryland Slate,Media,Online Advertising,NA,Debit Card,NA,Electoral,NA,NA
2022-07-14,Facebook,FaceBook,1 Facebook Way  Menlo Park  California 94025,Business/Group/Organization,900,Franchot Anderson-Walker for Maryland Slate,Media,Online Advertising,NA,Debit Card,NA,Electoral,NA,NA
2022-07-13,Facebook,FaceBook,1 Facebook Way  Menlo Park  California 94025,Business/Group/Organization,900,Franchot Anderson-Walker for Maryland Slate,Media,Online Advertising,NA,Debit Card,NA,Electoral,NA,NA
2022-07-12,Facebook,FaceBook,1 Facebook Way  Menlo Park  California 94025,Business/Group/Organization,900,Franchot Anderson-Walker for Maryland Slate,Media,Online Advertising,NA,Debit Card,NA,Electoral,NA,NA
2022-07-12,Facebook,FaceBook,1 Facebook Way  Menlo Park  California 94025,Business/Group/Organization,900,Franchot Anderson-Walker for Maryland Slate,Media,Online Advertising,NA,Debit Card,NA,Electoral,NA,NA
2022-07-12,Facebook,FaceBook,1 Facebook Way  Menlo Park  California 94025,Business/Group/Organization,900,Franchot Anderson-Walker for Maryland Slate,Media,Online Advertising,NA,Debit Card,NA,Electoral,NA,NA
2022-07-05,Facebook,FaceBook,1 Facebook Way  Menlo Park  California 94025,Business/Group/Organization,230.04,Franchot Anderson-Walker for Maryland Slate,Media,Online Advertising,NA,Debit Card,NA,Electoral,NA,NA
2022-07-05,Facebook,FaceBook,1 Facebook Way  Menlo Park  California 94025,Business/Group/Organization,900,Franchot Anderson-Walker for Maryland Slate,Media,Online Advertising,NA,Debit Card,NA,Electoral,NA,NA
2022-07-05,Facebook,FaceBook,1 Facebook Way  Menlo Park  California 94025,Business/Group/Organization,900,Franchot Anderson-Walker for Maryland Slate,Media,Online Advertising,NA,Debit Card,NA,Electoral,NA,NA
2022-07-06,Facebook,FaceBook,1 Facebook Way  Menlo Park  California 94025,Business/Group/Organization,900,Franchot Anderson-Walker for Maryland Slate,Media,Online Advertising,NA,Debit Card,NA,Electoral,NA,NA
2022-07-07,Facebook,FaceBook,1 Facebook Way  Menlo Park  California 94025,Business/Group/Organization,900,Franchot Anderson-Walker for Maryland Slate,Media,Online Advertising,NA,Debit Card,NA,Electoral,NA,NA
2022-07-07,Facebook,FaceBook,1 Facebook Way  Menlo Park  California 94025,Business/Group/Organization,900,Franchot Anderson-Walker for Maryland Slate,Media,Online Advertising,NA,Debit Card,NA,Electoral,NA,NA
2022-07-07,Facebook,FaceBook,1 Facebook Way  Menlo Park  California 94025,Business/Group/Organization,900,Franchot Anderson-Walker for Maryland Slate,Media,Online Advertising,NA,Debit Card,NA,Electoral,NA,NA
2022-07-18,Face Book,FaceBook,1 Hacker Way  Menlo  California 94025,Business/Group/Organization,250,Grossman  Brooke for Hagerstown,Media,Online Advertising,NA,Debit Card,NA,Electoral,NA,NA
2022-07-25,Facebook,FaceBook,1 Hacker Way  Menlo  California 94025,Business/Group/Organization,150,Grossman  Brooke for Hagerstown,Media,Online Advertising,NA,Debit Card,NA,Electoral,NA,NA
2022-07-23,Facebook,FaceBook,1601 S. California Ave  Palo Alto  California 94304,Business/Group/Organization,12,Boyce  Regina T. Friends of,Media,Online Advertising,NA,Credit Card/Visa,NA,Electoral,NA,NA
2022-07-05,Facebook INC,FaceBook,1 Hacker Way  Menlo Park  California 94025,Business/Group/Organization,20,Chen  Linfeng Friends of,Media,Online Advertising,NA,Electronic Check,NA,Electoral,NA,NA
2022-07-08,Facebook INC,FaceBook,1 Hacker Way  Menlo Park  California 94025,Business/Group/Organization,15,Chen  Linfeng Friends of,Media,Online Advertising,NA,Electronic Check,NA,Electoral,NA,NA
2022-07-15,Facebook INC,FaceBook,1 Hacker Way  Menlo Park  California 94025,Business/Group/Organization,25,Chen  Linfeng Friends of,Media,Online Advertising,NA,Electronic Check,NA,Electoral,NA,NA
2022-07-18,Facebook INC,FaceBook,1 Hacker Way  Menlo Park  California 94025,Business/Group/Organization,31.96,Chen  Linfeng Friends of,Media,Online Advertising,NA,Electronic Check,NA,Electoral,NA,NA
2022-07-19,Facebook INC,FaceBook,1 Hacker Way  Menlo Park  California 94025,Business/Group/Organization,35,Chen  Linfeng Friends of,Media,Online Advertising,NA,Electronic Check,NA,Electoral,NA,NA
2022-07-13,Facebook  Inc.,FaceBook,1601 Willow Road  Menlo Park  California 94025-1452,Business/Group/Organization,750,McKay  Steve 4 Frederick County  Friends of,Media,Online Advertising,NA,Credit Card/Visa,NA,Electoral,NA,NA
2022-07-18,Facebook  Inc.,FaceBook,1601 Willow Road  Menlo Park  California 94025-1452,Business/Group/Organization,750,McKay  Steve 4 Frederick County  Friends of,Media,Online Advertising,NA,Credit Card/Visa,NA,Electoral,NA,NA
2022-07-31,Facebook  Inc.,FaceBook,1601 Willow Road  Menlo Park  California 94025-1452,Business/Group/Organization,169.54,McKay  Steve 4 Frederick County  Friends of,Media,Online Advertising,NA,Credit Card/Visa,NA,Electoral,NA,NA
2022-08-15,Facebook INC,FaceBook,1 Hacker Way  Menlo Park  California 94025,Business/Group/Organization,15,Chen  Linfeng Friends of,Media,Online Advertising,NA,Electronic Check,NA,Electoral,NA,NA
2022-07-08,Facebook,FaceBook,1 Hacker Way  Menlo Park  California 94025,Business/Group/Organization,10,HoCo 4 Us Slate,Media,Online Advertising,NA,Debit Card,NA,Electoral,NA,NA
2022-07-15,Facebook,FaceBook,1 Hacker Way  Menlo Park  California 94025,Business/Group/Organization,10,HoCo 4 Us Slate,Media,Online Advertising,NA,Debit Card,NA,Electoral,NA,NA
2022-07-15,Facebook,FaceBook,1 Hacker Way  Menlo Park  California 94025,Business/Group/Organization,10,HoCo 4 Us Slate,Media,Online Advertising,NA,Debit Card,NA,Electoral,NA,NA
2022-07-18,Facebook,FaceBook,1 Hacker Way  Menlo Park  California 94025,Business/Group/Organization,900,Hornberger  Kevin Friends of,Media,Online Advertising,NA,EFT,NA,Electoral,NA,NA
2022-07-21,Facebook,FaceBook,1 Hacker Way  Menlo Park  California 94025,Business/Group/Organization,419.19,Hornberger  Kevin Friends of,Media,Online Advertising,NA,EFT,NA,Electoral,NA,NA
2022-07-31,facebook,FaceBook,1 Hacker Way  Menlo Park  California 94025,Business/Group/Organization,33.8,Johnson  Andre Elect,Media,Online Advertising,NA,Credit Card/Visa,NA,Electoral,ADS,NA
2022-07-12,facebook,FaceBook,1 Hacker Way  Menlo Park  California 94025,Business/Group/Organization,120,Johnson  Andre Elect,Media,Online Advertising,NA,Credit Card/Visa,NA,Electoral,ADS,NA
2022-07-10,Facebook / Meta,FaceBook,1 One Hacker  Menlo Park  California 94025,Business/Group/Organization,600,Wu  Robert Tunghay Friends of,Media,Online Advertising,NA,Credit Card/Visa,NA,Electoral,NA,NA
2022-07-11,Facebook / Meta,FaceBook,1 One Hacker  Menlo Park  California 94025,Business/Group/Organization,600,Wu  Robert Tunghay Friends of,Media,Online Advertising,NA,Credit Card/Visa,NA,Electoral,NA,NA
2022-07-30,Facebook / Meta,FaceBook,1 One Hacker  Menlo Park  California 94025,Business/Group/Organization,452.47,Wu  Robert Tunghay Friends of,Media,Online Advertising,NA,Credit Card/Visa,NA,Electoral,NA,NA
2022-07-07,Facebook,FaceBook,1 Facebook Way  Menlo Park  California 94025,Business/Group/Organization,900,Franchot Anderson-Walker for Maryland Slate,Media,Online Advertising,NA,Debit Card,NA,Electoral,NA,NA
2022-07-08,Facebook,FaceBook,1 Facebook Way  Menlo Park  California 94025,Business/Group/Organization,900,Franchot Anderson-Walker for Maryland Slate,Media,Online Advertising,NA,Debit Card,NA,Electoral,NA,NA
2022-07-08,Facebook,FaceBook,1 Facebook Way  Menlo Park  California 94025,Business/Group/Organization,900,Franchot Anderson-Walker for Maryland Slate,Media,Online Advertising,NA,Debit Card,NA,Electoral,NA,NA
2022-07-11,Facebook,FaceBook,1 Facebook Way  Menlo Park  California 94025,Business/Group/Organization,900,Franchot Anderson-Walker for Maryland Slate,Media,Online Advertising,NA,Debit Card,NA,Electoral,NA,NA
2022-07-11,Facebook,FaceBook,1 Facebook Way  Menlo Park  California 94025,Business/Group/Organization,900,Franchot Anderson-Walker for Maryland Slate,Media,Online Advertising,NA,Debit Card,NA,Electoral,NA,NA
2022-07-11,Facebook,FaceBook,1 Facebook Way  Menlo Park  California 94025,Business/Group/Organization,900,Franchot Anderson-Walker for Maryland Slate,Media,Online Advertising,NA,Debit Card,NA,Electoral,NA,NA
2022-07-11,Facebook,FaceBook,1 Facebook Way  Menlo Park  California 94025,Business/Group/Organization,900,Franchot Anderson-Walker for Maryland Slate,Media,Online Advertising,NA,Debit Card,NA,Electoral,NA,NA
2022-07-11,Facebook,FaceBook,1 Facebook Way  Menlo Park  California 94025,Business/Group/Organization,900,Franchot Anderson-Walker for Maryland Slate,Media,Online Advertising,NA,Debit Card,NA,Electoral,NA,NA
2022-07-11,Facebook,FaceBook,1 Facebook Way  Menlo Park  California 94025,Business/Group/Organization,900,Franchot Anderson-Walker for Maryland Slate,Media,Online Advertising,NA,Debit Card,NA,Electoral,NA,NA
2022-07-06,Facebook,FaceBook,1 Hacker Way  Menlo Park  California 94025,Business/Group/Organization,900,Penman  Aaron Committee to Elect,Media,Online Advertising,NA,Debit Card,NA,Electoral,Online Advertising,NA
2022-07-18,Facebook,FaceBook,1 Hacker Way  Menlo Park  California 94025,Business/Group/Organization,102.93,Penman  Aaron Committee to Elect,Media,Online Advertising,NA,Debit Card,NA,Electoral,NA,NA
2022-07-11,Facebook,FaceBook,1 Facebook Way  Menlo Park  California 94025,Business/Group/Organization,900,Franchot Anderson-Walker for Maryland Slate,Media,Online Advertising,NA,Debit Card,NA,Electoral,NA,NA
2022-07-11,Facebook,FaceBook,1 Facebook Way  Menlo Park  California 94025,Business/Group/Organization,900,Franchot Anderson-Walker for Maryland Slate,Media,Online Advertising,NA,Debit Card,NA,Electoral,NA,NA
2022-07-14,Facebook,FaceBook,1 Hacker Way  Menlo Park  California 94025,Business/Group/Organization,500,Greivell (Adam)  for Judge,Media,Online Advertising,NA,Debit Card,NA,Electoral,NA,NA
2022-07-16,Facebook,FaceBook,1 Hacker Way  Menlo Park  California 94025,Business/Group/Organization,500,Greivell (Adam)  for Judge,Media,Online Advertising,NA,Debit Card,NA,Electoral,NA,NA
2022-07-10,Facebook,FaceBook,1 Hacker Way  Menlo Park  California 94025,Business/Group/Organization,500,Greivell (Adam)  for Judge,Media,Online Advertising,NA,Debit Card,NA,Electoral,NA,NA
2022-08-01,Facebook,FaceBook,1 Hacker Way  Menlo Park  California 94025,Business/Group/Organization,602.02,Greivell (Adam)  for Judge,Media,Online Advertising,NA,Debit Card,NA,Electoral,NA,NA
2022-07-11,Facebook,FaceBook,1 Hacker Way  Menlo Park  California 94025,Business/Group/Organization,250,Alton  Gregory Committee to Elect,Media,Online Advertising,NA,Debit Card,NA,Electoral,NA,NA
2022-07-12,Facebook,FaceBook,1 Hacker Way  Menlo Park  California 94025,Business/Group/Organization,5.43,Alton  Gregory Committee to Elect,Media,Online Advertising,NA,Debit Card,NA,Electoral,NA,NA
2022-07-18,Facebook,FaceBook,1 Hacker Way  Menlo Park  California 94025,Business/Group/Organization,250,Alton  Gregory Committee to Elect,Media,Online Advertising,NA,Debit Card,NA,Electoral,NA,NA
2022-07-19,Facebook,FaceBook,1 Hacker Way  Menlo Park  California 94025,Business/Group/Organization,250,Alton  Gregory Committee to Elect,Media,Online Advertising,NA,Debit Card,NA,Electoral,NA,NA
2022-08-12,Facebook,FaceBook,1 Hacker Way  Menlo Park  California 94025,Business/Group/Organization,142.32,Alton  Gregory Committee to Elect,Media,Online Advertising,NA,Debit Card,NA,Electoral,NA,NA
2022-09-30,Facebook,FaceBook,1 Hacker Way  Meno Park  California 94025,Business/Group/Organization,17.89,Dappert  Michele Committee to Elect,Media,Online Advertising,NA,Debit Card,NA,Electoral,NA,NA
2022-07-05,FACEBOOK,FaceBook,1 HACKER WAY  MELNO PARK  California 94205,Business/Group/Organization,1100,Jain  Ashwani Friends of,Media,Online Advertising,NA,Credit Card/MasterCard,NA,Electoral,NA,NA
2022-07-06,FACEBOOK,FaceBook,1 HACKER WAY  MELNO PARK  California 94205,Business/Group/Organization,750,Jain  Ashwani Friends of,Media,Online Advertising,NA,Credit Card/Visa,NA,Electoral,NA,NA
2022-07-07,FACEBOOK,FaceBook,1 HACKER WAY  MELNO PARK  California 94205,Business/Group/Organization,1200,Jain  Ashwani Friends of,Media,Online Advertising,NA,Credit Card/Visa,NA,Electoral,NA,NA
2022-07-12,FACEBOOK,FaceBook,1 HACKER WAY  MELNO PARK  California 94205,Business/Group/Organization,6100,Jain  Ashwani Friends of,Media,Online Advertising,NA,Credit Card/MasterCard,NA,Electoral,NA,NA
2022-07-20,FACEBOOK,FaceBook,1 HACKER WAY  MELNO PARK  California 94205,Business/Group/Organization,1200,Jain  Ashwani Friends of,Media,Online Advertising,NA,Debit Card,NA,Electoral,NA,NA
2022-07-22,facebook,FaceBook,1 Hacker Way  Menlo Park  California 94025,Business/Group/Organization,100,Bennett  Jacob Vote for,Media,Online Advertising,NA,Debit Card,NA,Electoral,NA,NA
2022-08-06,facebook,FaceBook,1 Hacker Way  Menlo Park  California 94025,Business/Group/Organization,175,Bennett  Jacob Vote for,Media,Online Advertising,NA,Debit Card,NA,Electoral,NA,NA
2022-08-22,facebook,FaceBook,1 Hacker Way  Menlo Park  California 94025,Business/Group/Organization,78.35,Bennett  Jacob Vote for,Media,Online Advertising,NA,Debit Card,NA,Electoral,NA,NA
2022-07-13,FaceBook Ads,FaceBook,1 Hacker Way  Menlo Park  California 94025,Business/Group/Organization,114.88,McKay  Mike Citizens to Elect,Media,Online Advertising,NA,EFT,NA,Electoral,Loan from candidate,NA
2022-07-13,FaceBook Ads,FaceBook,1 Hacker Way  Menlo Park  California 94025,Business/Group/Organization,900,McKay  Mike Citizens to Elect,Media,Online Advertising,NA,EFT,NA,Electoral,Candidate loan,NA
2022-07-11,Facebook,FaceBook,1 Facebook Way  Menlo Park  California 94025,Business/Group/Organization,900,Franchot Anderson-Walker for Maryland Slate,Media,Online Advertising,NA,Debit Card,NA,Electoral,NA,NA
2022-07-11,Facebook,FaceBook,1 Facebook Way  Menlo Park  California 94025,Business/Group/Organization,900,Franchot Anderson-Walker for Maryland Slate,Media,Online Advertising,NA,Debit Card,NA,Electoral,NA,NA
2022-07-07,Facebook  Inc.,FaceBook,1 Facebook Way  Menlo Park  California 94025,Business/Group/Organization,15.3,Mink  Kristin Friends of,Media,Online Advertising,NA,Debit Card,NA,Electoral,NA,NA
2022-07-09,Facebook  Inc.,FaceBook,1 Facebook Way  Menlo Park  California 94025,Business/Group/Organization,100,Mink  Kristin Friends of,Media,Online Advertising,NA,Debit Card,NA,Electoral,NA,NA
2022-07-07,Facebook  Inc.,FaceBook,1 Facebook Way  Menlo Park  California 94025,Business/Group/Organization,100,Mink  Kristin Friends of,Media,Online Advertising,NA,Debit Card,NA,Electoral,NA,NA
2022-07-08,Facebook  Inc.,FaceBook,1 Facebook Way  Menlo Park  California 94025,Business/Group/Organization,100,Mink  Kristin Friends of,Media,Online Advertising,NA,Debit Card,NA,Electoral,NA,NA
2022-07-10,Facebook  Inc.,FaceBook,1 Facebook Way  Menlo Park  California 94025,Business/Group/Organization,100,Mink  Kristin Friends of,Media,Online Advertising,NA,Debit Card,NA,Electoral,NA,NA
2022-07-10,Facebook  Inc.,FaceBook,1 Facebook Way  Menlo Park  California 94025,Business/Group/Organization,100,Mink  Kristin Friends of,Media,Online Advertising,NA,Debit Card,NA,Electoral,NA,NA
2022-07-05,Facebook,FaceBook,1 Hacker Way  Menlo Park  California 94025,Business/Group/Organization,238.59,Hall  Steven for Sheriff,Media,Online Advertising,NA,Credit Card/Visa,NA,Electoral,NA,NA
2022-09-24,Facebook,FaceBook,1601 Willow Road  Menlo Park  California 94025,Business/Group/Organization,7.52,Harvey  Derek Vote,Media,Online Advertising,NA,Debit Card,NA,Electoral,NA,NA
2022-06-17,Facebook,FaceBook,1 Facebook Way  Menlo Park  California 94025,Business/Group/Organization,500,Wills  Matt Committee to Elect,Media,Consulting Fees - Media,NA,Debit Card,NA,Electoral,NA,NA
2022-07-01,Facebook,FaceBook,1 Facebook Way  Menlo Park  California 94025,Business/Group/Organization,385.94,Wills  Matt Committee to Elect,Media,Online Advertising,NA,Debit Card,NA,Electoral,NA,NA
2022-07-07,Facebook,FaceBook,1 Hacker Way  Menlo Park  California 94025,Business/Group/Organization,280,Hamilton  Rebecca Patriots for,Media,Online Advertising,NA,EFT,NA,Electoral,NA,NA
2022-07-05,Facebook,FaceBook,1 Hacker Way  Menlo Park  California 94025,Business/Group/Organization,300,Hamilton  Rebecca Patriots for,Media,Online Advertising,NA,EFT,NA,Electoral,NA,NA
2022-07-04,Facebook/Meta,FaceBook,770 Broadway  New York  New York 10003,Business/Group/Organization,15,Brown  Monise Keep Judge,Media,Online Advertising,NA,Debit Card,NA,Electoral,NA,NA
2022-07-08,Facebook/Meta,FaceBook,770 Broadway  New York  New York 10003,Business/Group/Organization,75,Brown  Monise Keep Judge,Media,Online Advertising,NA,Debit Card,NA,Electoral,NA,NA
2022-07-10,Facebook/Meta,FaceBook,770 Broadway  New York  New York 10003,Business/Group/Organization,75,Brown  Monise Keep Judge,Media,Online Advertising,NA,Debit Card,NA,Electoral,Ad,NA
2022-07-11,Facebook/Meta,FaceBook,770 Broadway  New York  New York 10003,Business/Group/Organization,75,Brown  Monise Keep Judge,Media,Online Advertising,NA,Debit Card,NA,Electoral,Ad,NA
2022-07-09,Facebook/Meta,FaceBook,770 Broadway  New York  New York 10003,Business/Group/Organization,100,Brown  Monise Keep Judge,Media,Online Advertising,NA,Debit Card,NA,Electoral,ads,NA
2022-07-14,Facebook/Meta,FaceBook,770 Broadway  New York  New York 10003,Business/Group/Organization,100,Brown  Monise Keep Judge,Media,Online Advertising,NA,Debit Card,NA,Electoral,NA,NA
2022-07-18,Facebook/Meta,FaceBook,770 Broadway  New York  New York 10003,Business/Group/Organization,100,Brown  Monise Keep Judge,Media,Online Advertising,NA,Debit Card,NA,Electoral,NA,NA
2022-07-15,Facebook/Meta,FaceBook,770 Broadway  New York  New York 10003,Business/Group/Organization,101.31,Brown  Monise Keep Judge,Media,Online Advertising,NA,Debit Card,NA,Electoral,NA,NA
2022-07-07,Facebook/Meta,FaceBook,770 Broadway  New York  New York 10003,Business/Group/Organization,50,Brown  Monise Keep Judge,Media,Online Advertising,NA,Debit Card,NA,Electoral,NA,NA
2022-07-06,Facebook/Meta,FaceBook,770 Broadway  New York  New York 10003,Business/Group/Organization,35,Brown  Monise Keep Judge,Media,Online Advertising,NA,Debit Card,NA,Electoral,NA,NA
2022-07-06,Facebook/Meta,FaceBook,770 Broadway  New York  New York 10003,Business/Group/Organization,25,Brown  Monise Keep Judge,Media,Online Advertising,NA,Debit Card,NA,Electoral,NA,NA
2022-07-18,Facebook/Meta,FaceBook,770 Broadway  New York  New York 10003,Business/Group/Organization,64.96,Brown  Monise Keep Judge,Media,Online Advertising,NA,Debit Card,NA,Electoral,NA,NA
2022-07-20,Facebook,FaceBook,156 University Ave.  Palo Alto  California 94301,Business/Group/Organization,50,Hough  Mike Friends of,Media,Online Advertising,NA,Debit Card,NA,Electoral,NA,NA
2022-08-01,FACEBOOK,FaceBook,1 Hacker Way  Menlo Park  California 94025,Business/Group/Organization,137.84,McDowell  (Patrick) Dave Committee To Elect  Sheriff,Media,Online Advertising,NA,Debit Card,NA,Electoral,NA,NA
2022-07-19,FACEBOOK,FaceBook,1 Hacker Way  Menlo Park  California 94025,Business/Group/Organization,125,McDowell  (Patrick) Dave Committee To Elect  Sheriff,Media,Online Advertising,NA,Debit Card,NA,Electoral,NA,NA
2022-07-20,FACEBOOK,FaceBook,1 Hacker Way  Menlo Park  California 94025,Business/Group/Organization,175,McDowell  (Patrick) Dave Committee To Elect  Sheriff,Media,Online Advertising,NA,Debit Card,NA,Electoral,NA,NA
2022-07-25,Facebook,FaceBook,156 University Ave.  Palo Alto  California 94301,Business/Group/Organization,27.31,Hough  Mike Friends of,Media,Online Advertising,NA,Debit Card,NA,Electoral,NA,NA
2022-07-25,Facebook,FaceBook,156 University Ave.  Palo Alto  California 94301,Business/Group/Organization,35,Hough  Mike Friends of,Media,Online Advertising,NA,Debit Card,NA,Electoral,NA,NA
2022-07-25,Facebook,FaceBook,156 University Ave.  Palo Alto  California 94301,Business/Group/Organization,50,Hough  Mike Friends of,Media,Online Advertising,NA,Debit Card,NA,Electoral,NA,NA
2022-07-25,Facebook,FaceBook,Hacker Way  Menlo Park  California 94025,Business/Group/Organization,74.93,Novotny  Reid J. Elect,Media,Online Advertising,NA,EFT,NA,Electoral,NA,NA
2022-07-06,FaceBook,FaceBook,1601 Willow Rd  Menlo Park  California 94025,Business/Group/Organization,100,Marion  Travis Committee to Elect,Media,Online Advertising,NA,Credit Card/MasterCard,NA,Electoral,NA,NA
2022-07-16,FaceBook,FaceBook,1601 Willow Rd  Menlo Park  California 94025,Business/Group/Organization,100,Marion  Travis Committee to Elect,Media,Online Advertising,NA,Credit Card/MasterCard,NA,Electoral,NA,NA
2022-07-18,FaceBook,FaceBook,1601 Willow Rd  Menlo Park  California 94025,Business/Group/Organization,100,Marion  Travis Committee to Elect,Media,Online Advertising,NA,Credit Card/MasterCard,NA,Electoral,NA,NA
2022-07-19,FaceBook,FaceBook,1601 Willow Rd  Menlo Park  California 94025,Business/Group/Organization,100,Marion  Travis Committee to Elect,Media,Online Advertising,NA,Credit Card/MasterCard,NA,Electoral,NA,NA
2022-07-31,FaceBook,FaceBook,1601 Willow Rd  Menlo Park  California 94025,Business/Group/Organization,61.4,Marion  Travis Committee to Elect,Media,Online Advertising,NA,Credit Card/MasterCard,NA,Electoral,NA,NA
2022-08-02,Facebook Corporate,FaceBook,1601 Willow Road  Menlo Park  California 94025,Business/Group/Organization,487.12,Esposito  Ashley Friends of,Media,Online Advertising,NA,Debit Card,NA,Electoral,NA,NA
2022-07-19,Facebook,FaceBook,1 Hacker Way  Menlo Park  California 94025,Business/Group/Organization,400,Ahmed  Raaheela Citizens for,Media,Online Advertising,NA,Debit Card,NA,Electoral,NA,NA
2022-07-06,Facebook,FaceBook,1 Hacker Way  Menlo Park  California 94025,Business/Group/Organization,250,Ahmed  Raaheela Citizens for,Media,Online Advertising,NA,Debit Card,NA,Electoral,NA,NA
2022-07-31,Facebook,FaceBook,1 Hacker Way  Menlo Park  California 94025,Business/Group/Organization,5.52,Ahmed  Raaheela Citizens for,Media,Online Advertising,NA,Debit Card,NA,Electoral,NA,NA
2022-07-07,Facebook,FaceBook,1 Hacker Way  Menlo Park  California 94025,Business/Group/Organization,600,Hall  Steven for Sheriff,Media,Online Advertising,NA,Credit Card/Visa,NA,Electoral,NA,NA
2022-07-16,Facebook,FaceBook,1 Hacker Way  Menlo Park  California 94025,Business/Group/Organization,900,Hall  Steven for Sheriff,Media,Online Advertising,NA,Credit Card/Visa,NA,Electoral,NA,NA
2022-08-16,facebook,FaceBook,1 Hacker Way  Menlo Park  California 94025,Business/Group/Organization,734.31,Hall  Steven for Sheriff,Media,Online Advertising,NA,Credit Card/Visa,NA,Electoral,NA,NA
2022-11-02,Facebook,FaceBook,1 Hacker Way  Menlo Park  California 94025,Business/Group/Organization,11.59,Summers  Carleah Vote,Media,Online Advertising,NA,EFT,NA,Electoral,NA,NA
2022-07-24,Facebook,FaceBook,1601 Willow Road  Menlo Park  California 94025,Business/Group/Organization,369.22,Harvey  Derek Vote,Media,Online Advertising,NA,Credit Card/Visa,NA,Electoral,NA,NA
2022-07-17,Facebook,FaceBook,1601 Willow Road  Menlo Park  California 94025,Business/Group/Organization,400,Harvey  Derek Vote,Media,Online Advertising,NA,Debit Card,NA,Electoral,NA,NA
2022-07-07,Facebook,FaceBook,1 Hacker Way Menlo Park  Menlo Park  California 94025,Business/Group/Organization,20,Attar  Dalya for Baltimore,Media,Online Advertising,NA,Check,NA,Electoral,facebook ad,NA
2022-07-15,Facebook,FaceBook,1 Hacker Way  Menlo Park  California 94025,Business/Group/Organization,500,McCray  Cory Friends of,Media,Online Advertising,NA,Check,NA,Electoral,NA,NA
2022-07-21,Facebook,FaceBook,1 Hacker Way  Menlo Park  California 94025,Business/Group/Organization,500,McCray  Cory Friends of,Media,Online Advertising,NA,Check,NA,Electoral,NA,NA
2022-08-08,Facebook,FaceBook,1 Hacker Way  Menlo Park  California 94025,Business/Group/Organization,458.68,McCray  Cory Friends of,Media,Online Advertising,NA,Check,NA,Electoral,NA,NA
2022-07-19,Facebook,FaceBook,1 Facebook Way  Menlo Park  California 94025,Business/Group/Organization,500,Wills  Matt Committee to Elect,Media,Online Advertising,NA,Debit Card,NA,Electoral,Facebook ads,NA
2022-08-01,Facebook,FaceBook,1 Facebook Way  Menlo Park  California 94025,Business/Group/Organization,95.91,Wills  Matt Committee to Elect,Media,Online Advertising,NA,Debit Card,NA,Electoral,Facebook ads,NA
2022-07-11,Facebook,FaceBook,1 Hacker Way  Menlo Park  California 94025,Business/Group/Organization,10,Manger  for Montgomery,Media,Online Advertising,NA,Debit Card,NA,Electoral,NA,NA
2022-07-20,Facebook,FaceBook,1 Hacker Way  Menlo Park  California 94025,Business/Group/Organization,79.11,Manger  for Montgomery,Media,Online Advertising,NA,Debit Card,NA,Electoral,NA,NA
2022-08-22,Facebook,FaceBook,1 Hacker Way  Menlo Park  California 94025,Business/Group/Organization,51.5,Manger  for Montgomery,Media,Online Advertising,NA,Debit Card,NA,Electoral,NA,NA
2022-08-08,FACEBOOK INC.,FaceBook,1601 Willow Road  Menlo Park  California 94025,Business/Group/Organization,130,Fava  (Raymond) Freedom For,Media,Online Advertising,NA,Credit Card/MasterCard,NA,Electoral,NA,NA
2022-07-13,FACEBOOK INC.,FaceBook,1601 Willow Road  Menlo Park  California 94025,Business/Group/Organization,70,Fava  (Raymond) Freedom For,Media,Online Advertising,NA,Credit Card/MasterCard,NA,Electoral,NA,NA
2022-08-01,Facebook,FaceBook,1 Hacker Way  Menlo Park  CA  California 94025,Business/Group/Organization,19.58,Hands  Zach Citizens for,Media,Online Advertising,NA,Debit Card,NA,Electoral,NA,NA
2022-07-15,Facebook,FaceBook,1 Hacker Way  Menlo Park  California 94025,Business/Group/Organization,15,HoCo 4 Us Slate,Media,Online Advertising,NA,Debit Card,NA,Electoral,NA,NA
2022-07-18,Facebook,FaceBook,1 Hacker Way  Menlo Park  California 94025,Business/Group/Organization,15,HoCo 4 Us Slate,Media,Online Advertising,NA,Debit Card,NA,Electoral,NA,NA
2022-07-18,Facebook,FaceBook,1 Hacker Way  Menlo Park  California 94025,Business/Group/Organization,25,HoCo 4 Us Slate,Media,Online Advertising,NA,Debit Card,NA,Electoral,NA,NA
2022-07-18,Facebook,FaceBook,1 Hacker Way  Menlo Park  California 94025,Business/Group/Organization,35,HoCo 4 Us Slate,Media,Online Advertising,NA,Debit Card,NA,Electoral,NA,NA
2022-07-18,Facebook,FaceBook,1 Hacker Way  Menlo Park  California 94025,Business/Group/Organization,50,HoCo 4 Us Slate,Media,Online Advertising,NA,Debit Card,NA,Electoral,NA,NA
2022-07-19,Facebook,FaceBook,1 Hacker Way  Menlo Park  California 94025,Business/Group/Organization,75,HoCo 4 Us Slate,Media,Online Advertising,NA,Debit Card,NA,Electoral,NA,NA
2022-07-20,Facebook,FaceBook,1 Hacker Way  Menlo Park  California 94025,Business/Group/Organization,75,HoCo 4 Us Slate,Media,Online Advertising,NA,Debit Card,NA,Electoral,NA,NA
2022-08-08,Facebook,FaceBook,1 Hacker Way  Menlo Park  California 94025,Business/Group/Organization,44.5,HoCo 4 Us Slate,Media,Online Advertising,NA,Debit Card,NA,Electoral,NA,NA
2022-07-18,Facebook,FaceBook,156 University Ave.  Palo Alto  California 94301,Business/Group/Organization,1.85,Hough  Mike Friends of,Media,Online Advertising,NA,Debit Card,NA,Electoral,NA,NA
2022-07-18,Facebook,FaceBook,1 Hacker Way  Me lol Park  California 94025,Business/Group/Organization,12,Pantelides  Mike Friends of,Media,Online Advertising,NA,Debit Card,NA,Electoral,Facebook advertising,NA
2022-07-25,Facebook,FaceBook,1 Hacker Way  Me lol Park  California 94025,Business/Group/Organization,29.02,Pantelides  Mike Friends of,Media,Online Advertising,NA,Debit Card,NA,Electoral,Facebook advertising,NA
2022-08-23,Facebook,FaceBook,1 Hacker Way  Me lol Park  California 94025,Business/Group/Organization,13.98,Pantelides  Mike Friends of,Media,Online Advertising,NA,Debit Card,NA,Electoral,Advertising,NA
2022-07-08,Facebook,FaceBook,1 Facebook Way  Menlo Park  California 94025,Business/Group/Organization,225.26,Boniface  Billy Friends Of,Media,Online Advertising,NA,EFT,NA,Electoral,NA,NA
2022-07-15,Facebook,FaceBook,1 Facebook Way  Menlo Park  California 94025,Business/Group/Organization,900,Boniface  Billy Friends Of,Media,Online Advertising,NA,EFT,NA,Electoral,NA,NA
2022-07-18,Facebook,FaceBook,1 Facebook Way  Menlo Park  California 94025,Business/Group/Organization,900,Boniface  Billy Friends Of,Media,Online Advertising,NA,EFT,NA,Electoral,NA,NA
2022-07-18,Facebook,FaceBook,1 Facebook Way  Menlo Park  California 94025,Business/Group/Organization,900,Boniface  Billy Friends Of,Media,Online Advertising,NA,EFT,NA,Electoral,NA,NA
2022-07-19,Facebook,FaceBook,1 Facebook Way  Menlo Park  California 94025,Business/Group/Organization,900,Boniface  Billy Friends Of,Media,Online Advertising,NA,EFT,NA,Electoral,NA,NA
2022-07-21,Facebook,FaceBook,1 Facebook Way  Menlo Park  California 94025,Business/Group/Organization,258.72,Boniface  Billy Friends Of,Media,Online Advertising,NA,EFT,NA,Electoral,NA,NA
2022-07-18,Facebook,FaceBook,1 Hacker Way  Menlo Park  California 94025,Business/Group/Organization,125,Wicomico County Democratic Central Committee,Media,Online Advertising,NA,EFT,NA,Electoral,NA,NA
2022-07-20,Facebook,FaceBook,1 Hacker Way  Menlo Park  California 94025,Business/Group/Organization,17.82,Wicomico County Democratic Central Committee,Media,Online Advertising,NA,Credit Card/Visa,NA,Electoral,Primary Election Advertising,NA
2022-07-21,Facebook,FaceBook,1 Hacker Way  Menlo Park  California 94025,Business/Group/Organization,288.35,Forgan Connaghan  Maryann Friends of,Media,Online Advertising,NA,Debit Card,NA,Electoral,Pay Facebook post.,NA
2022-07-13,Facebook,FaceBook,1 Hacker Way  Menlo Park  California 94025,Business/Group/Organization,13.76,Forgan Connaghan  Maryann Friends of,Media,Online Advertising,NA,Debit Card,NA,Electoral,Pay Facebook post.,NA
2022-06-27,Facebook,FaceBook,1 Hacker Way  Menlo Park  California 94025,Business/Group/Organization,3.89,Forgan Connaghan  Maryann Friends of,Media,Online Advertising,NA,EFT,NA,Electoral,NA,NA
2022-08-22,Facebook,FaceBook,1 Hacker Way  Menlo Park  California 94025,Business/Group/Organization,57.18,Wicomico County Democratic Central Committee,Media,Online Advertising,NA,EFT,NA,Electoral,NA,NA
2022-07-06,Facebook,FaceBook,1 Hacker Way  Meno Park  California 94025,Business/Group/Organization,100,Dappert  Michele Committee to Elect,Media,Online Advertising,NA,Debit Card,NA,Electoral,NA,NA
2022-07-11,Facebook,FaceBook,1 Hacker Way  Meno Park  California 94025,Business/Group/Organization,100,Dappert  Michele Committee to Elect,Media,Online Advertising,NA,Debit Card,NA,Electoral,NA,NA
2022-07-25,Facebook,FaceBook,1 Hacker Way  Meno Park  California 94025,Business/Group/Organization,98.63,Dappert  Michele Committee to Elect,Media,Online Advertising,NA,Debit Card,NA,Electoral,NA,NA
2022-07-12,Facebook/Meta,FaceBook,One Hacker Way  Menlo Park  California 94025,Business/Group/Organization,500,McMahon  Jeffrey For Commissioner,Media,Online Advertising,NA,Credit Card/MasterCard,NA,Electoral,Facebook Ads,NA
2022-06-10,facebook,FaceBook,1 Hacker Way  Menlo Park  California 94025,Business/Group/Organization,175,Bennett  Jacob Vote for,Media,Online Advertising,NA,Debit Card,NA,Electoral,NA,NA
2022-06-22,facebook,FaceBook,1 Hacker Way  Menlo Park  California 94025,Business/Group/Organization,66.02,Bennett  Jacob Vote for,Media,Online Advertising,NA,Debit Card,NA,Electoral,NA,NA
2022-07-10,Facebook,FaceBook,1 Facebook Way  Menlo Park  California 94025,Business/Group/Organization,306.04,Balcombe  Marilyn Friends,Media,Online Advertising,NA,Debit Card,NA,Electoral,NA,NA
2022-07-05,Facebook  Inc.,FaceBook,1601 Willow Rd  Menlo Park  California 94025,Business/Group/Organization,120,Albornoz  Gabriel Ivan For Council,Media,Online Advertising,NA,Check,NA,Electoral,NA,NA
2022-07-07,Facebook  Inc.,FaceBook,1601 Willow Rd  Menlo Park  California 94025,Business/Group/Organization,175,Albornoz  Gabriel Ivan For Council,Media,Online Advertising,NA,Check,NA,Electoral,NA,NA
2022-07-11,Facebook  Inc.,FaceBook,1601 Willow Rd  Menlo Park  California 94025,Business/Group/Organization,250,Albornoz  Gabriel Ivan For Council,Media,Online Advertising,NA,Check,NA,Electoral,NA,NA
2022-07-13,Facebook  Inc.,FaceBook,1601 Willow Rd  Menlo Park  California 94025,Business/Group/Organization,400,Albornoz  Gabriel Ivan For Council,Media,Online Advertising,NA,Check,NA,Electoral,NA,NA
2022-07-18,Facebook  Inc.,FaceBook,1601 Willow Rd  Menlo Park  California 94025,Business/Group/Organization,105.33,Albornoz  Gabriel Ivan For Council,Media,Online Advertising,NA,Check,NA,Electoral,NA,NA
2022-07-25,Facebook  Inc.,FaceBook,1601 Willow Rd  Menlo Park  California 94025,Business/Group/Organization,569.67,Albornoz  Gabriel Ivan For Council,Media,Online Advertising,NA,Check,NA,Electoral,NA,NA
2021-09-14,Facebook,FaceBook,1 Hacker Way  Menlo Park  California 94025,Business/Group/Organization,175,Anne Arundel County Republican Central Committee,Media,Online Advertising,NA,Debit Card,NA,Electoral,NA,NA
2021-09-30,Facebook,FaceBook,1 Hacker Way  Menlo Park  California 94025,Business/Group/Organization,75,Anne Arundel County Republican Central Committee,Media,Online Advertising,NA,Debit Card,NA,Electoral,NA,NA
2022-07-17,Facebook  Inc.,FaceBook,1 Facebook Way  Menlo Park  California 94025,Business/Group/Organization,100,Mink  Kristin Friends of,Media,Online Advertising,NA,Debit Card,NA,Electoral,NA,NA
2022-07-17,Facebook  Inc.,FaceBook,1 Facebook Way  Menlo Park  California 94025,Business/Group/Organization,100,Mink  Kristin Friends of,Media,Online Advertising,NA,Debit Card,NA,Electoral,NA,NA
2022-07-17,Facebook  Inc.,FaceBook,1 Facebook Way  Menlo Park  California 94025,Business/Group/Organization,100,Mink  Kristin Friends of,Media,Online Advertising,NA,Debit Card,NA,Electoral,NA,NA
2022-07-17,Facebook  Inc.,FaceBook,1 Facebook Way  Menlo Park  California 94025,Business/Group/Organization,100,Mink  Kristin Friends of,Media,Online Advertising,NA,Debit Card,NA,Electoral,NA,NA
2022-07-17,Facebook  Inc.,FaceBook,1 Facebook Way  Menlo Park  California 94025,Business/Group/Organization,100,Mink  Kristin Friends of,Media,Online Advertising,NA,Debit Card,NA,Electoral,NA,NA
2022-07-17,Facebook  Inc.,FaceBook,1 Facebook Way  Menlo Park  California 94025,Business/Group/Organization,100,Mink  Kristin Friends of,Media,Online Advertising,NA,Debit Card,NA,Electoral,NA,NA
2022-07-15,Facebook,FaceBook,1 Hacker Way  Menlo Park  California 94025,Business/Group/Organization,31,Michael  Joe Keep Judge,Media,Online Advertising,NA,EFT,NA,Electoral,NA,NA
2022-07-19,Facebook,FaceBook,1 Hacker Way  Menlo Park  California 94025,Business/Group/Organization,35,Michael  Joe Keep Judge,Media,Online Advertising,NA,EFT,NA,Electoral,NA,NA
2022-07-20,Facebook,FaceBook,1 Hacker Way  Menlo Park  California 94025,Business/Group/Organization,50,Michael  Joe Keep Judge,Media,Online Advertising,NA,EFT,NA,Electoral,NA,NA
2022-07-25,Facebook,FaceBook,1 Hacker Way  Menlo Park  California 94025,Business/Group/Organization,60.66,Michael  Joe Keep Judge,Media,Online Advertising,NA,EFT,NA,Electoral,NA,NA
2022-07-20,Facebook,FaceBook,1 Hacker Way  Menlo Park  California 94025,Business/Group/Organization,75,Michael  Joe Keep Judge,Media,Online Advertising,NA,EFT,NA,Electoral,NA,NA
2022-08-05,Facebook Inc,FaceBook,1601 Willow Rd  Menlo Park  California 94025,Business/Group/Organization,73.38,Schleifer  Yitzchok Vote,Media,Online Advertising,NA,Debit Card,NA,Electoral,NA,NA
2022-07-18,Facebook Inc,FaceBook,1601 Willow Rd  Menlo Park  California 94025,Business/Group/Organization,75,Schleifer  Yitzchok Vote,Media,Online Advertising,NA,Debit Card,NA,Electoral,NA,NA
2022-07-14,Facebook Inc,FaceBook,1601 Willow Rd  Menlo Park  California 94025,Business/Group/Organization,75,Schleifer  Yitzchok Vote,Media,Online Advertising,NA,Debit Card,NA,Electoral,NA,NA
2022-07-25,Facebook,FaceBook,1 Hacker Way  Menlo Park  California 94025,Business/Group/Organization,152.62,Diggs  Dylan for County Council,Media,Online Advertising,NA,Credit Card/Visa,NA,Electoral,NA,NA
2022-07-05,Facebook,FaceBook,1 Hacker Way  Menlo Park  California 94025,Business/Group/Organization,36.7,Amaya  Ruben Friends of,Media,Online Advertising,NA,Debit Card,NA,Electoral,NA,NA
2022-07-05,Facebook,FaceBook,1 Hacker Way  Menlo Park  California 94025,Business/Group/Organization,62.57,Amaya  Ruben Friends of,Media,Online Advertising,NA,Debit Card,NA,Electoral,NA,NA
2022-08-17,Facebook,FaceBook,156 University Ave.  Palo Alto  California 94301,Business/Group/Organization,50.31,Hough  Mike Friends of,Media,Online Advertising,NA,Debit Card,NA,Electoral,NA,NA
2022-07-12,Facebook,FaceBook,1 Hacker Way  Menlo Park  California 94025,Business/Group/Organization,25,James  Keenon Friends of,Media,Online Advertising,NA,Credit Card/Visa,NA,Electoral,NA,NA
2022-07-14,Facebook,FaceBook,1 Hacker Way  Menlo Park  California 94025,Business/Group/Organization,35,James  Keenon Friends of,Media,Online Advertising,NA,Credit Card/Visa,NA,Electoral,NA,NA
2022-07-15,Facebook,FaceBook,1 Hacker Way  Menlo Park  California 94025,Business/Group/Organization,11.17,James  Keenon Friends of,Media,Online Advertising,NA,Credit Card/Visa,NA,Electoral,NA,NA
2022-07-18,Facebook,FaceBook,1 Hacker Way  Menlo Park  California 94025,Business/Group/Organization,125,James  Keenon Friends of,Media,Online Advertising,NA,Credit Card/Visa,NA,Electoral,NA,NA
2022-07-18,Facebook,FaceBook,1 Hacker Way  Menlo Park  California 94025,Business/Group/Organization,75,James  Keenon Friends of,Media,Online Advertising,NA,Credit Card/Visa,NA,Electoral,NA,NA
2022-07-18,Facebook,FaceBook,1 Hacker Way  Menlo Park  California 94025,Business/Group/Organization,50,James  Keenon Friends of,Media,Online Advertising,NA,Credit Card/Visa,NA,Electoral,NA,NA
2022-07-19,Facebook,FaceBook,1 Hacker Way  Menlo Park  California 94025,Business/Group/Organization,175,James  Keenon Friends of,Media,Online Advertising,NA,Credit Card/Visa,NA,Electoral,NA,NA
2022-08-23,Facebook,FaceBook,350 Camino Gardens Blvd  Suite 202  Boca Raton  Florida 33432,Business/Group/Organization,95,Lombardo  Darren Citizens for,Media,Online Advertising,NA,EFT,NA,Electoral,NA,NA
2022-07-06,Facebook,FaceBook,350 Camino Gardens Blvd  Suite 202  Boca Raton  Florida 33432,Business/Group/Organization,200,Lombardo  Darren Citizens for,Media,Online Advertising,NA,EFT,NA,Electoral,NA,NA
2022-07-14,Facebook,FaceBook,1601 Willow Rd  Menlo Park  California 94025-1452,Business/Group/Organization,2.1,Gallagher  Rae Friends of,Media,Online Advertising,NA,Debit Card,NA,Electoral,NA,NA
2022-07-20,Facebook,FaceBook,1 Hacker Way  Menlo Park  California 94025,Business/Group/Organization,250,James  Keenon Friends of,Media,Online Advertising,NA,Credit Card/Visa,NA,Electoral,NA,NA
2022-08-15,Facebook,FaceBook,1 Hacker Way  Menlo Park  California 94025,Business/Group/Organization,44.39,James  Keenon Friends of,Media,Online Advertising,NA,Credit Card/Visa,NA,Electoral,NA,NA
2022-07-21,Facebook,FaceBook,701 Laurel Street  Menlo Park  California 94025,Business/Group/Organization,1388.7,Harford County Deputy Sheriffs Political Action Committee,Media,Online Advertising,NA,EFT,NA,Electoral,NA,NA
2022-07-05,Facebook  INC,FaceBook,1601 Willow Road  Menlo Park  California 94025-1452,Business/Group/Organization,250,Lazo  Omar Friends of,Media,Online Advertising,NA,Credit Card/Visa,NA,Electoral,NA,NA
2022-07-11,Facebook  INC,FaceBook,1601 Willow Road  Menlo Park  California 94025-1452,Business/Group/Organization,65.9,Lazo  Omar Friends of,Media,Online Advertising,NA,Credit Card/Visa,NA,Electoral,Facebook Ads,NA
2022-08-10,Facebook  INC,FaceBook,1601 Willow Road  Menlo Park  California 94025-1452,Business/Group/Organization,202.95,Lazo  Omar Friends of,Media,Online Advertising,NA,Credit Card/Visa,NA,Electoral,NA,NA
2022-08-19,Facebook,FaceBook,1 Hacker Way  Menlo Park  California 94025,Business/Group/Organization,429.38,Baron  Jon (Jonathan) for Maryland,Media,Online Advertising,NA,EFT,NA,Electoral,NA,NA
2022-07-24,Facebook,FaceBook,Facebook Wy  Menlo Park  California 94025,Business/Group/Organization,1105.73,Guy  James (Randy)  Citizens for,Media,Online Advertising,NA,Credit Card/MasterCard,NA,Electoral,NA,NA
2022-07-18,Facebook,FaceBook,1 Hacker Way  Menlo Park  California 94025,Business/Group/Organization,35.51,King and Siri for Maryland Slate,Media,Online Advertising,NA,Debit Card,NA,Electoral,Online Advertising,NA
2022-07-18,Facebook,FaceBook,1 Hacker Way  Menlo Park  California 94025,Business/Group/Organization,39.25,King and Siri for Maryland Slate,Media,Online Advertising,NA,Debit Card,NA,Electoral,Online Advertising,NA
2022-07-20,Facebook,FaceBook,1 Hacker Way  Menlo Park  California 94025,Business/Group/Organization,39.84,King and Siri for Maryland Slate,Media,Online Advertising,NA,Debit Card,NA,Electoral,Online Advertising,NA
2022-07-18,Facebook,FaceBook,1 Hacker Way  Menlo Park  California 94025,Business/Group/Organization,42.29,King and Siri for Maryland Slate,Media,Online Advertising,NA,Debit Card,NA,Electoral,Online Advertising,NA
2022-07-19,Facebook,FaceBook,1 Hacker Way  Menlo Park  California 94025,Business/Group/Organization,43.2,King and Siri for Maryland Slate,Media,Online Advertising,NA,Debit Card,NA,Electoral,Online Advertising,NA
2022-07-05,Facebook,FaceBook,1 Hacker Way  Menlo Park  California 94025,Business/Group/Organization,463.31,King and Siri for Maryland Slate,Media,Online Advertising,NA,Debit Card,NA,Electoral,Online Advertising,NA
2022-08-01,Facebook,FaceBook,1 Hacker Way  Menlo Park  California 94025,Business/Group/Organization,611.65,Ertel  Michael P. Friends of,Media,Online Advertising,NA,Debit Card,NA,Electoral,NA,NA
2022-07-18,Facebook,FaceBook,1 Hacker Way  Menlo Park  California 94025,Business/Group/Organization,50,Ertel  Michael P. Friends of,Media,Online Advertising,NA,Debit Card,NA,Electoral,NA,NA
2022-07-18,Facebook,FaceBook,1 Hacker Way  Menlo Park  California 94025,Business/Group/Organization,50,Ertel  Michael P. Friends of,Media,Online Advertising,NA,Debit Card,NA,Electoral,NA,NA
2022-07-18,Facebook,FaceBook,1 Hacker Way  Menlo Park  California 94025,Business/Group/Organization,50,Ertel  Michael P. Friends of,Media,Online Advertising,NA,Debit Card,NA,Electoral,NA,NA
2021-06-08,Facebook,FaceBook,1 Hacker Way  Menlo Park  California 94025,Business/Group/Organization,20,Glass  Evan Neighbors of,Media,Online Advertising,NA,Credit Card/Visa,NA,Electoral,NA,NA
2022-07-26,Facebook,FaceBook,1 Hacker Way  Menlo Park  California 94025,Business/Group/Organization,75,Bagnall Tudball  Heather Citizens for,Media,Online Advertising,NA,Debit Card,NA,Electoral,NA,NA
2022-08-01,Facebook,FaceBook,1 Hacker Way  Menlo Park  California 94025,Business/Group/Organization,8.16,Bagnall Tudball  Heather Citizens for,Media,Online Advertising,NA,Debit Card,NA,Electoral,NA,NA
2022-07-19,Facebook,FaceBook,1 Hacker Way  Menlo Park  California 94025,Business/Group/Organization,17.58,Baron  Jon (Jonathan) for Maryland,Media,Online Advertising,NA,EFT,NA,Electoral,NA,NA
2022-07-19,Facebook,FaceBook,1 Hacker Way  Menlo Park  California 94025,Business/Group/Organization,900,Baron  Jon (Jonathan) for Maryland,Media,Online Advertising,NA,EFT,NA,Electoral,NA,NA
2022-07-18,Facebook,FaceBook,1 Hacker Way  Menlo Park  California 94025,Business/Group/Organization,900.31,Baron  Jon (Jonathan) for Maryland,Media,Online Advertising,NA,EFT,NA,Electoral,NA,NA
2022-07-18,Facebook,FaceBook,1 Hacker Way  Menlo Park  California 94025,Business/Group/Organization,900,Baron  Jon (Jonathan) for Maryland,Media,Online Advertising,NA,EFT,NA,Electoral,NA,NA
2022-07-18,Facebook,FaceBook,1 Hacker Way  Menlo Park  California 94025,Business/Group/Organization,600,Funderburk  John Friends of,Media,Online Advertising,NA,Debit Card,NA,Electoral,NA,NA
2022-03-05,FaceBook,FaceBook,1601 Willow Rd  Menlo Park  California 94025,Business/Group/Organization,97.93,Marion  Travis Committee to Elect,Media,Online Advertising,NA,Credit Card/MasterCard,NA,Electoral,NA,NA
2022-07-18,Facebook,FaceBook,1 Hacker Way  Menlo Park  California 94025,Business/Group/Organization,75,Amaya  Ruben Friends of,Media,Online Advertising,NA,Debit Card,NA,Electoral,NA,NA
2022-07-18,Facebook,FaceBook,1 Hacker Way  Menlo Park  California 94025,Business/Group/Organization,75,Amaya  Ruben Friends of,Media,Online Advertising,NA,Debit Card,NA,Electoral,NA,NA
2022-07-18,Facebook,FaceBook,1 Hacker Way  Menlo Park  California 94025,Business/Group/Organization,75,Amaya  Ruben Friends of,Media,Online Advertising,NA,Debit Card,NA,Electoral,NA,NA
2022-08-02,Facebook,FaceBook,1 Hacker Way  Menlo Park  California 94025,Business/Group/Organization,632.06,Amaya  Ruben Friends of,Media,Online Advertising,NA,Debit Card,NA,Electoral,NA,NA
2022-07-19,Facebook,FaceBook,1 Hacker Way  Menlo Park  California 94025,Business/Group/Organization,66.81,Olszewski  John Jr. Friends Of,Media,Online Advertising,NA,EFT,Kroner,Brad,Electoral,"Facebook Ad,"
2022-07-11,Facebook  Inc.,FaceBook,1601 Willow Road  Menlo Park  California 94025,Business/Group/Organization,900,Fritz  Richard D. Bi-part.Comm For The Re-election of  State,Media,Online Advertising,NA,Debit Card,NA,Electoral,NA,NA
2022-07-16,Facebook  Inc.,FaceBook,1601 Willow Road  Menlo Park  California 94025,Business/Group/Organization,900,Fritz  Richard D. Bi-part.Comm For The Re-election of  State,Media,Online Advertising,NA,Debit Card,NA,Electoral,NA,NA
2022-07-20,Facebook  Inc.,FaceBook,1601 Willow Road  Menlo Park  California 94025,Business/Group/Organization,727.04,Fritz  Richard D. Bi-part.Comm For The Re-election of  State,Media,Online Advertising,NA,Debit Card,NA,Electoral,NA,NA
2022-08-01,Facebook,FaceBook,1 Hacker Way  Menlo Park  California 94025,Business/Group/Organization,133.91,Arias  Ashley Friends of,Media,Online Advertising,NA,Debit Card,NA,Electoral,NA,NA
2022-07-13,Facebook,FaceBook,1 Hacker Way  Menlo Park  California 94025,Business/Group/Organization,310.7,Arias  Ashley Friends of,Media,Online Advertising,NA,Debit Card,NA,Electoral,NA,NA
2022-07-06,Facebook,FaceBook,1 Hacker Way  Menlo Park  California 94025,Business/Group/Organization,582.7,Benbow  Reginald for Baltimore,Media,Online Advertising,NA,Debit Card,NA,Electoral,NA,NA
2022-07-11,Facebook,FaceBook,1601 Willow Road  Menlo Park   California 94025-1452,Business/Group/Organization,35,Forde  Lorna Phillips Friends of,Media,Online Advertising,NA,Credit Card/Visa,NA,Electoral,NA,NA
2022-07-28,Facebook,FaceBook,1601 Willow Road  Menlo Park   California 94025-1452,Business/Group/Organization,70,Forde  Lorna Phillips Friends of,Media,Online Advertising,NA,Credit Card/Visa,NA,Electoral,NA,NA
2022-07-18,Facebook,FaceBook,Hacker Way  Menlo Park  CA 94025  Menlo Park  California 94025,Business/Group/Organization,500,McCarthy  John J. Friends Of,Media,Online Advertising,NA,Debit Card,NA,Electoral,NA,NA
2022-07-14,Facebook,FaceBook,Hacker Way  Menlo Park  CA 94025  Menlo Park  California 94025,Business/Group/Organization,500,McCarthy  John J. Friends Of,Media,Online Advertising,NA,Debit Card,NA,Electoral,NA,NA
2022-07-12,Facebook,FaceBook,Hacker Way  Menlo Park  CA 94025  Menlo Park  California 94025,Business/Group/Organization,500,McCarthy  John J. Friends Of,Media,Online Advertising,NA,Debit Card,NA,Electoral,NA,NA
2022-07-08,Facebook,FaceBook,Hacker Way  Menlo Park  CA 94025  Menlo Park  California 94025,Business/Group/Organization,500,McCarthy  John J. Friends Of,Media,Online Advertising,NA,Debit Card,NA,Electoral,NA,NA
2022-07-07,Facebook,FaceBook,Hacker Way  Menlo Park  CA 94025  Menlo Park  California 94025,Business/Group/Organization,500,McCarthy  John J. Friends Of,Media,Online Advertising,NA,Debit Card,NA,Electoral,NA,NA
2022-07-05,Facebook,FaceBook,1 Hacker Way  Menlo Park  California 94025,Business/Group/Organization,15,Ahmad  Saman Qadeer Friends of,Media,Online Advertising,NA,EFT,NA,Electoral,NA,NA
2022-07-07,Facebook,FaceBook,1 Hacker Way  Menlo Park  California 94025,Business/Group/Organization,25,Ahmad  Saman Qadeer Friends of,Media,Online Advertising,NA,EFT,NA,Electoral,NA,NA
2022-07-08,Facebook,FaceBook,1 Hacker Way  Menlo Park  California 94025,Business/Group/Organization,1.16,Ahmad  Saman Qadeer Friends of,Media,Online Advertising,NA,EFT,NA,Electoral,NA,NA
2022-07-14,Facebook,FaceBook,1 Hacker Way  Menlo Park  California 94025,Business/Group/Organization,35,Ahmad  Saman Qadeer Friends of,Media,Online Advertising,NA,EFT,NA,Electoral,NA,NA
2022-08-08,Facebook,FaceBook,1 Hacker Way  Menlo Park  California 94025,Business/Group/Organization,18.67,Ahmad  Saman Qadeer Friends of,Media,Online Advertising,NA,Credit Card/Visa,NA,Electoral,NA,NA
2022-07-05,Facebook,FaceBook,Hacker Way  Menlo Park  CA 94025  Menlo Park  California 94025,Business/Group/Organization,500,McCarthy  John J. Friends Of,Media,Online Advertising,NA,Debit Card,NA,Electoral,NA,NA
2022-06-10,Facebook,FaceBook,1 Hacker Way  Menlo Park  California 94025,Business/Group/Organization,10,Ahmad  Saman Qadeer Friends of,Media,Online Advertising,NA,EFT,NA,Electoral,NA,NA
2022-06-13,Facebook,FaceBook,1 Hacker Way  Menlo Park  California 94025,Business/Group/Organization,10,Ahmad  Saman Qadeer Friends of,Media,Online Advertising,NA,EFT,NA,Electoral,NA,NA
2022-06-16,Facebook,FaceBook,1 Hacker Way  Menlo Park  California 94025,Business/Group/Organization,10,Ahmad  Saman Qadeer Friends of,Media,Online Advertising,NA,EFT,NA,Electoral,NA,NA
2022-07-13,Facebook Campaign,FaceBook,1 Hacker Way  Menio Park  California 94025,Business/Group/Organization,250,Brooks  David Authority of Citizens for,Media,Online Advertising,NA,Debit Card,NA,Electoral,videos on facebook,NA
2022-08-01,Facebook Campaign,FaceBook,1 Hacker Way  Menio Park  California 94025,Business/Group/Organization,50,Brooks  David Authority of Citizens for,Media,Online Advertising,NA,Debit Card,NA,Electoral,running ads,NA
2022-07-05,Facebook  Inc.,FaceBook,Department 415  P.O. Box 10005  Palo Alto  California 94303,Business/Group/Organization,750,Pippy  Jesse Friends of,Media,Online Advertising,NA,Debit Card,NA,Electoral,NA,NA
2022-07-11,Facebook  Inc.,FaceBook,Department 415  P.O. Box 10005  Palo Alto  California 94303,Business/Group/Organization,750,Pippy  Jesse Friends of,Media,Online Advertising,NA,Debit Card,NA,Electoral,NA,NA
2022-07-18,Facebook  Inc.,FaceBook,Department 415  P.O. Box 10005  Palo Alto  California 94303,Business/Group/Organization,750,Pippy  Jesse Friends of,Media,Online Advertising,NA,Debit Card,NA,Electoral,NA,NA
2022-08-01,Facebook  Inc.,FaceBook,Department 415  P.O. Box 10005  Palo Alto  California 94303,Business/Group/Organization,666.81,Pippy  Jesse Friends of,Media,Online Advertising,NA,Debit Card,NA,Electoral,NA,NA
2022-07-16,FACEBOOK INC.,FaceBook,1601 S. California Ave.  Palo Alto  California 94304,Business/Group/Organization,500,Carr  Alfred Friends Of,Media,Online Advertising,NA,EFT,NA,Electoral,NA,NA
2022-07-31,FACEBOOK INC.,FaceBook,1601 S. California Ave.  Palo Alto  California 94304,Business/Group/Organization,101.4,Carr  Alfred Friends Of,Media,Online Advertising,NA,EFT,NA,Electoral,NA,NA
2022-07-07,Facebook,FaceBook,1 Hacker Way  Menlo Park  California 94025,Business/Group/Organization,410,"Patti  Donald ""DP"" Patti Friends of",Media,Online Advertising,NA,Debit Card,NA,Electoral,NA,NA
2022-09-21,Facebook,FaceBook,1601 Willow Road  Menlo Park  California 94925,Business/Group/Organization,81.65,Wade  Vernon Friends of,Media,Online Advertising,NA,EFT,NA,Electoral,NA,NA
2022-07-25,FaceBook,FaceBook,1 Hackerway  Menlo Park  California 94025,Business/Group/Organization,21,Benn  Sarahia Friends to Elect,Media,Online Advertising,NA,Debit Card,NA,Electoral,Payment for Facebook Sponsored post for political Ad.,NA
2022-07-06,Facebook  Inc.,FaceBook,1 Hacker Way  Menlo Park  California 94025,Business/Group/Organization,900,Shuman  Eve T. Friends of,Media,Online Advertising,NA,Debit Card,NA,Electoral,NA,NA
2022-07-29,Facebook  Inc.,FaceBook,1 Hacker Way  Menlo Park  California 94025,Business/Group/Organization,654.43,Shuman  Eve T. Friends of,Media,Online Advertising,NA,Debit Card,NA,Electoral,NA,NA
2022-07-18,Facebook,FaceBook,1 Hacker Way  Menlo Park  California 94025,Business/Group/Organization,1700,Fraser  Stanford Friends of,Media,Online Advertising,NA,Debit Card,NA,Electoral,NA,NA
2022-01-24,Facebook,FaceBook,Hacker Way  Menlo Park  California 94025,Business/Group/Organization,25,Novotny  Reid J. Elect,Media,Online Advertising,NA,Debit Card,NA,Electoral,NA,NA
2022-03-09,Facebook,FaceBook,Hacker Way  Menlo Park  California 94025,Business/Group/Organization,75,Novotny  Reid J. Elect,Media,Online Advertising,NA,Debit Card,NA,Electoral,NA,NA
2022-03-22,Facebook,FaceBook,Hacker Way  Menlo Park  California 94025,Business/Group/Organization,75,Novotny  Reid J. Elect,Media,Online Advertising,NA,Debit Card,NA,Electoral,NA,NA
2022-03-24,Facebook,FaceBook,Hacker Way  Menlo Park  California 94025,Business/Group/Organization,5.7,Novotny  Reid J. Elect,Media,Online Advertising,NA,Debit Card,NA,Electoral,NA,NA
2022-01-18,Facebook,FaceBook,Hacker Way  Menlo Park  California 94025,Business/Group/Organization,75,Novotny  Reid J. Elect,Media,Online Advertising,NA,Debit Card,NA,Electoral,NA,NA
2022-04-21,Facebook,FaceBook,Hacker Way  Menlo Park  California 94025,Business/Group/Organization,75,Novotny  Reid J. Elect,Media,Online Advertising,NA,Debit Card,NA,Electoral,NA,NA
2022-04-25,Facebook,FaceBook,Hacker Way  Menlo Park  California 94025,Business/Group/Organization,10,Novotny  Reid J. Elect,Media,Online Advertising,NA,Debit Card,NA,Electoral,NA,NA
2022-05-24,Facebook,FaceBook,Hacker Way  Menlo Park  California 94025,Business/Group/Organization,39.29,Novotny  Reid J. Elect,Media,Online Advertising,NA,Debit Card,NA,Electoral,NA,NA
2022-07-06,Facebook,FaceBook,1 Hacker Way  Menlo Park  California 94025-1456,Business/Group/Organization,169.91,Dove  John C. Friends for Jr.,Media,Online Advertising,NA,Debit Card,NA,Electoral,Facebook Ads,NA
2022-08-08,Facebook,FaceBook,1 Hacker Way  Menlo Park  California 94025-1456,Business/Group/Organization,166.2,Dove  John C. Friends for Jr.,Media,Online Advertising,NA,Debit Card,NA,Electoral,Social Media Advertising,NA
2022-08-09,Facebook,FaceBook,1 Hacker Way  Menlo Park  California 94025,Business/Group/Organization,9.91,Roebuck  Monica Friends of,Media,Online Advertising,NA,Debit Card,NA,Electoral,NA,NA
2022-07-20,Facebook,FaceBook,1 Hacker Way  Menlo Park  California 94025,Business/Group/Organization,50,Roebuck  Monica Friends of,Media,Online Advertising,NA,Debit Card,NA,Electoral,NA,NA
2022-10-05,Facebook,FaceBook,1 Hacker Way  Meno Park  California 94025,Business/Group/Organization,100,Dappert  Michele Committee to Elect,Media,Online Advertising,NA,Debit Card,NA,Electoral,NA,NA
2022-11-01,Facebook Campaign,FaceBook,1 Hacker Way  Menio Park  California 94025,Business/Group/Organization,23.22,Brooks  David Authority of Citizens for,Media,Online Advertising,NA,Debit Card,NA,Electoral,NA,NA
2022-08-25,Facebook,FaceBook,1 Facebook Way  Menlo Park  California 94025,Business/Group/Organization,35,Lashar  James (David) Citizens for,Media,Online Advertising,NA,EFT,NA,Electoral,NA,NA
2022-08-26,Facebook,FaceBook,1 Facebook Way  Menlo Park  California 94025,Business/Group/Organization,50,Lashar  James (David) Citizens for,Media,Online Advertising,NA,EFT,NA,Electoral,NA,NA
2022-09-01,Facebook,FaceBook,1 Facebook Way  Menlo Park  California 94025,Business/Group/Organization,34.99,Lashar  James (David) Citizens for,Media,Online Advertising,NA,EFT,NA,Electoral,reference # JFB3TEBDA2,NA
2022-09-16,Facebook,FaceBook,1 Facebook Way  Menlo Park  California 94025,Business/Group/Organization,75,Lashar  James (David) Citizens for,Media,Online Advertising,NA,EFT,NA,Electoral,reference # U2BMXEXCA2,NA
2022-09-19,Facebook,FaceBook,1 Facebook Way  Menlo Park  California 94025,Business/Group/Organization,125,Lashar  James (David) Citizens for,Media,Online Advertising,NA,EFT,NA,Electoral,reference # JRZB2FXCA2,NA
2022-09-26,Facebook,FaceBook,1 Facebook Way  Menlo Park  California 94025,Business/Group/Organization,50,Lashar  James (David) Citizens for,Media,Online Advertising,NA,EFT,NA,Electoral,REFERENCE NUMBER  VLXR6FXCA2,NA
2022-08-26,Facebook,FaceBook,1 Hacker Way  Menlo Park  California 94025,Business/Group/Organization,10,Williams  Marsha L. Friends to Elect,Media,Online Advertising,NA,Debit Card,NA,Electoral,NA,NA
2022-08-30,Facebook,FaceBook,1 Hacker Way  Menlo Park  California 94025,Business/Group/Organization,10,Williams  Marsha L. Friends to Elect,Media,Online Advertising,NA,Debit Card,NA,Electoral,NA,NA
2022-09-08,Facebook,FaceBook,1 Hacker Way  Menlo Park  California 94025,Business/Group/Organization,10,Williams  Marsha L. Friends to Elect,Media,Online Advertising,NA,Debit Card,NA,Electoral,NA,NA
2022-09-23,Facebook,FaceBook,1 Hacker Way  Menlo Park  California 94025,Business/Group/Organization,10,Williams  Marsha L. Friends to Elect,Media,Online Advertising,NA,Debit Card,NA,Electoral,NA,NA
2022-10-03,Facebook,FaceBook,1 Hacker Way  Menlo Park  California 94025,Business/Group/Organization,30.86,Sanders  Sterling Citizens for,Media,Online Advertising,NA,Debit Card,NA,Electoral,Facebook advertisement.,NA
2022-10-07,Facebook,FaceBook,1 Hacker Way  Menlo Park  California 94025,Business/Group/Organization,15.94,Sanders  Sterling Citizens for,Media,Online Advertising,NA,Debit Card,NA,Electoral,Facebook advertisement.,NA
2022-06-08,Facebook,FaceBook,1 Hacker Way  Menlo Park  California 94025,Business/Group/Organization,50,Hall  Steven for Sheriff,Media,Online Advertising,NA,Debit Card,NA,Electoral,NA,NA
2022-06-13,Facebook,FaceBook,1 Hacker Way  Menlo Way  California 94025,Business/Group/Organization,75,Hall  Steven for Sheriff,Media,Online Advertising,NA,Debit Card,NA,Electoral,NA,NA
2022-06-15,Facebook,FaceBook,1 Hacker Way  Menlo Park  California 94025,Business/Group/Organization,125,Hall  Steven for Sheriff,Media,Online Advertising,NA,Debit Card,NA,Electoral,NA,NA
2022-06-21,Facebook,FaceBook,1 Hacker Way  Menlo Park  California 94025,Business/Group/Organization,175,Hall  Steven for Sheriff,Media,Online Advertising,NA,Debit Card,NA,Electoral,NA,NA
2022-06-24,Facebook,FaceBook,1 Hacker Way  Menlo Park  California 94025,Business/Group/Organization,250,Hall  Steven for Sheriff,Media,Online Advertising,NA,Debit Card,NA,Electoral,NA,NA
2022-06-29,Facebook,FaceBook,1 Hacker Way  Menlo Park  California 94025,Business/Group/Organization,400,Hall  Steven for Sheriff,Media,Online Advertising,NA,Debit Card,NA,Electoral,NA,NA
2022-06-13,Facebook,FaceBook,1 Hacker Way  Menlo Park  California 94025,Business/Group/Organization,12,Hall  Steven for Sheriff,Media,Online Advertising,NA,Debit Card,NA,Electoral,NA,NA
2022-06-21,Facebook,FaceBook,1 Hacker Way  Menlo Park  California 94025,Business/Group/Organization,100,Hall  Steven for Sheriff,Media,Online Advertising,NA,Debit Card,NA,Electoral,NA,NA
2022-11-15,Facebook INC,FaceBook,1 Hacker Way  Menlo Park  California 94025,Business/Group/Organization,25,Chen  Linfeng Friends of,Media,Online Advertising,NA,Electronic Check,NA,Electoral,NA,NA
2022-10-03,Facebook,FaceBook,1601 Willow Rd  Menlo Park  California 94025-1452,Business/Group/Organization,10,Mohorovic III  Jake for Delegate Committee,Media,Online Advertising,NA,Debit Card,NA,Electoral,Facebook Ads,NA
2022-10-05,Facebook,FaceBook,1601 Willow Rd  Menlo Park  California 94025-1452,Business/Group/Organization,10,Mohorovic III  Jake for Delegate Committee,Media,Online Advertising,NA,Debit Card,NA,Electoral,Facebook ad,NA
2022-10-06,Facebook,FaceBook,1601 Willow Rd  Menlo Park  California 94025-1452,Business/Group/Organization,10,Mohorovic III  Jake for Delegate Committee,Media,Online Advertising,NA,Debit Card,NA,Electoral,Facebook ad,NA
2022-10-11,Facebook,FaceBook,1601 Willow Rd  Menlo Park  California 94025-1452,Business/Group/Organization,15,Mohorovic III  Jake for Delegate Committee,Media,Online Advertising,NA,Debit Card,NA,Electoral,Facebook ad,NA
2022-10-13,Facebook,FaceBook,1601 Willow Rd  Menlo Park  California 94025-1452,Business/Group/Organization,15,Mohorovic III  Jake for Delegate Committee,Media,Online Advertising,NA,Debit Card,NA,Electoral,Facebook ad,NA
2022-10-17,Facebook,FaceBook,1601 Willow Rd  Menlo Park  California 94025-1452,Business/Group/Organization,25,Mohorovic III  Jake for Delegate Committee,Media,Online Advertising,NA,Debit Card,NA,Electoral,Facebook ad,NA
2022-10-22,Facebook,FaceBook,1601 Willow Rd  Menlo Park  California 94025-1452,Business/Group/Organization,35,Mohorovic III  Jake for Delegate Committee,Media,Online Advertising,NA,Debit Card,NA,Electoral,Facebook ad,NA
2022-11-02,Facebook,FaceBook,1 Hacker Way  Menlo Park  California 94025,Business/Group/Organization,900,Fiedler  Amanda Friends of,Media,Online Advertising,NA,Check,Amanda Fiedler,Electoral,Facebook Ads,NA
2022-11-04,Facebook,FaceBook,1 Hacker Way  Menlo Park  California 94025,Business/Group/Organization,900,Fiedler  Amanda Friends of,Media,Online Advertising,NA,Check,Amanda Fiedler,Electoral,Facebook Ads,NA
2022-11-07,Facebook,FaceBook,1 Hacker Way  Menlo Park  California 94025,Business/Group/Organization,900,Fiedler  Amanda Friends of,Media,Online Advertising,NA,Check,Amanda Fiedler,Electoral,Facebook Ads,NA
2022-09-12,Facebook,FaceBook,1 Hacker Way  Menlo Park  California 94025,Business/Group/Organization,1560.37,Adler   Delphine Tudy Friends of,Media,Online Advertising,NA,EFT,NA,Electoral,NA,NA
2022-10-21,Facebook,FaceBook,1 Hacker Way  Menlo Park  California 94025,Business/Group/Organization,19.99,Yang  Julie Friends of,Media,Online Advertising,NA,Debit Card,NA,Electoral,NA,NA
2022-10-24,Facebook/Meta,FaceBook,770 Broadway  New York  New York 10003,Business/Group/Organization,100,Brown  Monise Keep Judge,Media,Online Advertising,NA,Debit Card,NA,Electoral,ads,NA
2022-10-27,Facebook/Meta,FaceBook,770 Broadway  New York  New York 10003,Business/Group/Organization,100,Brown  Monise Keep Judge,Media,Online Advertising,NA,Debit Card,NA,Electoral,ads,NA
2022-10-26,Facebook/Meta,FaceBook,770 Broadway  New York  New York 10003,Business/Group/Organization,17.62,Brown  Monise Keep Judge,Media,Online Advertising,NA,Debit Card,NA,Electoral,ads,NA
2022-09-26,Facebook/Meta,FaceBook,770 Broadway  New York  New York 10003,Business/Group/Organization,31.5,Brown  Monise Keep Judge,Media,Online Advertising,NA,Debit Card,NA,Electoral,ads,NA
2022-10-12,Facebook/Meta,FaceBook,770 Broadway  New York  New York 10003,Business/Group/Organization,100,Brown  Monise Keep Judge,Media,Online Advertising,NA,Debit Card,NA,Electoral,Facebook ads,NA
2022-10-14,Facebook/Meta,FaceBook,770 Broadway  New York  New York 10003,Business/Group/Organization,100,Brown  Monise Keep Judge,Media,Online Advertising,NA,Debit Card,NA,Electoral,facebook ads,NA
2022-10-18,Facebook/Meta,FaceBook,770 Broadway  New York  New York 10003,Business/Group/Organization,100,Brown  Monise Keep Judge,Media,Online Advertising,NA,Debit Card,NA,Electoral,ads,NA
2022-10-22,Facebook/Meta,FaceBook,770 Broadway  New York  New York 10003,Business/Group/Organization,100,Brown  Monise Keep Judge,Media,Online Advertising,NA,Debit Card,NA,Electoral,ads,NA
2022-09-28,Facebook INC,FaceBook,1 Hacker Way  Menlo Park  California 94025,Business/Group/Organization,49.92,Chen  Linfeng Friends of,Media,Online Advertising,NA,Electronic Check,NA,Electoral,NA,NA
2022-10-17,Facebook INC,FaceBook,1 Hacker Way  Menlo Park  California 94025,Business/Group/Organization,49.96,Chen  Linfeng Friends of,Media,Online Advertising,NA,Debit Card,NA,Electoral,NA,NA
2022-10-21,Facebook,FaceBook,701 Laurel Street  Menlo Park  California 94025,Business/Group/Organization,229.72,Harford County Deputy Sheriffs Political Action Committee,Media,Online Advertising,NA,EFT,NA,Electoral,NA,NA
2022-10-18,Facebook,FaceBook,1 Hacker Way  Menlo Park  California 94025,Business/Group/Organization,250,Jackson  Phillip Friends for Talbot County Council,Media,Online Advertising,NA,Debit Card,NA,Electoral,NA,NA
2022-09-30,Facebook  Inc.,FaceBook,1601 Willow Road  Menlo Park  California 94025-1452,Business/Group/Organization,214.68,McKay  Steve 4 Frederick County  Friends of,Media,Online Advertising,NA,Credit Card/Visa,NA,Electoral,NA,NA
2022-08-31,Facebook  Inc.,FaceBook,1601 Willow Road  Menlo Park  California 94025-1452,Business/Group/Organization,83.2,McKay  Steve 4 Frederick County  Friends of,Media,Online Advertising,NA,Credit Card/Visa,NA,Electoral,NA,NA
2022-10-19,Facebook  Inc.,FaceBook,1601 Willow Road  Menlo Park  California 94025-1452,Business/Group/Organization,91.92,Piereck  Ricardo (Rick) Citizens for,Media,Online Advertising,NA,Credit Card/Visa,NA,Electoral,NA,NA
2022-10-20,Facebook,FaceBook,1 Hacker Way  Menlo Park  Maryland 94025,Business/Group/Organization,600,Firefighters of Frederick County for Collective Bargaining,Media,Online Advertising,NA,Debit Card,NA,Electoral,NA,NA
2022-10-19,Facebook,FaceBook,1 Hacker Way  Menlo Park  Maryland 94025,Business/Group/Organization,400,Firefighters of Frederick County for Collective Bargaining,Media,Online Advertising,NA,Debit Card,NA,Electoral,NA,NA
2022-10-18,Facebook,FaceBook,1 Hacker Way  Menlo Park  Maryland 94025,Business/Group/Organization,500,Firefighters of Frederick County for Collective Bargaining,Media,Online Advertising,NA,Debit Card,NA,Electoral,NA,NA
2022-10-18,Facebook,FaceBook,1 Hacker Way  Menlo Park  Maryland 94025,Business/Group/Organization,250,Firefighters of Frederick County for Collective Bargaining,Media,Online Advertising,NA,Debit Card,NA,Electoral,NA,NA
2022-10-18,Facebook,FaceBook,1 Hacker Way  Menlo Park  Maryland 94025,Business/Group/Organization,175,Firefighters of Frederick County for Collective Bargaining,Media,Online Advertising,NA,Debit Card,NA,Electoral,NA,NA
2022-10-18,Facebook,FaceBook,1 Hacker Way  Menlo Park  Maryland 94025,Business/Group/Organization,125,Firefighters of Frederick County for Collective Bargaining,Media,Online Advertising,NA,Debit Card,NA,Electoral,NA,NA
2022-10-18,Facebook,FaceBook,1 Hacker Way  Menlo Park  Maryland 94025,Business/Group/Organization,75,Firefighters of Frederick County for Collective Bargaining,Media,Online Advertising,NA,Debit Card,NA,Electoral,NA,NA
2022-10-18,Facebook,FaceBook,1 Hacker Way  Menlo Park  Maryland 94025,Business/Group/Organization,75,Firefighters of Frederick County for Collective Bargaining,Media,Online Advertising,NA,Debit Card,NA,Electoral,NA,NA
2022-10-18,Facebook,FaceBook,1 Hacker Way  Menlo Park  Maryland 94025,Business/Group/Organization,50,Firefighters of Frederick County for Collective Bargaining,Media,Online Advertising,NA,Debit Card,NA,Electoral,NA,NA
2022-10-18,Facebook,FaceBook,1 Hacker Way  Menlo Park  Maryland 94025,Business/Group/Organization,35,Firefighters of Frederick County for Collective Bargaining,Media,Online Advertising,NA,Debit Card,NA,Electoral,NA,NA
2022-10-18,Facebook,FaceBook,1 Hacker Way  Menlo Park  Maryland 94025,Business/Group/Organization,25,Firefighters of Frederick County for Collective Bargaining,Media,Online Advertising,NA,Debit Card,NA,Electoral,NA,NA
2022-10-18,Facebook,FaceBook,1 Hacker Way  Menlo Park  Maryland 94025,Business/Group/Organization,15,Firefighters of Frederick County for Collective Bargaining,Media,Online Advertising,NA,Debit Card,NA,Electoral,NA,NA
2022-10-18,Facebook,FaceBook,1 Hacker Way  Menlo Park  Maryland 94025,Business/Group/Organization,15,Firefighters of Frederick County for Collective Bargaining,Media,Online Advertising,NA,Debit Card,NA,Electoral,NA,NA
2022-10-17,Facebook,FaceBook,1 Hacker Way  Menlo Park  Maryland 94025,Business/Group/Organization,10,Firefighters of Frederick County for Collective Bargaining,Media,Online Advertising,NA,Debit Card,NA,Electoral,NA,NA
2022-10-17,Facebook,FaceBook,1 Hacker Way  Menlo Park  Maryland 94025,Business/Group/Organization,10,Firefighters of Frederick County for Collective Bargaining,Media,Online Advertising,NA,Debit Card,NA,Electoral,NA,NA
2022-10-17,Facebook,FaceBook,1 Hacker Way  Menlo Park  Maryland 94025,Business/Group/Organization,10,Firefighters of Frederick County for Collective Bargaining,Media,Online Advertising,NA,Debit Card,NA,Electoral,NA,NA
2022-09-30,Facebook,FaceBook,1 Hacker Way  Menlo Park  California 94025,Business/Group/Organization,10,Tuttle  Steve The Friends to Elect,Media,Online Advertising,NA,Debit Card,NA,Electoral,NA,NA
2022-10-03,Facebook,FaceBook,1 Hacker Way  Menlo Park  California 94025,Business/Group/Organization,10,Tuttle  Steve The Friends to Elect,Media,Online Advertising,NA,Debit Card,NA,Electoral,NA,NA
2022-10-19,Facebook,FaceBook,1 Hacker Way  Menlo Park  California 94025,Business/Group/Organization,10,Tuttle  Steve The Friends to Elect,Media,Online Advertising,NA,Debit Card,NA,Electoral,NA,NA
2021-11-29,Facebook,FaceBook,1 Hacker Way  Menlo Park  California 94025,Business/Group/Organization,100,Glass  Evan Neighbors of,Media,Online Advertising,NA,Debit Card,NA,Electoral,NA,NA
2022-05-02,Facebook,FaceBook,1 Hacker Way  Menlo Park  California 94025,Business/Group/Organization,30,Glass  Evan Neighbors of,Media,Online Advertising,NA,Debit Card,NA,Electoral,NA,NA
2022-10-06,Facebook,FaceBook,1 Hacker Way  Menlo Park  California 94025,Business/Group/Organization,15,Smith Post  Jana Friends of,Media,Online Advertising,NA,Debit Card,NA,Electoral,NA,NA
2022-10-05,Facebook,FaceBook,1 Hacker Way  Menlo Park  California 94025,Business/Group/Organization,15,Smith Post  Jana Friends of,Media,Online Advertising,NA,Debit Card,NA,Electoral,NA,NA
2022-10-04,Facebook,FaceBook,1 Hacker Way  Menlo Park  California 94025,Business/Group/Organization,10,Smith Post  Jana Friends of,Media,Online Advertising,NA,Debit Card,NA,Electoral,NA,NA
2022-10-03,Facebook,FaceBook,1 Hacker Way  Menlo Park  California 94025,Business/Group/Organization,7,Smith Post  Jana Friends of,Media,Online Advertising,NA,Debit Card,NA,Electoral,NA,NA
2022-10-03,Facebook,FaceBook,1 Hacker Way  Menlo Park  California 94025,Business/Group/Organization,5,Smith Post  Jana Friends of,Media,Online Advertising,NA,Debit Card,NA,Electoral,NA,NA
2022-10-03,Facebook,FaceBook,1 Hacker Way  Menlo Park  California 94025,Business/Group/Organization,3,Smith Post  Jana Friends of,Media,Online Advertising,NA,Debit Card,NA,Electoral,NA,NA
2022-10-03,Facebook,FaceBook,1 Hacker Way  Menlo Park  California 94025,Business/Group/Organization,2,Smith Post  Jana Friends of,Media,Online Advertising,NA,Debit Card,NA,Electoral,NA,NA
2022-10-03,Facebook,FaceBook,1 Hacker Way  Menlo Park  California 94025,Business/Group/Organization,2,Smith Post  Jana Friends of,Media,Online Advertising,NA,Debit Card,NA,Electoral,NA,NA
2022-10-03,Facebook,FaceBook,1 Hacker Way  Menlo Park  California 94025,Business/Group/Organization,2,Smith Post  Jana Friends of,Media,Online Advertising,NA,Debit Card,NA,Electoral,NA,NA
2022-10-03,Facebook,FaceBook,1 Hacker Way  Menlo Park  California 94025,Business/Group/Organization,2,Smith Post  Jana Friends of,Media,Online Advertising,NA,Debit Card,NA,Electoral,NA,NA
2022-10-20,Facebook,FaceBook,1 Hacker Way  Menlo Park  California 94025,Business/Group/Organization,75,Smith Post  Jana Friends of,Media,Online Advertising,NA,Debit Card,NA,Electoral,NA,NA
2022-10-17,Facebook,FaceBook,1 Hacker Way  Menlo Park  California 94025,Business/Group/Organization,50,Smith Post  Jana Friends of,Media,Online Advertising,NA,Debit Card,NA,Electoral,NA,NA
2022-10-11,Facebook,FaceBook,1 Hacker Way  Menlo Park  California 94025,Business/Group/Organization,35,Smith Post  Jana Friends of,Media,Online Advertising,NA,Debit Card,NA,Electoral,NA,NA
2022-10-11,Facebook,FaceBook,1 Hacker Way  Menlo Park  California 94025,Business/Group/Organization,25,Smith Post  Jana Friends of,Media,Online Advertising,NA,Debit Card,NA,Electoral,NA,NA
2022-10-03,Facebook,FaceBook,1 Hacker Way  Menlo Park  California 94025,Business/Group/Organization,25,Corderman  Paul Friends of,Media,Online Advertising,NA,Credit Card/Visa,NA,Electoral,NA,NA
2022-10-23,Facebook,FaceBook,1 Hacker Way  Menlo Park  California 94025,Business/Group/Organization,505.61,Ashburn  James Friends to Elect,Media,Online Advertising,NA,Credit Card/Visa,NA,Electoral,American Express to pay Facebook Ads.,NA
2022-10-19,Facebook,FaceBook,1 Hacker Way  Menlo Park  California 94025,Business/Group/Organization,35,Outten  Megan Friends of,Media,Online Advertising,NA,Credit Card/Visa,NA,Electoral,NA,NA
2022-10-19,Facebook,FaceBook,1 Hacker Way  Menlo Park  California 94025,Business/Group/Organization,25,Outten  Megan Friends of,Media,Online Advertising,NA,Credit Card/Visa,NA,Electoral,NA,NA
2022-10-13,Facebook,FaceBook,1 Hacker Way  Menlo Park  California 94025,Business/Group/Organization,36.36,Outten  Megan Friends of,Media,Online Advertising,NA,Credit Card/Visa,NA,Electoral,NA,NA
2022-09-12,Facebook,FaceBook,1 Hacker Way  Menlo Park  California 94025,Business/Group/Organization,25,Outten  Megan Friends of,Media,Online Advertising,NA,Credit Card/Visa,NA,Electoral,NA,NA
2022-09-13,Facebook,FaceBook,1 Hacker Way  Menlo Park  California 94025,Business/Group/Organization,25,Outten  Megan Friends of,Media,Online Advertising,NA,Credit Card/Visa,NA,Electoral,NA,NA
2022-09-12,Face Book,FaceBook,1 Hacker Way  Menlo  California 94025,Business/Group/Organization,19.83,Grossman  Brooke for Hagerstown,Media,Online Advertising,NA,Debit Card,NA,Electoral,NA,NA
2022-09-19,Face Book,FaceBook,1 Hacker Way  Menlo  California 94025,Business/Group/Organization,55.17,Grossman  Brooke for Hagerstown,Media,Online Advertising,NA,Debit Card,NA,Electoral,NA,NA
2022-09-28,Face Book,FaceBook,1 Hacker Way  Menlo  California 94025,Business/Group/Organization,50,Grossman  Brooke for Hagerstown,Media,Online Advertising,NA,Debit Card,NA,Electoral,NA,NA
2022-09-30,Facebook,FaceBook,350 Camino Gardens Blvd  Suite 202  Boca Raton  Florida 33432,Business/Group/Organization,451.38,Lombardo  Darren Citizens for,Media,Online Advertising,NA,EFT,NA,Electoral,NA,NA
2022-10-23,Facebook,FaceBook,350 Camino Gardens Blvd  Suite 202  Boca Raton  Florida 33432,Business/Group/Organization,1000,Lombardo  Darren Citizens for,Media,Online Advertising,NA,EFT,NA,Electoral,NA,NA
2022-09-08,Face Book,FaceBook,1 Hacker Way  Menlo  California 94025,Business/Group/Organization,250,Grossman  Brooke for Hagerstown,Media,Online Advertising,NA,Debit Card,NA,Electoral,NA,NA
2022-10-07,Face Book,FaceBook,1 Hacker Way  Menlo  California 94025,Business/Group/Organization,50,Grossman  Brooke for Hagerstown,Media,Online Advertising,NA,Debit Card,NA,Electoral,NA,NA
2022-10-11,Face Book,FaceBook,1 Hacker Way  Menlo  California 94025,Business/Group/Organization,49.34,Grossman  Brooke for Hagerstown,Media,Online Advertising,NA,Debit Card,NA,Electoral,NA,NA
2022-10-12,Face Book,FaceBook,1 Hacker Way  Menlo  California 94025,Business/Group/Organization,250,Grossman  Brooke for Hagerstown,Media,Online Advertising,NA,Debit Card,NA,Electoral,NA,NA
2022-10-14,Face Book,FaceBook,1 Hacker Way  Menlo  California 94025,Business/Group/Organization,250,Grossman  Brooke for Hagerstown,Media,Online Advertising,NA,Debit Card,NA,Electoral,NA,NA
2022-10-17,Face Book,FaceBook,1 Hacker Way  Menlo  California 94025,Business/Group/Organization,400,Grossman  Brooke for Hagerstown,Media,Online Advertising,NA,Debit Card,NA,Electoral,NA,NA
2022-08-24,Face Book,FaceBook,1 Hacker Way  Menlo  California 94025,Business/Group/Organization,41.01,Grossman  Brooke for Hagerstown,Media,Online Advertising,NA,Debit Card,NA,Electoral,NA,NA
2022-11-02,Facebook,FaceBook,1 Hacker Way  Menlo Park  California 94025,Business/Group/Organization,20.07,Jackson  Phillip Friends for Talbot County Council,Media,Online Advertising,NA,Debit Card,NA,Electoral,NA,NA
2022-11-01,Facebook,FaceBook,1 Hacker Way  Menlo Park  California 94025,Business/Group/Organization,1035,Ertel  Michael P. Friends of,Media,Online Advertising,NA,Debit Card,NA,Electoral,NA,NA
2022-10-14,Facebook,FaceBook,1 Hacker Way  Menlo Park  California 94025,Business/Group/Organization,12,Summers  Carleah Vote,Media,Online Advertising,NA,EFT,NA,Electoral,NA,NA
2022-10-17,Facebook,FaceBook,1 Hacker Way  Menlo Park  California 94025,Business/Group/Organization,52,Summers  Carleah Vote,Media,Online Advertising,NA,EFT,NA,Electoral,NA,NA
2022-10-18,Facebook,FaceBook,1 Hacker Way  Menlo Park  California 94025,Business/Group/Organization,25,Summers  Carleah Vote,Media,Online Advertising,NA,EFT,NA,Electoral,NA,NA
2022-10-25,FACEBOOK INC,FaceBook,1601 Willow Road  Menlo Park  California 94025,Business/Group/Organization,293.96,Rogers  Mike Campaign Committee,Media,Online Advertising,NA,Debit Card,NA,Electoral,Facebook ads,NA
2022-10-12,facebook,FaceBook,1 Hacker Way  Menlo Park  California 94025,Business/Group/Organization,175,Bennett  Jacob Vote for,Media,Online Advertising,NA,Debit Card,NA,Electoral,NA,NA
2022-10-22,facebook,FaceBook,1 Hacker Way  Menlo Park  California 94025,Business/Group/Organization,68.61,Bennett  Jacob Vote for,Media,Online Advertising,NA,Debit Card,NA,Electoral,NA,NA
2022-09-22,facebook,FaceBook,1 Hacker Way  Menlo Park  California 94025,Business/Group/Organization,146.64,Bennett  Jacob Vote for,Media,Online Advertising,NA,Debit Card,NA,Electoral,NA,NA
2022-08-25,Facebook,FaceBook,1 Hacker Way  Menlo Park  California 94025,Business/Group/Organization,18.31,Fiedler  Amanda Friends of,Media,Online Advertising,NA,Check,Amanda Fiedler,Electoral,NA,NA
2022-09-27,Facebook,FaceBook,1 Hacker Way  Menlo Park  California 94025,Business/Group/Organization,341.9,Fiedler  Amanda Friends of,Media,Online Advertising,NA,Check,Amanda Fiedler,Electoral,NA,NA
2022-09-27,Facebook,FaceBook,1 Hacker Way  Menlo Park  California 94025,Business/Group/Organization,750,Fiedler  Amanda Friends of,Media,Online Advertising,NA,Check,Amanda Fiedler,Electoral,NA,NA
2022-09-29,Facebook,FaceBook,1 Hacker Way  Menlo Park  California 94025,Business/Group/Organization,750,Fiedler  Amanda Friends of,Media,Online Advertising,NA,Check,Amanda Fiedler,Electoral,NA,NA
2022-10-11,Facebook,FaceBook,1 Hacker Way  Menlo Park  California 94025,Business/Group/Organization,900,Fiedler  Amanda Friends of,Media,Online Advertising,NA,Check,Amanda Fiedler,Electoral,Facebook Ad,NA
2022-10-22,Facebook,FaceBook,1 Hacker Way  Menlo Park  California 94025,Business/Group/Organization,763.47,Fiedler  Amanda Friends of,Media,Online Advertising,NA,Check,Amanda Fiedler,Electoral,Facebook Ad,NA
2022-11-14,Facebook,FaceBook,1 Hacker Way  Menlo Park  Maryland 94025,Business/Group/Organization,451.21,Firefighters of Frederick County for Collective Bargaining,Media,Online Advertising,NA,Debit Card,NA,Electoral,NA,NA
2022-11-26,Facebook/Meta,FaceBook,770 Broadway  New York  New York 10003,Business/Group/Organization,99.8,Brown  Monise Keep Judge,Media,Online Advertising,NA,Debit Card,NA,Electoral,NA,NA
2022-12-07,Facebook,FaceBook,1 Hacker Way  Menlo Park  California 94025,Business/Group/Organization,39.94,Hamilton  Rebecca Patriots for,Media,Online Advertising,NA,EFT,NA,Electoral,NA,NA
2022-11-07,Facebook,FaceBook,1 Hacker Way  Menlo Park  Maryland 94025,Business/Group/Organization,900,Firefighters of Frederick County for Collective Bargaining,Media,Online Advertising,NA,Debit Card,NA,Electoral,NA,NA
2022-10-24,Facebook,FaceBook,1 Hacker Way  Menlo Park  Maryland 94025,Business/Group/Organization,900,Firefighters of Frederick County for Collective Bargaining,Media,Online Advertising,NA,Debit Card,NA,Electoral,NA,NA
2022-10-25,Facebook,FaceBook,1 Hacker Way  Menlo Park  Maryland 94025,Business/Group/Organization,900,Firefighters of Frederick County for Collective Bargaining,Media,Online Advertising,NA,Debit Card,NA,Electoral,NA,NA
2022-10-28,Facebook,FaceBook,1 Hacker Way  Menlo Park  Maryland 94025,Business/Group/Organization,50,Firefighters of Frederick County for Collective Bargaining,Media,Online Advertising,NA,Debit Card,NA,Electoral,NA,NA
2022-10-30,Facebook,FaceBook,1 Hacker Way  Menlo Park  Maryland 94025,Business/Group/Organization,900,Firefighters of Frederick County for Collective Bargaining,Media,Online Advertising,NA,Debit Card,NA,Electoral,NA,NA
2022-11-01,Facebook,FaceBook,1 Hacker Way  Menlo Park  Maryland 94025,Business/Group/Organization,900,Firefighters of Frederick County for Collective Bargaining,Media,Online Advertising,NA,Debit Card,NA,Electoral,NA,NA
2022-09-26,Facebook,FaceBook,1 Hacker Way  Menlo Park  California 94025,Business/Group/Organization,900,"Patti  Donald ""DP"" Patti Friends of",Media,Online Advertising,NA,EFT,NA,Electoral,NA,NA
2022-09-26,Facebook,FaceBook,1 Hacker Way  Menlo Park  California 94025,Business/Group/Organization,900,"Patti  Donald ""DP"" Patti Friends of",Media,Online Advertising,NA,EFT,NA,Electoral,NA,NA
2022-10-17,Facebook,FaceBook,1 Hacker Way  Menlo Park  California 94025,Business/Group/Organization,75,Bagnall Tudball  Heather Citizens for,Media,Online Advertising,NA,Debit Card,NA,Electoral,NA,NA
2022-10-07,Facebook,FaceBook,1 Hacker Way  Menlo Park  California 94025,Business/Group/Organization,62.5,Chesapeake Climate Action Network Action Fund,Media,Online Advertising,WESTLEY MOORE - SUPPORT,EFT,NA,Electoral,NA,NA
2022-10-07,Facebook,FaceBook,1 Hacker Way  Menlo Park  California 94025,Business/Group/Organization,62.5,Chesapeake Climate Action Network Action Fund,Media,Online Advertising,ANTHONY BROWN - SUPPORT,EFT,NA,Electoral,NA,NA
2022-10-07,Facebook,FaceBook,1 Hacker Way  Menlo Park  California 94025,Business/Group/Organization,62.5,Chesapeake Climate Action Network Action Fund,Media,Online Advertising,BROOKE LIERMAN - SUPPORT,EFT,NA,Electoral,NA,NA
2022-10-07,Facebook,FaceBook,1 Hacker Way  Menlo Park  California 94025,Business/Group/Organization,62.5,Chesapeake Climate Action Network Action Fund,Media,Online Advertising,KAREN SIMPSON - SUPPORT,EFT,NA,Electoral,NA,NA
2022-10-07,Facebook,FaceBook,1 Hacker Way  Menlo Park  California 94025,Business/Group/Organization,62.5,Chesapeake Climate Action Network Action Fund,Media,Online Advertising,KENNETH KERR - SUPPORT,EFT,NA,Electoral,NA,NA
2022-10-07,Facebook,FaceBook,1 Hacker Way  Menlo Park  California 94025,Business/Group/Organization,62.5,Chesapeake Climate Action Network Action Fund,Media,Online Advertising,KRISTOPHER FAIR - SUPPORT,EFT,NA,Electoral,NA,NA
2022-10-07,Facebook,FaceBook,1 Hacker Way  Menlo Park  California 94025,Business/Group/Organization,62.5,Chesapeake Climate Action Network Action Fund,Media,Online Advertising,KAREN LEWIS YOUNG - SUPPORT,EFT,NA,Electoral,NA,NA
2022-10-07,Facebook,FaceBook,1 Hacker Way  Menlo Park  California 94025,Business/Group/Organization,62.5,Chesapeake Climate Action Network Action Fund,Media,Online Advertising,KATHERINE KLAUSMEIER - SUPPORT,EFT,NA,Electoral,NA,NA
2022-08-30,Facebook,FaceBook,1 Hacker Way  Menlo Park  California 94025,Business/Group/Organization,37.32,Bagnall Tudball  Heather Citizens for,Media,Online Advertising,NA,Debit Card,NA,Electoral,NA,NA
2022-09-30,Facebook,FaceBook,1 Hacker Way  Menlo Park  California 94025,Business/Group/Organization,5.93,Bagnall Tudball  Heather Citizens for,Media,Online Advertising,NA,Debit Card,NA,Electoral,NA,NA
2022-07-19,Facebook,FaceBook,1 Hacker Way  Menlo Park  California 94025,Business/Group/Organization,271,Chesapeake Climate Action Network Action Fund,Media,Online Advertising,PAMELA BEIDLE - SUPPORT,EFT,NA,Electoral,NA,NA
2022-07-19,Facebook,FaceBook,1 Hacker Way  Menlo Park  California 94025,Business/Group/Organization,271,Chesapeake Climate Action Network Action Fund,Media,Online Advertising,BENJAMIN BROOKS - SUPPORT,EFT,NA,Electoral,NA,NA
2022-07-19,Facebook,FaceBook,1 Hacker Way  Menlo Park  California 94025,Business/Group/Organization,271,Chesapeake Climate Action Network Action Fund,Media,Online Advertising,BENJAMIN BROOKS - SUPPORT,EFT,NA,Electoral,NA,NA
2022-07-19,Facebook,FaceBook,1 Hacker Way  Menlo Park  California 94025,Business/Group/Organization,271,Chesapeake Climate Action Network Action Fund,Media,Online Advertising,DANA STEIN - SUPPORT,EFT,NA,Electoral,NA,NA
2022-10-24,Facebook,FaceBook,1 Hacker Way  Menlo Park  California 94025,Business/Group/Organization,8,Rathell  Doug (Jeffrey) Elect,Media,Online Advertising,NA,EFT,NA,Electoral,NA,NA
2022-08-01,Facebook,FaceBook,1 Hacker Way  Menlo Park  California 94025,Business/Group/Organization,18.54,Glass  Evan Neighbors of,Media,Online Advertising,NA,Debit Card,NA,Electoral,NA,NA
2022-07-01,Facebook,FaceBook,1601 S California Ave  Palo Alto  California 94304,Business/Group/Organization,16.75,Glass  Evan Neighbors of,Media,Online Advertising,NA,Debit Card,NA,Electoral,NA,NA
2022-07-25,Facebook,FaceBook,18 Hacker Way  Menlo Park  California 94025,Business/Group/Organization,36.67,Barrie  Fatmata  for County Council,Media,Online Advertising,NA,Debit Card,NA,Electoral,NA,NA
2022-10-30,Facebook,FaceBook,1 Hacker Way  Menlo Park  California 94025,Business/Group/Organization,35,Williams  Marsha L. Friends to Elect,Media,Online Advertising,NA,Debit Card,NA,Electoral,NA,NA
2022-10-31,Facebook,FaceBook,1 Hacker Way  Menlo Park  California 94025,Business/Group/Organization,50,Williams  Marsha L. Friends to Elect,Media,Online Advertising,NA,Debit Card,NA,Electoral,NA,NA
2022-11-01,Facebook,FaceBook,1 Hacker Way  Menlo Park  California 94025,Business/Group/Organization,75,Williams  Marsha L. Friends to Elect,Media,Online Advertising,NA,Debit Card,NA,Electoral,NA,NA
2022-11-04,Facebook,FaceBook,1 Hacker Way  Menlo Park  California 94025,Business/Group/Organization,125,Williams  Marsha L. Friends to Elect,Media,Online Advertising,NA,Debit Card,NA,Electoral,NA,NA
2022-10-24,Facebook,FaceBook,1 Hacker Way  Menlo Park  California 94025,Business/Group/Organization,25,Williams  Marsha L. Friends to Elect,Media,Online Advertising,NA,Debit Card,NA,Electoral,NA,NA
2022-10-12,FACEBOOK,FaceBook,575 7th St NW  Washington  District Of Columbia 20004,Business/Group/Organization,91.43,Jackson  Branndon Friends of,Media,Online Advertising,NA,Credit Card/Visa,NA,Electoral,NA,NA
2022-11-11,Facebook,FaceBook,1 Hacker Way  Menlo Park  California 94025,Business/Group/Organization,846.64,Adler   Delphine Tudy Friends of,Media,Online Advertising,NA,EFT,NA,Electoral,NA,NA
2022-11-02,Facebook,FaceBook,1 Hacker Way  Meno Park  California 94025,Business/Group/Organization,100,Dappert  Michele Committee to Elect,Media,Online Advertising,NA,Debit Card,NA,Electoral,NA,NA
2022-11-07,Facebook,FaceBook,1 Hacker Way  Menlo Park  California 94025,Business/Group/Organization,210.06,Hamilton  Rebecca Patriots for,Media,Online Advertising,NA,EFT,NA,Electoral,NA,NA
2022-10-26,Facebook,FaceBook,1 Hacker Way  Meno Park  California 94025,Business/Group/Organization,83.81,Dappert  Michele Committee to Elect,Media,Online Advertising,NA,Debit Card,NA,Electoral,NA,NA
2022-10-31,Facebook,FaceBook,1 Hacker Way  Meno Park  California 94025,Business/Group/Organization,100,Dappert  Michele Committee to Elect,Media,Online Advertising,NA,Debit Card,NA,Electoral,NA,NA
2022-10-24,Facebook,FaceBook,1 Facebook Way  Menlo Park  California 94025,Business/Group/Organization,500,Balcombe  Marilyn Friends,Media,Online Advertising,NA,Debit Card,NA,Electoral,NA,NA
2022-11-08,Facebook,FaceBook,1 Facebook Way  Menlo Park  California 94025,Business/Group/Organization,395.51,Balcombe  Marilyn Friends,Media,Online Advertising,NA,Debit Card,NA,Electoral,NA,NA
2022-11-08,Facebook,FaceBook,1 Hacker Way  Menlo Park  California 94025,Business/Group/Organization,175,Wicomico County Democratic Central Committee,Media,Media - Website Development,NA,EFT,NA,Electoral,NA,NA
2022-10-24,Facebook,FaceBook,1 Facebook Way  Menlo Park  California 94025,Business/Group/Organization,175,Lashar  James (David) Citizens for,Media,Online Advertising,NA,EFT,NA,Electoral,reference # 7N8FXFFDA2,NA
2022-11-10,Facebook,FaceBook,1 Facebook Way  Menlo Park  California 94025,Business/Group/Organization,75,Lashar  James (David) Citizens for,Media,Online Advertising,NA,EFT,NA,Electoral,reference # EKSVDGFDA2,NA
2022-10-26,Facebook,FaceBook,1 Hacker Way  Menlo Park  California 94025,Business/Group/Organization,900,Fiedler  Amanda Friends of,Media,Online Advertising,NA,Check,Amanda Fiedler,Electoral,Facebook Ad,NA
2022-11-07,Facebook INC,FaceBook,1 Hacker Way  Menlo Park  California 94025,Business/Group/Organization,50,Chen  Linfeng Friends of,Media,Online Advertising,NA,Electronic Check,NA,Electoral,NA,NA
2022-11-14,Facebook INC,FaceBook,1 Hacker Way  Menlo Park  California 94025,Business/Group/Organization,50,Chen  Linfeng Friends of,Media,Online Advertising,NA,Electronic Check,NA,Electoral,NA,NA
2022-11-12,Facebook,FaceBook,1 Hacker Way  Menlo Park  California 94025,Business/Group/Organization,462.8,Fiedler  Amanda Friends of,Media,Online Advertising,NA,Check,Amanda Fiedler,Electoral,Facebook Ads,NA
2022-10-24,Facebook,FaceBook,1 Hacker Way  Menlo Park  California 94025,Business/Group/Organization,19.99,Yang  Julie Friends of,Media,Online Advertising,NA,Debit Card,NA,Electoral,NA,NA
2022-11-01,Facebook,FaceBook,1 Hacker Way  Menlo Park  California 94025,Business/Group/Organization,25,Tuttle  Steve The Friends to Elect,Media,Online Advertising,NA,Debit Card,NA,Electoral,NA,NA
2022-11-02,Facebook,FaceBook,1 Hacker Way  Menlo Park  California 94025,Business/Group/Organization,35,Tuttle  Steve The Friends to Elect,Media,Online Advertising,NA,Debit Card,NA,Electoral,NA,NA
2022-11-07,Facebook,FaceBook,1 Hacker Way  Menlo Park  California 94025,Business/Group/Organization,50,Tuttle  Steve The Friends to Elect,Media,Online Advertising,NA,Debit Card,NA,Electoral,NA,NA
2022-10-31,Facebook,FaceBook,1 Hacker Way  Menlo Park  California 94025,Business/Group/Organization,982.21,Olszewski  John Jr. Friends Of,Media,Online Advertising,NA,EFT,Kroner,Brad,Electoral,"Facebook Ads,"
2022-11-14,Facebook,FaceBook,1 Hacker Way  Menlo Park  California 94025,Business/Group/Organization,558.48,Olszewski  John Jr. Friends Of,Media,Online Advertising,NA,EFT,Kroner,Brad,Electoral,"Facebook Ad,"
2022-11-14,Facebook,FaceBook,1 Hacker Way  Menlo Park  California 94025,Business/Group/Organization,41.75,Rathell  Doug (Jeffrey) Elect,Media,Online Advertising,NA,EFT,NA,Electoral,NA,NA
2022-11-08,Facebook,FaceBook,1 Hacker Way  Menlo Park  California 94025,Business/Group/Organization,250,Rathell  Doug (Jeffrey) Elect,Media,Online Advertising,NA,EFT,NA,Electoral,NA,NA
2022-10-25,Facebook,FaceBook,1 Hacker Way  Menlo Park  California 94025,Business/Group/Organization,25,Rathell  Doug (Jeffrey) Elect,Media,Online Advertising,NA,EFT,NA,Electoral,NA,NA
2022-10-27,Facebook,FaceBook,1 Hacker Way  Menlo Park  California 94025,Business/Group/Organization,25,Rathell  Doug (Jeffrey) Elect,Media,Online Advertising,NA,EFT,NA,Electoral,NA,NA
2022-10-31,Facebook,FaceBook,1 Hacker Way  Menlo Park  California 94025,Business/Group/Organization,35,Rathell  Doug (Jeffrey) Elect,Media,Online Advertising,NA,EFT,NA,Electoral,NA,NA
2022-10-31,Facebook,FaceBook,1 Hacker Way  Menlo Park  California 94025,Business/Group/Organization,50,Rathell  Doug (Jeffrey) Elect,Media,Online Advertising,NA,EFT,NA,Electoral,NA,NA
2022-10-31,Facebook,FaceBook,1 Hacker Way  Menlo Park  California 94025,Business/Group/Organization,75,Rathell  Doug (Jeffrey) Elect,Media,Online Advertising,NA,EFT,NA,Electoral,NA,NA
2022-11-01,Facebook,FaceBook,1 Hacker Way  Menlo Park  California 94025,Business/Group/Organization,75,Rathell  Doug (Jeffrey) Elect,Media,Online Advertising,NA,EFT,NA,Electoral,NA,NA
2022-11-02,Facebook,FaceBook,1 Hacker Way  Menlo Park  California 94025,Business/Group/Organization,125,Rathell  Doug (Jeffrey) Elect,Media,Online Advertising,NA,EFT,NA,Electoral,NA,NA
2022-11-03,Facebook,FaceBook,1 Hacker Way  Menlo Park  California 94025,Business/Group/Organization,47.79,Rathell  Doug (Jeffrey) Elect,Media,Online Advertising,NA,EFT,NA,Electoral,NA,NA
2022-11-07,Facebook,FaceBook,1 Hacker Way  Menlo Park  California 94025,Business/Group/Organization,175,Rathell  Doug (Jeffrey) Elect,Media,Online Advertising,NA,EFT,NA,Electoral,NA,NA
2022-10-27,Facebook,FaceBook,1 Hacker Way  Menlo Park  California 94025,Business/Group/Organization,0.2,Gordon  Tom (Thomas) Friends of,Media,Online Advertising,NA,EFT,NA,Electoral,NA,NA
2022-10-31,Facebook,FaceBook,1 Hacker Way  Menlo Park  California 94025,Business/Group/Organization,50.36,Gordon  Tom (Thomas) Friends of,Media,Online Advertising,NA,EFT,NA,Electoral,NA,NA
2022-10-31,Facebook,FaceBook,1 Hacker Way  Menlo Park  California 94025,Business/Group/Organization,46.4,Murray  Linda Friends of,Media,Online Advertising,NA,Debit Card,NA,Electoral,NA,NA
2022-10-28,Facebook,FaceBook,1601 Willow Rd  Menlo Park  California 94025-1452,Business/Group/Organization,2.4,Mohorovic III  Jake for Delegate Committee,Media,Online Advertising,NA,Debit Card,NA,Electoral,NA,NA
2022-10-24,Face Book,FaceBook,1 Hacker Way  Menlo  California 94025,Business/Group/Organization,600,Grossman  Brooke for Hagerstown,Media,Online Advertising,NA,Debit Card,NA,Electoral,NA,NA
2022-10-31,Face Book,FaceBook,1 Hacker Way  Menlo  California 94025,Business/Group/Organization,900,Grossman  Brooke for Hagerstown,Media,Online Advertising,NA,Debit Card,NA,Electoral,NA,NA
2022-11-04,Face Book,FaceBook,1 Hacker Way  Menlo  California 94025,Business/Group/Organization,900,Grossman  Brooke for Hagerstown,Media,Online Advertising,NA,Debit Card,NA,Electoral,NA,NA
2022-11-09,Face Book,FaceBook,1 Hacker Way  Menlo  California 94025,Business/Group/Organization,900,Grossman  Brooke for Hagerstown,Media,Online Advertising,NA,Debit Card,NA,Electoral,NA,NA
2022-11-14,Face Book,FaceBook,1 Hacker Way  Menlo  California 94025,Business/Group/Organization,176.56,Grossman  Brooke for Hagerstown,Media,Online Advertising,NA,Debit Card,NA,Electoral,NA,NA
2022-11-02,Facebook,FaceBook,1 Hacker Way  Menlo Park  California 94025,Business/Group/Organization,125,Corderman  Paul Friends of,Media,Online Advertising,NA,Credit Card/Visa,NA,Electoral,NA,NA
2022-11-07,Facebook,FaceBook,1 Hacker Way  Menlo Park  California 94025,Business/Group/Organization,900,Ertel  Michael P. Friends of,Media,Online Advertising,NA,Debit Card,NA,Electoral,NA,NA
2022-11-01,Facebook,FaceBook,1 Hacker Way  Menlo Park  California 94025,Business/Group/Organization,45,Carr  Missy 4 Maryland,Media,Online Advertising,NA,Debit Card,NA,Electoral,facebook ad,NA
2022-11-15,Facebook,FaceBook,1 Hacker Way  Menlo Park  California 94025,Business/Group/Organization,4380.22,Ashburn  James Friends to Elect,Media,Online Advertising,NA,Credit Card/MasterCard,NA,Electoral,Paid to Facebook via American Express for Ads.,NA
2022-10-24,Facebook,FaceBook,1 Hacker Way  Menlo Park  California 94025,Business/Group/Organization,750,Corderman  Paul Friends of,Media,Online Advertising,NA,Debit Card,NA,Electoral,NA,NA
2022-10-07,Facebook  Inc.,FaceBook,1601 Willow Road  Menlo Park  California 94025,Business/Group/Organization,24.04,Casa in Action PAC,Media,Online Advertising,ARUNA MILLER - SUPPORT,Debit Card,NA,Electoral,NA,NA
2022-10-07,Facebook  Inc.,FaceBook,1601 Willow Road  Menlo Park  California 94025,Business/Group/Organization,24.04,Casa in Action PAC,Media,Online Advertising,WESTLEY MOORE - SUPPORT,Debit Card,NA,Electoral,NA,NA
2022-10-12,Facebook  Inc.,FaceBook,1601 Willow Road  Menlo Park  California 94025,Business/Group/Organization,75.96,Casa in Action PAC,Media,Online Advertising,WESTLEY MOORE - SUPPORT,Debit Card,NA,Electoral,NA,NA
2022-10-12,Facebook  Inc.,FaceBook,1601 Willow Road  Menlo Park  California 94025,Business/Group/Organization,75.96,Casa in Action PAC,Media,Online Advertising,ARUNA MILLER - SUPPORT,Debit Card,NA,Electoral,NA,NA
2022-10-16,Facebook  Inc.,FaceBook,1601 Willow Road  Menlo Park  California 94025,Business/Group/Organization,275.04,Casa in Action PAC,Media,Online Advertising,STEUART PITTMAN - SUPPORT,Debit Card,NA,Electoral,NA,NA
2022-10-16,Facebook  Inc.,FaceBook,1601 Willow Road  Menlo Park  California 94025,Business/Group/Organization,2475.92,Casa in Action PAC,Media,Online Advertising,WESTLEY MOORE - SUPPORT,Debit Card,NA,Electoral,NA,NA
2022-11-02,Facebook,FaceBook,1 Hacker Way  Menlo Park  California 94025,Business/Group/Organization,75,Corderman  Paul Friends of,Media,Online Advertising,NA,Credit Card/Visa,NA,Electoral,NA,NA
2022-10-26,Facebook,FaceBook,1 Hacker Way  Menlo Park  California 94025,Business/Group/Organization,703.37,"Patti  Donald ""DP"" Patti Friends of",Media,Online Advertising,NA,Debit Card,NA,Electoral,Online advertising,NA
2022-10-31,Facebook,FaceBook,1 Hacker Way  Menlo Park  California 94025,Business/Group/Organization,900,"Patti  Donald ""DP"" Patti Friends of",Media,Online Advertising,NA,Debit Card,NA,Electoral,online advertising,NA
2022-10-31,Facebook,FaceBook,1 Hacker Way  Menlo Park  California 94025,Business/Group/Organization,225.86,Anne Arundel County Republican Central Committee,Media,Online Advertising,NA,EFT,NA,Electoral,NA,NA
2022-10-31,Facebook,FaceBook,1601 Willow Rd  Menlo Park  California 94025,Business/Group/Organization,75.01,Acle  Nicole Re-Elect,Media,Online Advertising,NA,EFT,NA,Electoral,NA,NA
2022-11-07,Facebook,FaceBook,1 Hacker Way  Menlo Park  California 94025,Business/Group/Organization,125,Smith Post  Jana Friends of,Media,Online Advertising,NA,EFT,NA,Electoral,NA,NA
2022-10-17,Facebook  Inc.,FaceBook,1601 Willow Road  Menlo Park  California 94025,Business/Group/Organization,964.8,Casa in Action PAC,Media,Online Advertising,WESTLEY MOORE - SUPPORT,Credit Card/Visa,NA,Electoral,NA,NA
2022-10-17,Facebook  Inc.,FaceBook,1601 Willow Road  Menlo Park  California 94025,Business/Group/Organization,964.8,Casa in Action PAC,Media,Online Advertising,ARUNA MILLER - SUPPORT,Credit Card/Visa,NA,Electoral,NA,NA
2022-10-17,Facebook  Inc.,FaceBook,1601 Willow Road  Menlo Park  California 94025,Business/Group/Organization,1578.57,Casa in Action PAC,Media,Online Advertising,WESTLEY MOORE - SUPPORT,Credit Card/Visa,NA,Electoral,NA,NA
2022-10-17,Facebook  Inc.,FaceBook,1601 Willow Road  Menlo Park  California 94025,Business/Group/Organization,1578.57,Casa in Action PAC,Media,Online Advertising,ARUNA MILLER - SUPPORT,Credit Card/Visa,NA,Electoral,NA,NA
2022-10-17,Facebook  Inc.,FaceBook,1601 Willow Road  Menlo Park  California 94025,Business/Group/Organization,1578.57,Casa in Action PAC,Media,Online Advertising,STEUART PITTMAN - SUPPORT,Credit Card/Visa,NA,Electoral,NA,NA
2022-11-01,Facebook,FaceBook,1 Hacker Way  Menlo Park  California 94025,Business/Group/Organization,25,The Old Line Project,Media,Online Advertising,NA,EFT,NA,Electoral,NA,NA
2022-11-03,Facebook,FaceBook,1 Hacker Way  Menlo Park  California 94025,Business/Group/Organization,25,The Old Line Project,Media,Online Advertising,NA,EFT,NA,Electoral,NA,NA
2022-11-07,Facebook,FaceBook,1 Hacker Way  Menlo Park  California 94025,Business/Group/Organization,25,The Old Line Project,Media,Online Advertising,NA,EFT,NA,Electoral,NA,NA
2022-11-08,Facebook,FaceBook,1 Hacker Way  Menlo Park  California 94025,Business/Group/Organization,25,The Old Line Project,Media,Online Advertising,NA,EFT,NA,Electoral,NA,NA
2022-11-14,Facebook,FaceBook,1 Hacker Way  Menlo Park  California 94025,Business/Group/Organization,25,The Old Line Project,Media,Online Advertising,NA,EFT,NA,Electoral,NA,NA
2022-11-01,Facebook  Inc.,FaceBook,1601 Willow Road  Menlo Park  California 94025-1452,Business/Group/Organization,121.9,McKay  Steve 4 Frederick County  Friends of,Media,Online Advertising,NA,Credit Card/Visa,NA,Electoral,NA,NA
2022-10-24,Facebook  Inc.,FaceBook,1601 Willow Road  Menlo Park  California 94025-1452,Business/Group/Organization,750,McKay  Steve 4 Frederick County  Friends of,Media,Online Advertising,NA,Credit Card/Visa,NA,Electoral,NA,NA
2022-10-31,facebook,FaceBook,1 Hacker Way  Menlo Park  California 94025,Business/Group/Organization,125,Johnson  Andre Elect,Media,Online Advertising,NA,Credit Card/Visa,NA,Electoral,NA,NA
2022-10-31,facebook,FaceBook,1 Hacker Way  Menlo Park  California 94025,Business/Group/Organization,1.41,Johnson  Andre Elect,Media,Online Advertising,NA,Credit Card/Visa,NA,Electoral,NA,NA
2022-10-27,Facebook,FaceBook,1 Hacker Way  Menlo Park  California 94025,Business/Group/Organization,75,Bagnall Tudball  Heather Citizens for,Media,Online Advertising,NA,Debit Card,NA,Electoral,NA,NA
2022-10-31,Facebook,FaceBook,1 Hacker Way  Menlo Park  California 94025,Business/Group/Organization,10.91,Bagnall Tudball  Heather Citizens for,Media,Online Advertising,NA,Debit Card,NA,Electoral,NA,NA
2022-11-14,Facebook,FaceBook,1 Hacker Way  Menlo Park  California 94025,Business/Group/Organization,75,Bagnall Tudball  Heather Citizens for,Media,Online Advertising,NA,Debit Card,NA,Electoral,NA,NA
2022-11-14,FACEBOOK,FaceBook,575 7th St NW  Washington  District Of Columbia 20004,Business/Group/Organization,122.31,Jackson  Branndon Friends of,Media,Online Advertising,NA,Credit Card/Visa,NA,Electoral,NA,NA
2022-11-10,Facebook,FaceBook,1 Hacker Way  Menlo Park  California 94025,Business/Group/Organization,900,Grammer  Robin L. Jr. Friends of,Media,Online Advertising,NA,Credit Card/Visa,NA,Electoral,NA,NA
2022-11-01,Facebook,FaceBook,1 Hacker Way  Menlo Park  California 94025,Business/Group/Organization,734.15,Grammer  Robin L. Jr. Friends of,Media,Online Advertising,NA,Credit Card/Visa,NA,Electoral,NA,NA
2022-10-31,Facebook  Inc.,FaceBook,Department 415  P.O. Box 10005  Palo Alto  California 94303,Business/Group/Organization,900,Pippy  Jesse Friends of,Media,Online Advertising,NA,Debit Card,NA,Electoral,NA,NA
2022-11-01,Facebook  Inc.,FaceBook,Department 415  P.O. Box 10005  Palo Alto  California 94303,Business/Group/Organization,75.51,Pippy  Jesse Friends of,Media,Online Advertising,NA,Debit Card,NA,Electoral,NA,NA
2022-11-01,Facebook,FaceBook,1 Hacker Way  Menlo Park  California 94025,Business/Group/Organization,900,Kindra  Samay Singh Friends of,Media,Online Advertising,NA,Debit Card,NA,Electoral,NA,NA
2022-10-31,Facebook,FaceBook,1 Hacker Way  Menlo Park  California 94025,Business/Group/Organization,900,Kindra  Samay Singh Friends of,Media,Online Advertising,NA,Debit Card,NA,Electoral,NA,NA
2022-11-03,Facebook,FaceBook,1 Hacker Way  Menlo Park  California 94025,Business/Group/Organization,900,Kindra  Samay Singh Friends of,Media,Online Advertising,NA,Debit Card,NA,Electoral,NA,NA
2022-11-10,Facebook,FaceBook,1 Hacker Way  Menlo Park  California 94025,Business/Group/Organization,900,Kindra  Samay Singh Friends of,Media,Online Advertising,NA,Debit Card,NA,Electoral,NA,NA
2022-07-04,Facebook  Inc.,FaceBook,1 Facebook Way  Menlo Park  California 94025,Business/Group/Organization,100,Mink  Kristin Friends of,Media,Online Advertising,NA,Debit Card,NA,Electoral,NA,NA
2022-11-02,Facebook,FaceBook,1 Hacker Way  Menlo Park  California 94025,Business/Group/Organization,50,Corderman  Paul Friends of,Media,Online Advertising,NA,Credit Card/Visa,NA,Electoral,NA,NA
2022-11-01,Facebook,FaceBook,1 Hacker Way  Menlo Park  California 94025,Business/Group/Organization,10,Corderman  Paul Friends of,Media,Online Advertising,NA,Credit Card/Visa,NA,Electoral,NA,NA
2022-11-01,Facebook,FaceBook,1 Hacker Way  Menlo Park  California 94025,Business/Group/Organization,10,Corderman  Paul Friends of,Media,Online Advertising,NA,Credit Card/Visa,NA,Electoral,NA,NA
2022-11-01,Facebook,FaceBook,1 Hacker Way  Menlo Park  California 94025,Business/Group/Organization,10,Corderman  Paul Friends of,Media,Online Advertising,NA,Credit Card/Visa,NA,Electoral,NA,NA
2022-11-01,Facebook,FaceBook,1 Hacker Way  Menlo Park  California 94025,Business/Group/Organization,15,Corderman  Paul Friends of,Media,Online Advertising,NA,Credit Card/Visa,NA,Electoral,NA,NA
2022-11-01,Facebook,FaceBook,1 Hacker Way  Menlo Park  California 94025,Business/Group/Organization,22.12,Corderman  Paul Friends of,Media,Online Advertising,NA,Credit Card/Visa,NA,Electoral,NA,NA
2022-11-01,Facebook,FaceBook,1 Hacker Way  Menlo Park  California 94025,Business/Group/Organization,25,Corderman  Paul Friends of,Media,Online Advertising,NA,Credit Card/Visa,NA,Electoral,NA,NA
2022-11-01,Facebook,FaceBook,1 Hacker Way  Menlo Park  California 94025,Business/Group/Organization,35,Corderman  Paul Friends of,Media,Online Advertising,NA,Credit Card/Visa,NA,Electoral,NA,NA
2022-11-01,Facebook,FaceBook,1 Hacker Way  Menlo Park  California 94025,Business/Group/Organization,509.2,Corderman  Paul Friends of,Media,Online Advertising,NA,Credit Card/Visa,NA,Electoral,NA,NA
2022-11-03,Facebook,FaceBook,1 Hacker Way  Menlo Park  California 94025,Business/Group/Organization,175,Corderman  Paul Friends of,Media,Online Advertising,NA,Credit Card/Visa,NA,Electoral,NA,NA
2022-11-04,Facebook,FaceBook,1 Hacker Way  Menlo Park  California 94025,Business/Group/Organization,250,Corderman  Paul Friends of,Media,Online Advertising,NA,Credit Card/Visa,NA,Electoral,NA,NA
2022-11-04,Facebook,FaceBook,1 Hacker Way  Menlo Park  California 94025,Business/Group/Organization,260.42,Corderman  Paul Friends of,Media,Online Advertising,NA,Credit Card/Visa,NA,Electoral,NA,NA
2022-11-07,Facebook,FaceBook,1 Hacker Way  Menlo Park  California 94025,Business/Group/Organization,40.99,Corderman  Paul Friends of,Media,Online Advertising,NA,Credit Card/Visa,NA,Electoral,NA,NA
2022-11-07,Facebook,FaceBook,1 Hacker Way  Menlo Park  California 94025,Business/Group/Organization,400,Corderman  Paul Friends of,Media,Online Advertising,NA,Credit Card/Visa,NA,Electoral,NA,NA
2022-11-07,Facebook,FaceBook,1 Hacker Way  Menlo Park  California 94025,Business/Group/Organization,600,Corderman  Paul Friends of,Media,Online Advertising,NA,Credit Card/Visa,NA,Electoral,NA,NA
2022-11-08,Facebook,FaceBook,1 Hacker Way  Menlo Park  California 94025,Business/Group/Organization,900,Corderman  Paul Friends of,Media,Online Advertising,NA,Credit Card/Visa,NA,Electoral,NA,NA
2022-11-01,Facebook,FaceBook,1 Hacker Way  Menlo Park  California 94025,Business/Group/Organization,777.77,Arias  Ashley Friends of,Media,Online Advertising,NA,Debit Card,NA,Electoral,NA,NA
2021-09-07,Facebook,FaceBook,1 Facebook Way  Menlo Park  California 94025,Business/Group/Organization,175,Boniface  Billy Friends Of,Media,Online Advertising,NA,EFT,NA,Electoral,NA,NA
2021-09-13,Facebook,FaceBook,1601 Willow Road  Menlo Park  California 94025,Business/Group/Organization,900,Franchot  Peter Friends Of,Media,Online Advertising,NA,Debit Card,NA,Electoral,NA,NA
2021-09-17,Facebook,FaceBook,1601 Willow Road  Menlo Park  California 94025,Business/Group/Organization,899.87,Franchot  Peter Friends Of,Media,Online Advertising,NA,Debit Card,NA,Electoral,NA,NA
2021-09-16,Facebook,FaceBook,1601 Willow Road  Menlo Park  California 94025,Business/Group/Organization,900,Franchot  Peter Friends Of,Media,Online Advertising,NA,Debit Card,NA,Electoral,NA,NA
2021-09-15,Facebook,FaceBook,1601 Willow Road  Menlo Park  California 94025,Business/Group/Organization,900,Franchot  Peter Friends Of,Media,Online Advertising,NA,Debit Card,NA,Electoral,NA,NA
2022-04-04,Facebook,FaceBook,1 Hacker Way  Menlo Park  California 94025,Business/Group/Organization,3,Yang  Julie Friends of,Media,Online Advertising,NA,Debit Card,NA,Electoral,NA,NA
2022-04-04,Facebook,FaceBook,1 Hacker Way  Menlo Park  California 94025,Business/Group/Organization,3,Yang  Julie Friends of,Media,Online Advertising,NA,Debit Card,NA,Electoral,NA,NA
2021-09-07,Facebook,FaceBook,1601 Willow Road  Menlo Park  California 94025,Business/Group/Organization,174.87,Franchot  Peter Friends Of,Media,Online Advertising,NA,Debit Card,NA,Electoral,NA,NA
2021-06-07,Facebook,FaceBook,1 Hacker Way  Menlo Park  California 94025,Business/Group/Organization,25,Rathell  Doug (Jeffrey) Elect,Media,Online Advertising,NA,Credit Card/Visa,NA,Electoral,NA,NA
2022-04-19,Facebook,FaceBook,1 Facebook Way  Menlo Park  California 94025,Business/Group/Organization,4.8,Balcombe  Marilyn Friends,Media,Online Advertising,NA,Debit Card,NA,Electoral,NA,NA
2022-04-25,Facebook,FaceBook,1 Facebook Way  Menlo Park  California 94025,Business/Group/Organization,15,Balcombe  Marilyn Friends,Media,Online Advertising,NA,Debit Card,NA,Electoral,NA,NA
2021-07-30,Facebook  Inc,FaceBook,1601 Willow Road  Menlo Park  California 94025,Business/Group/Organization,125,Benbow  Reginald for Baltimore,Media,Online Advertising,NA,Debit Card,NA,Electoral,NA,NA
2021-10-15,Facebook  Inc,FaceBook,1601 Willow Road  Menlo Park  California 94025,Business/Group/Organization,46.39,Benbow  Reginald for Baltimore,Media,Online Advertising,NA,Debit Card,NA,Electoral,NA,NA
2021-12-09,Facebook  Inc,FaceBook,1601 Willow Road  Menlo Park  California 94025,Business/Group/Organization,2.49,Benbow  Reginald for Baltimore,Media,Online Advertising,NA,Debit Card,NA,Electoral,NA,NA
2021-12-15,Facebook  Inc,FaceBook,1601 Willow Road  Menlo Park  California 94025,Business/Group/Organization,44.25,Benbow  Reginald for Baltimore,Media,Online Advertising,NA,Debit Card,NA,Electoral,NA,NA
2021-08-05,Facebook  Inc,FaceBook,1601 Willow Road  Menlo Park  California 94025,Business/Group/Organization,175,Benbow  Reginald for Baltimore,Media,Online Advertising,NA,Debit Card,NA,Electoral,NA,NA
2021-07-23,Facebook  Inc.,FaceBook,1 Hacker Way  Menlo Park  California 94025,Business/Group/Organization,175,Shuman  Eve T. Friends of,Media,Online Advertising,NA,Debit Card,NA,Electoral,NA,NA
2021-08-15,Facebook  Inc,FaceBook,1601 Willow Road  Menlo Park  California 94025,Business/Group/Organization,200.28,Benbow  Reginald for Baltimore,Media,Online Advertising,NA,Debit Card,NA,Electoral,NA,NA
2021-09-15,Facebook  Inc,FaceBook,1601 Willow Road  Menlo Park  California 94025,Business/Group/Organization,21.16,Benbow  Reginald for Baltimore,Media,Online Advertising,NA,Debit Card,NA,Electoral,NA,NA
2021-10-12,Facebook  Inc,FaceBook,1601 Willow Road  Menlo Park  California 94025,Business/Group/Organization,250,Benbow  Reginald for Baltimore,Media,Online Advertising,NA,Debit Card,NA,Electoral,NA,NA
2022-06-23,Facebook  Inc.,FaceBook,1 Facebook Way  Menlo Park  California 94025,Business/Group/Organization,100,Mink  Kristin Friends of,Media,Online Advertising,NA,Debit Card,NA,Electoral,NA,NA
2022-06-27,Facebook  Inc.,FaceBook,1 Facebook Way  Menlo Park  California 94025,Business/Group/Organization,100,Mink  Kristin Friends of,Media,Online Advertising,NA,Debit Card,NA,Electoral,NA,NA
2022-04-27,Facebook,FaceBook,1 Facebook Way  Menlo Park  California 94025,Business/Group/Organization,25,Balcombe  Marilyn Friends,Media,Online Advertising,NA,Debit Card,NA,Electoral,NA,NA
2022-01-11,Facebook,FaceBook,1 Hacker Way  Menlo Park  California 94025,Business/Group/Organization,34.82,Alton  Gregory Committee to Elect,Media,Online Advertising,NA,Debit Card,NA,Electoral,NA,NA
2022-07-22,FACEBOOK,FaceBook,1 Hacker Way  Menlo Park  California 94025,Business/Group/Organization,378.63,Lisanti  Mary Ann Friends Of,Media,Online Advertising,NA,Debit Card,NA,Electoral,NA,NA
2022-05-02,Facebook,FaceBook,1 Facebook Way  Menlo Park  California 94025,Business/Group/Organization,9.12,Balcombe  Marilyn Friends,Media,Online Advertising,NA,Debit Card,NA,Electoral,NA,NA
2021-09-22,Facebook,FaceBook,1601 Willow Road  Menlo Park  California 94025,Business/Group/Organization,900,Franchot  Peter Friends Of,Media,Online Advertising,NA,Debit Card,NA,Electoral,NA,NA
2022-08-01,FACEBOOK INC,FaceBook,1 Hacker Way  Menlo Park  California 94025,Business/Group/Organization,246.16,Martinez  Ashanti  Friends of,Media,Online Advertising,NA,Debit Card,NA,Electoral,NA,NA
2021-09-20,Facebook,FaceBook,1601 Willow Road  Menlo Park  California 94025,Business/Group/Organization,900,Franchot  Peter Friends Of,Media,Online Advertising,NA,Debit Card,NA,Electoral,NA,NA
2021-06-10,Facebook  Inc.,FaceBook,1 Facebook Way  Menlo Park  California 94025,Business/Group/Organization,7,Mink  Kristin Friends of,Media,Online Advertising,NA,Debit Card,NA,Electoral,NA,NA
2021-06-11,Facebook  Inc.,FaceBook,1 Facebook Way  Menlo Park  California 94025,Business/Group/Organization,10,Mink  Kristin Friends of,Media,Online Advertising,NA,Debit Card,NA,Electoral,NA,NA
2022-07-20,Facebook,FaceBook,1 Hacker Way  Menlo Park  California 94025,Business/Group/Organization,75,Barrett  Stephen for Frederick,Media,Online Advertising,NA,EFT,NA,Electoral,NA,NA
2022-07-25,Facebook,FaceBook,1 Hacker Way  Menlo Park  California 94025,Business/Group/Organization,4.02,Barrett  Stephen for Frederick,Media,Online Advertising,NA,EFT,NA,Electoral,NA,NA
2022-08-07,Facebook  Inc.,FaceBook,1 Facebook Way  Menlo Park  California 94025,Business/Group/Organization,79.52,Mink  Kristin Friends of,Media,Online Advertising,NA,Debit Card,NA,Electoral,NA,NA
2021-09-20,Facebook,FaceBook,1601 Willow Road  Menlo Park  California 94025,Business/Group/Organization,900,Franchot  Peter Friends Of,Media,Online Advertising,NA,Debit Card,NA,Electoral,NA,NA
2021-09-20,Facebook,FaceBook,1601 Willow Road  Menlo Park  California 94025,Business/Group/Organization,900,Franchot  Peter Friends Of,Media,Online Advertising,NA,Debit Card,NA,Electoral,NA,NA
2021-09-27,Facebook,FaceBook,1601 Willow Road  Menlo Park  California 94025,Business/Group/Organization,900,Franchot  Peter Friends Of,Media,Online Advertising,NA,Debit Card,NA,Electoral,NA,NA
2021-10-01,Facebook,FaceBook,1601 Willow Road  Menlo Park  California 94025,Business/Group/Organization,900,Franchot  Peter Friends Of,Media,Online Advertising,NA,Debit Card,NA,Electoral,NA,NA
2022-01-04,Facebook,FaceBook,1601 Willow Road  Menlo Park  California 94025,Business/Group/Organization,65.96,Franchot  Peter Friends Of,Media,Online Advertising,NA,Debit Card,NA,Electoral,NA,NA
2021-10-04,Facebook,FaceBook,1601 Willow Road  Menlo Park  California 94025,Business/Group/Organization,900,Franchot  Peter Friends Of,Media,Online Advertising,NA,Debit Card,NA,Electoral,NA,NA
2021-07-19,Facebook,FaceBook,1601 Willow Road  Menlo Park  California 94025,Business/Group/Organization,731.04,Franchot  Peter Friends Of,Media,Online Advertising,NA,Debit Card,NA,Electoral,reimbursement to Tidemore  LLC,NA
2022-01-31,Facebook Inc,FaceBook,1601 Willow Road  Menlo Park  California 94025,Business/Group/Organization,456.8,Brooks  Brandy Power Posse,Media,Online Advertising,NA,Credit Card/MasterCard,NA,Electoral,NA,NA
2022-02-28,Facebook,FaceBook,1 Hacker Way  Menlo  California 94025,Business/Group/Organization,423.06,Brooks  Brandy Power Posse,Media,Online Advertising,NA,Debit Card,NA,Electoral,NA,NA
2022-04-01,Facebook,FaceBook,1 Hacker Way  Menlo  California 94025,Business/Group/Organization,415.35,Brooks  Brandy Power Posse,Media,Online Advertising,NA,Debit Card,NA,Electoral,NA,NA
2022-04-30,Facebook,FaceBook,1 Hacker Way  Menlo  California 94025,Business/Group/Organization,199.99,Brooks  Brandy Power Posse,Media,Online Advertising,NA,Debit Card,NA,Electoral,NA,NA
2022-03-22,Facebook Inc.,FaceBook,1 Hacker Way  Menlo Park  California 94025,Business/Group/Organization,55.76,Herd  Ian Citizens For,Media,Online Advertising,NA,Debit Card,NA,Electoral,NA,NA
2022-03-14,Facebook Inc.,FaceBook,1 Hacker Way  Menlo Park  California 94025,Business/Group/Organization,75,Herd  Ian Citizens For,Media,Online Advertising,NA,Debit Card,NA,Electoral,NA,NA
2022-02-03,facebook,FaceBook,1 Hacker Way  Menlo  California 94025,Business/Group/Organization,5,Hall  Steven for Sheriff,Media,Online Advertising,NA,Debit Card,NA,Electoral,NA,NA
2022-03-03,facebook,FaceBook,1 Hacker Way  Menlo  California 94025,Business/Group/Organization,5,Hall  Steven for Sheriff,Media,Online Advertising,NA,Debit Card,NA,Electoral,NA,NA
2022-04-04,facebook,FaceBook,1 Hacker Way  Menlo  California 94025,Business/Group/Organization,5,Hall  Steven for Sheriff,Media,Online Advertising,NA,Debit Card,NA,Electoral,NA,NA
2022-02-09,FACEBOOK INC.,FaceBook,1601 Willow Road  Menlo Park  California 94025,Business/Group/Organization,6,Fava  (Raymond) Freedom For,Media,Online Advertising,NA,Debit Card,NA,Electoral,Digital Marketing,NA
2022-02-10,FACEBOOK INC.,FaceBook,1601 Willow Road  Menlo Park  California 94025,Business/Group/Organization,11,Fava  (Raymond) Freedom For,Media,Online Advertising,NA,Debit Card,NA,Electoral,Digital Marketing,NA
2022-02-11,FACEBOOK INC.,FaceBook,1601 Willow Road  Menlo Park  California 94025,Business/Group/Organization,7,Fava  (Raymond) Freedom For,Media,Online Advertising,NA,Debit Card,NA,Electoral,Digital Marketing,NA
2022-02-14,FACEBOOK INC.,FaceBook,1601 Willow Road  Menlo Park  California 94025,Business/Group/Organization,25,Fava  (Raymond) Freedom For,Media,Online Advertising,NA,Debit Card,NA,Electoral,Digital Marketing,NA
2022-02-15,FACEBOOK INC.,FaceBook,1601 Willow Road  Menlo Park  California 94025,Business/Group/Organization,15,Fava  (Raymond) Freedom For,Media,Online Advertising,NA,Debit Card,NA,Electoral,Digital Marketing,NA
2022-02-17,FACEBOOK INC.,FaceBook,1601 Willow Road  Menlo Park  California 94025,Business/Group/Organization,25,Fava  (Raymond) Freedom For,Media,Online Advertising,NA,Debit Card,NA,Electoral,Digital Marketing,NA
2022-02-22,FACEBOOK INC.,FaceBook,1601 Willow Road  Menlo Park  California 94025,Business/Group/Organization,11,Fava  (Raymond) Freedom For,Media,Online Advertising,NA,Debit Card,NA,Electoral,Digital Marketing,NA
2022-03-22,FACEBOOK INC.,FaceBook,1601 Willow Road  Menlo Park  California 94025,Business/Group/Organization,15.9,Fava  (Raymond) Freedom For,Media,Online Advertising,NA,Debit Card,NA,Electoral,Digital Marketing,NA
2022-07-23,Facebook,FaceBook,1 Facebook Way  Menlo Park  California 94025,Business/Group/Organization,156.05,Wikner  Ben for County Council D7,Media,Online Advertising,NA,Debit Card,NA,Electoral,NA,NA
2022-07-01,Facebook Campaign,FaceBook,1 Hacker Way  Menio Park  California 94025,Business/Group/Organization,73.7,Brooks  David Authority of Citizens for,Media,Online Advertising,NA,Debit Card,NA,Electoral,NA,NA
2022-05-08,Facebook,FaceBook,1601 Willow Road  Menlo Park  California 94025,Business/Group/Organization,175,Harvey  Derek Vote,Media,Online Advertising,NA,Debit Card,NA,Electoral,NA,NA
2022-04-29,Facebook,FaceBook,1 Hacker Way  Meno Park  California 94025,Business/Group/Organization,10,Dappert  Michele Committee to Elect,Media,Online Advertising,NA,Debit Card,NA,Electoral,NA,NA
2022-05-02,Facebook,FaceBook,1 Hacker Way  Meno Park  California 94025,Business/Group/Organization,10,Dappert  Michele Committee to Elect,Media,Online Advertising,NA,Debit Card,NA,Electoral,NA,NA
2022-05-02,Facebook,FaceBook,1 Hacker Way  Meno Park  California 94025,Business/Group/Organization,10,Dappert  Michele Committee to Elect,Media,Online Advertising,NA,Debit Card,NA,Electoral,NA,NA
2022-05-03,Facebook,FaceBook,1 Hacker Way  Meno Park  California 94025,Business/Group/Organization,15,Dappert  Michele Committee to Elect,Media,Online Advertising,NA,Debit Card,NA,Electoral,NA,NA
2022-05-04,Facebook,FaceBook,1 Hacker Way  Meno Park  California 94025,Business/Group/Organization,15,Dappert  Michele Committee to Elect,Media,Online Advertising,NA,Debit Card,NA,Electoral,NA,NA
2022-05-05,Facebook,FaceBook,1 Hacker Way  Meno Park  California 94025,Business/Group/Organization,25,Dappert  Michele Committee to Elect,Media,Online Advertising,NA,Debit Card,NA,Electoral,NA,NA
2022-05-09,Facebook,FaceBook,1 Hacker Way  Meno Park  California 94025,Business/Group/Organization,35,Dappert  Michele Committee to Elect,Media,Online Advertising,NA,Debit Card,NA,Electoral,NA,NA
2022-05-11,Facebook,FaceBook,1 Hacker Way  Meno Park  California 94025,Business/Group/Organization,50,Dappert  Michele Committee to Elect,Media,Online Advertising,NA,Debit Card,NA,Electoral,NA,NA
2022-05-23,Facebook,FaceBook,1 Hacker Way  Meno Park  California 94025,Business/Group/Organization,75,Dappert  Michele Committee to Elect,Media,Online Advertising,NA,Debit Card,NA,Electoral,NA,NA
2022-05-26,Facebook,FaceBook,1 Hacker Way  Meno Park  California 94025,Business/Group/Organization,26.52,Dappert  Michele Committee to Elect,Media,Online Advertising,NA,Debit Card,NA,Electoral,NA,NA
2022-06-07,Facebook,FaceBook,1 Hacker Way  Meno Park  California 94025,Business/Group/Organization,75,Dappert  Michele Committee to Elect,Media,Online Advertising,NA,Debit Card,NA,Electoral,NA,NA
2022-04-25,FACEBOOK,FaceBook,1 Hacker Way  Menlo Park  California 94025,Business/Group/Organization,40.07,Jianning   Zeng Friends of Dr.,Media,Online Advertising,NA,Debit Card,NA,Electoral,NA,NA
2022-06-14,facebook,FaceBook,1 Hacker Way  Menlo Park  California 94025,Business/Group/Organization,10,Belcastro  Lisa Friends of,Media,Online Advertising,NA,Debit Card,NA,Electoral,NA,NA
2022-07-01,facebook,FaceBook,1 Hacker Way  Menlo Park  California 94025,Business/Group/Organization,60,Belcastro  Lisa Friends of,Media,Online Advertising,NA,Debit Card,NA,Electoral,NA,NA
2022-06-06,Facebook,FaceBook,1 Hacker Way  Menlo  California 94022,Business/Group/Organization,5000,WFP National Pac - Non-Contribution Account,Media,Online Advertising,PERRY PAYLOR - SUPPORT,Wire Transfer,NA,Electoral,NA,NA
2022-06-06,Facebook,FaceBook,1 Hacker Way  Menlo  California 94022,Business/Group/Organization,5000,WFP National Pac - Non-Contribution Account,Media,Online Advertising,AISHA BRAVEBOY - SUPPORT,Wire Transfer,NA,Electoral,NA,NA
2022-04-18,Facebook,FaceBook,1 Hacker Way  Menlo Park  California 94025,Business/Group/Organization,5,Yang  Julie Friends of,Media,Online Advertising,NA,Debit Card,NA,Electoral,NA,NA
2022-04-18,Facebook,FaceBook,1 Hacker Way  Menlo Park  California 94025,Business/Group/Organization,7,Yang  Julie Friends of,Media,Online Advertising,NA,Debit Card,NA,Electoral,NA,NA
2022-05-13,Facebook,FaceBook,1 Hacker Way  Menlo Park  California 94025,Business/Group/Organization,15,Yang  Julie Friends of,Media,Online Advertising,NA,Debit Card,NA,Electoral,NA,NA
2022-04-20,Facebook,FaceBook,1 Hacker Way  Menlo Park  California 94025,Business/Group/Organization,10,Yang  Julie Friends of,Media,Online Advertising,NA,Debit Card,NA,Electoral,NA,NA
2022-04-22,Facebook,FaceBook,1 Hacker Way  Menlo Park  California 94025,Business/Group/Organization,5.05,Yang  Julie Friends of,Media,Online Advertising,NA,Debit Card,NA,Electoral,NA,NA
2022-05-20,Facebook,FaceBook,1 Hacker Way  Menlo Park  California 94025,Business/Group/Organization,25,Yang  Julie Friends of,Media,Online Advertising,NA,Debit Card,NA,Electoral,NA,NA
2022-05-23,Facebook,FaceBook,1 Hacker Way  Menlo Park  California 94025,Business/Group/Organization,3.7,Yang  Julie Friends of,Media,Online Advertising,NA,Debit Card,NA,Electoral,NA,NA
2022-05-25,Facebook,FaceBook,1 Hacker Way  Menlo Park  California 94025,Business/Group/Organization,25,Yang  Julie Friends of,Media,Online Advertising,NA,Debit Card,NA,Electoral,NA,NA
2022-05-31,Facebook,FaceBook,1 Hacker Way  Menlo Park  California 94025,Business/Group/Organization,35,Yang  Julie Friends of,Media,Online Advertising,NA,Debit Card,NA,Electoral,NA,NA
2022-05-16,Facebook,FaceBook,1601 S California Ave  Palo Alto  California 94304,Business/Group/Organization,100,Glass  Evan Neighbors of,Media,Online Advertising,NA,EFT,NA,Electoral,NA,NA
2021-03-09,Facebook,FaceBook,1601 Willow Road  Menlo Park  California 94025,Business/Group/Organization,75,Republican State Central Committee Of Maryland,Media,Online Advertising,NA,Debit Card,NA,Administrative,NA,NA
2021-03-09,Facebook,FaceBook,1601 Willow Road  Menlo Park  California 94025,Business/Group/Organization,50,Republican State Central Committee Of Maryland,Media,Online Advertising,NA,Debit Card,NA,Administrative,NA,NA
2021-03-09,Facebook,FaceBook,1601 Willow Road  Menlo Park  California 94025,Business/Group/Organization,35,Republican State Central Committee Of Maryland,Media,Online Advertising,NA,Debit Card,NA,Administrative,NA,NA
2021-03-09,Facebook,FaceBook,1601 Willow Road  Menlo Park  California 94025,Business/Group/Organization,25,Republican State Central Committee Of Maryland,Media,Online Advertising,NA,Debit Card,NA,Administrative,NA,NA
2021-03-09,Facebook,FaceBook,1601 Willow Road  Menlo Park  California 94025,Business/Group/Organization,25,Republican State Central Committee Of Maryland,Media,Online Advertising,NA,Debit Card,NA,Administrative,NA,NA
2021-03-09,Facebook,FaceBook,1601 Willow Road  Menlo Park  California 94025,Business/Group/Organization,25,Republican State Central Committee Of Maryland,Media,Online Advertising,NA,Debit Card,NA,Administrative,NA,NA
2021-04-05,Facebook,FaceBook,1601 Willow Road  Menlo Park  California 94025,Business/Group/Organization,14.43,Republican State Central Committee Of Maryland,Media,Online Advertising,NA,Debit Card,NA,Administrative,NA,NA
2022-04-25,Facebook  Inc.,FaceBook,1601 Willow Rd  Menlo Park  California 94025,Business/Group/Organization,20,Albornoz  Gabriel Ivan For Council,Media,Online Advertising,NA,Check,NA,Electoral,Online advertising,NA
2022-05-19,Facebook  Inc.,FaceBook,1601 Willow Rd  Menlo Park  California 94025,Business/Group/Organization,25,Albornoz  Gabriel Ivan For Council,Media,Online Advertising,NA,Check,NA,Electoral,Online Advertising,NA
2022-04-05,FACEBOOK,FaceBook,1 Hacker Way  Menlo Park  California 94025,Business/Group/Organization,30,Jianning   Zeng Friends of Dr.,Media,Online Advertising,NA,EFT,NA,Electoral,NA,NA
2022-02-09,Facebook,FaceBook,1601 Willow Rd  Menlo Park  California 94025,Business/Group/Organization,10,Stewart  Kate Vote,Media,Online Advertising,NA,Debit Card,NA,Electoral,NA,NA
2022-02-11,Facebook,FaceBook,1601 Willow Rd  Menlo Park  California 94025,Business/Group/Organization,10,Stewart  Kate Vote,Media,Online Advertising,NA,Debit Card,NA,Electoral,NA,NA
2022-02-15,Facebook,FaceBook,1601 Willow Rd  Menlo Park  California 94025,Business/Group/Organization,5,Stewart  Kate Vote,Media,Online Advertising,NA,Debit Card,NA,Electoral,NA,NA
2022-06-27,Facebook  Inc.,FaceBook,1601 Willow Rd  Menlo Park  California 94025,Business/Group/Organization,50,Albornoz  Gabriel Ivan For Council,Media,Online Advertising,NA,Check,NA,Electoral,NA,NA
2022-06-27,Facebook  Inc.,FaceBook,1601 Willow Rd  Menlo Park  California 94025,Business/Group/Organization,75,Albornoz  Gabriel Ivan For Council,Media,Online Advertising,NA,Check,NA,Electoral,NA,NA
2022-06-29,Facebook  Inc.,FaceBook,1601 Willow Rd  Menlo Park  California 94025,Business/Group/Organization,125,Albornoz  Gabriel Ivan For Council,Media,Online Advertising,NA,Check,NA,Electoral,NA,NA
2022-06-12,Facebook  Inc.,FaceBook,1 Facebook Way  Menlo Park  California 94025,Business/Group/Organization,100,Mink  Kristin Friends of,Media,Online Advertising,NA,Debit Card,NA,Electoral,NA,NA
